cookie_id,score
ck_315fb710a0e371e7,0.001320120236369412
ck_a76ee3b3e3e522fd,0.12702356338531912
ck_94c9a4d382689e82,0.03795622396348546
ck_8eaf9509ad9462a0,0.001297960197865113
ck_9a88a5a989cb5bc6,0.01655661987001449
ck_15239ef0689c1a35,0.010159099821678924
ck_8de69cd219d3b87f,0.2867515859782477
ck_f92cd37022b0ce21,0.025029875661691507
ck_1a3ff7620580a514,0.010809139597877718
ck_397c03aa33a57310,0.2418384436118715
ck_a7cf6c3b322f6b7a,0.009824571771621654
ck_c39a9e75760e3201,0.004630626132891213
ck_88ab6d245228c38e,0.000695211947058464
ck_17733f75ebdea93e,0.003112426648781596
ck_58eb871e8d7bed52,0.04011103490583699
ck_e55b7fa67db1ec27,0.0024557704289592894
ck_62f5cfe22c952694,0.012144320174949829
ck_7fbb709a0fe95759,0.0038232966436683065
ck_87abe9cd066a20fb,0.04972868467655104
ck_d58e058b5c553dd5,0.0051449739640546995
ck_d27b872648b71202,0.0032342928246297258
ck_4b4a3c5b95c55b43,0.0010485614237328031
ck_66dd4f4b4127256d,0.002152349287310398
ck_93cc12703b500613,0.07454175336786312
ck_d28806a2179092eb,0.99022153710994
ck_0595c2a0c7881e05,0.013921149838620367
ck_50087d8666191144,0.14514398407475823
ck_b08b3f089138c901,0.021235524559218035
ck_fe3b67041dad2dd1,0.0017978328672651014
ck_8449a28f7d475d93,0.027006134353429002
ck_8642e3b6d84f49d3,0.011462589053880527
ck_e49b5e4f2f2e79db,0.5653071905802616
ck_437afe412ea4259c,0.02965303970172121
ck_569b83668d74042d,0.9088043415930294
ck_233a487d31c3e631,0.9939192496111775
ck_1fca72e03143a645,0.9033724270656909
ck_79205e31223df2ad,0.021637864607011795
ck_9625a64406ea16e3,0.0038648572736057684
ck_079bd18dacb704a8,0.09290415094135031
ck_4db6d4fd2b49aa81,0.029746902362821438
ck_0dbefdac0a1868fb,0.0028109025821364264
ck_24ff97ad90bdd69a,0.08592857803669264
ck_77f8c5042065d506,0.006756365855020065
ck_f11be8ce05382cec,0.024120984956543516
ck_c9d72140b0389216,0.0326469211478331
ck_69eda24e931fb36a,0.0010106998126683394
ck_ed471e496916ee15,0.0041466655411644595
ck_ff090498c4b17ac3,0.004917875647690881
ck_c3c19d6a0720915c,0.002423480309133701
ck_af02e1817cfa40b5,0.035149471305232216
ck_2df5a9fc87553eb1,0.005928714586629006
ck_4ac918e884cff336,0.041800782452044404
ck_ca149244b54ef3ad,0.0008027373141156916
ck_6babe5b8674ff51f,0.015494804466575205
ck_1573878386886290,0.007385927631301763
ck_3925f8565abb7fe4,0.0034201569845732473
ck_c4de808ae69c771f,0.0008927030359221478
ck_a777c813551281fe,0.01446953210495501
ck_df4424f6dd85080d,0.10277229724336057
ck_85e5494ec20383ae,0.03392011532997351
ck_f71a4094e889c3af,0.003745715411521847
ck_f2f3cf9cd23b2809,0.0392862874994122
ck_18e2076397bcc211,0.02493987693266602
ck_c9f9fddef39bc664,0.02744830001655666
ck_7e826e233d6ea028,0.0021162772677917477
ck_62fd7eb46bee9210,0.011935097596056333
ck_206f8e3cd72768f3,0.04414642175846981
ck_aa295a11b0a6ab36,0.009550157598671146
ck_9a56739d81f84a53,0.005214670115688036
ck_aa075c418ed9fe5a,0.03616559784789139
ck_62b9fb3db284941b,0.01108340191929422
ck_f4f83b1403ebea46,0.022769243590076323
ck_16b66bd803288bc3,0.32651222119108214
ck_c4ca1434f3778f1d,0.9939437523671724
ck_1b823610371a29c0,0.007881305961701638
ck_c2bd5a722aa637d9,0.007505285996081282
ck_7890208951df34f0,0.016049360044884088
ck_020eb0e454524ecd,0.0028907940887125914
ck_3b66196ccf436c35,0.007200735448819579
ck_109fc467ec0a4af5,0.09372529457137
ck_f3dcd818db92de7b,0.03143373860457496
ck_31e7742f160980ef,0.029855284446021337
ck_77fce5f86f00b8f4,0.26529072068502557
ck_46bc797b4d07d607,0.003595530549208889
ck_37899b1b571b1c6b,0.00970587113399091
ck_ef8a6af43fedd464,0.0037904105544058113
ck_bcc8519fe8521038,0.05172272775892705
ck_90696b7182dd9129,0.011085228711490334
ck_4a24ad61d017e1ba,0.024811250198890807
ck_0acc3d8c67218b9d,0.005557296916406595
ck_05c97fc9de11aba6,0.18127727253236559
ck_f8ac3a0500c0ec62,0.005837171151244552
ck_617b65141f546a1c,0.0051424907256024605
ck_9d00823bf60388d7,0.023212118230461824
ck_123c15d93f1840f2,0.13746968643502128
ck_573feefba6bf78bb,0.050067371241896697
ck_b25657bd16739036,0.00427101910218631
ck_bd26d2bef14a8597,0.005315407690651219
ck_a553418f2fba1440,0.016565362862281458
ck_89f3e380b0686963,0.009524827246261674
ck_b359192aa659bdce,0.015892434240163587
ck_02241f3dc301bebf,0.01424753849766059
ck_5ccc1a1c78cb33ee,0.07240207663457104
ck_349cc5edda1b8853,0.04594080755755856
ck_e9f228845bf6e28b,0.06702935043113917
ck_0a45d033d4e280ea,0.034283152954842716
ck_7e63168dda612235,0.005049402008083775
ck_676fa5f6aae5475b,0.009673397876836635
ck_74b502b20690ccfe,0.008459758990975369
ck_073509af21dd7f5f,0.28593194501665087
ck_498a0acd450944d8,0.00264405277046131
ck_7f15b50b29dead01,0.035333580776952526
ck_8089fe7403c5f537,0.016508967472934816
ck_05b2b04e11d9ae9c,0.020546615019549134
ck_31e70f2f04b48b88,0.0013749362623782094
ck_994316fa5a02b319,0.001998499743561114
ck_b76510998b9a2260,0.01578151494348336
ck_4db95c310e105d30,0.003590656826451942
ck_6f730b77dc6cdb84,0.0075850697869534345
ck_2493ee8e7b91d304,0.03844143498140945
ck_92d679d6ac7dcdcb,0.07829898485060585
ck_3a0e0200cbb185cb,0.012556324303332169
ck_0b2eeb4e00ff7955,0.03156109547384057
ck_9843d0e61c37ebe8,0.9932286117354836
ck_e61c8721e3ef1921,0.004887679478672153
ck_2e0eedaaf2980c2c,0.006066030336003304
ck_9036b2e5e9298a34,0.0046955040694788425
ck_3265442528d51728,0.009332785142773222
ck_f2ddae2eb1cb29b4,0.007294890034452792
ck_6cfa71d27fc27f92,0.008523020610499803
ck_f3199fbe84a28b9a,0.011067348875021983
ck_b78d785ca3ef773a,0.007379771212098423
ck_374865697f1480eb,0.0388287959153378
ck_06d0e4a9189302a9,0.029338263316766013
ck_9c9884b9bcaa552e,0.20883433162163523
ck_fd4cf578e87703ff,0.01966777626962396
ck_1917ef3e6e345549,0.08419611843140112
ck_e70418b00cbbbac9,0.03871641360413181
ck_a60388296a47062c,0.0432500320781394
ck_d598fe8d2c779ab9,0.00847904002023942
ck_646dc03de4c31803,0.8968327599699583
ck_e4fd8cbd842b6993,0.004939385909545107
ck_2225b555aa2a42ed,0.028763836091152316
ck_6be8ae9d78148882,0.005609187337649275
ck_4199342d3aca74e8,0.05246704329934132
ck_779581adb573261f,0.01506203703609225
ck_bb303568b6915205,0.054378684757680054
ck_17c4296276448afe,0.00489634274183504
ck_a60a61ac829252a0,0.010571161778457553
ck_6ea70950c1cae00b,0.8561664195360402
ck_1abb93f6924645e1,0.03584271466604696
ck_faab769cce19879a,0.05976445045523654
ck_d5b8e74e7ca6355a,0.023284174873636182
ck_f11f7691af16ad07,0.0012245985277000075
ck_188fdf2be7c92e9d,0.9969327438886992
ck_4a103f8254b366f7,0.012359520153470046
ck_bfa17a0b1760e616,0.0017626599902013694
ck_a4d7f6a5869d440a,0.9652001295672403
ck_58e20f5a3e7f11b8,0.7811550811254904
ck_4becdd3d2696c7ba,0.0063885506355333185
ck_dad5cf32ab9f243f,0.004220580780061039
ck_7d9f73dc7c4f90c3,0.1390190463237596
ck_c19371047a2d011d,0.002233711587445369
ck_247589ff532f7aa8,0.004311846800863351
ck_7a9f241d5f082567,0.002926450729325444
ck_0a2b7078736b4dda,0.0019303692369625578
ck_687b412e2aac7eb6,0.022899372410932782
ck_fce0b6855886a0b8,0.025615895375941666
ck_e291cc60920456d0,0.11143610085110323
ck_04219a7ea798db51,0.04997923312015432
ck_286bfd719836e9f3,0.09232698910780475
ck_55efc92394fee232,0.008671509075969612
ck_e36c8da1bd359960,0.03926587278216681
ck_34b0988a97d96902,0.00845123569850647
ck_e0fb11fc9dcb34e6,0.005130377644472783
ck_bcc9cbc9ed8b7c31,0.015144845781143147
ck_3df8da6f60a89a5b,0.05509528880618562
ck_b1495ee5c59a6b28,0.014715003503357978
ck_58f4c3ac61fda129,0.05196815756988783
ck_735f244b99e3aa8d,0.015337619492582862
ck_6b93bd8abf87b1d6,0.7187948530873065
ck_12107dacc6d05bd1,0.0017137735898517564
ck_f96db2a1f3448d1f,0.012896712069429706
ck_8fd91a3c99e19097,0.008836488976383243
ck_910205d25388a0ae,0.0007398831397944027
ck_d229dfa0e4442628,0.0030832062043036615
ck_7cdec61e1c488798,0.038667744532182566
ck_f66f06e24ff32671,0.016210264981914184
ck_350bf14e90b503f5,0.008584072460662793
ck_61fff5fdaadd394b,0.00569328354961918
ck_e934f984bad2ff91,0.42482668624566805
ck_ff6a6d3547dd2d37,0.010294617800808873
ck_65ad9b15979e3247,0.011636900181012662
ck_bbe1a2ea5a403ad8,0.17937489176632218
ck_6f3a28eecd2c4031,0.007984542665850728
ck_a89b66665714058f,0.01262785518549237
ck_918c92182b6817cd,0.03206798285132797
ck_64f5eb4be9e7b8fa,0.21757639164753892
ck_d021fd497ea35fb2,0.020640589389027877
ck_004de16f7d8a42ae,0.01973661394410063
ck_a33d2325f86ab12d,0.01161817186967202
ck_89790ff26c844bc6,0.006628571411663392
ck_e6e7257377c37b28,0.07774293133268392
ck_a2cc3910a641a808,0.8402195398024281
ck_646e270e0195bf05,0.008189038435883075
ck_baba5d66def0d770,0.1379340968884985
ck_67cdcdda3033842d,0.013322398786134438
ck_b5c3075c811a2216,0.04836142916059921
ck_515379973a8044b8,0.003930217955334587
ck_c0ce85fb4109567d,0.019777742200676116
ck_fef850553862aaca,0.002565637788753867
ck_55d7217b0aff9fa2,0.008972149516604213
ck_8e139f8925ef7968,0.005891013583768206
ck_9e35b908fca1e4d7,0.0029902823753388385
ck_59735f4ab2ad3da5,0.019276543046330783
ck_dc569c1167ccec0d,0.6508902495537618
ck_1dade5592f90a15c,0.02691358130049789
ck_793048d11fb8b328,0.12211080390695597
ck_545b71eb4fa594b5,0.003842058369374796
ck_bd30853e9a57b544,0.009412968335973689
ck_59f46321ecf6d306,0.013033455080518083
ck_260cfe9141d249f1,0.1220421988801983
ck_3365a0ad1a8aa83c,0.005446270311743892
ck_b0ef193195a2138b,0.0030991762951416315
ck_0f909705e2e60f2f,0.0030980990438545693
ck_5a540b75c866166a,0.008340965605439494
ck_87c26b2f41025109,0.9922775864944391
ck_27acc9f320cda104,0.18398778045025638
ck_a27bc31eecd9cb9a,0.01876773426974816
ck_115d86fabde77b65,0.0009886377908026307
ck_eeca179341d56f8a,0.7442604020757706
ck_8e5999c436cf037e,0.0013053013162978547
ck_510e7c5df1f95d90,0.9968360236605023
ck_f1acf73363925958,0.018939983071718257
ck_3c177f5970b68bd3,0.004268502973792169
ck_9cdfaa1c30cc9d32,0.0010535712249014684
ck_c8efa1538b37c359,0.008157901617212323
ck_a8a2e296f9804bd7,0.016976023901342587
ck_91a0ca45f429568d,0.017047573010177335
ck_5fdf8a0bdbd3ed62,0.01766707609073635
ck_0f4e2ec66d50da5f,0.003993412152653501
ck_28c53b214b2ee882,0.23862633548361226
ck_003148504557f720,0.13956865916310238
ck_01d840cffb870615,0.32328431898125565
ck_555848d51f4b5f35,0.04644341505967975
ck_df20cc23b8fb8e22,0.013703567239838016
ck_f9604adde929beff,0.003986056256356027
ck_d66952b03591bdec,0.006975558049231036
ck_ddcac1ab765ff61a,0.015585922059560482
ck_347386629d96c664,0.021806003290646178
ck_ab01db9117acfe3d,0.007404901977935625
ck_58e5359efc52e0ad,0.004967586892201064
ck_1a524b5cc8da71b3,0.113995081535995
ck_e9287b6d909d731f,0.005472606611523235
ck_bb41a66e3d90263b,0.1540502712506251
ck_e95c8cc1864bd584,0.00552504271234717
ck_7a3f2961e9a8b6dc,0.0067548754095741025
ck_378a9df82b1e0bee,0.2654131749025532
ck_42633573639a3f02,0.9655936482841917
ck_2a5a4c18c2c7274b,0.007099893231359796
ck_77549c1a41f837c3,0.013835096063662207
ck_a26704b5b26258b7,0.019705711142217426
ck_9874ad160efddf50,0.00384531353278594
ck_9111e3a04b14dfba,0.01930552077178886
ck_651e076ee43aea85,0.0029306835794684983
ck_391639c0f13932f3,0.0013808377190847126
ck_02dbabda93c8c13d,0.018775463557524418
ck_0adcb1fffcb0a34b,0.03534972782149884
ck_7a43ef9c7b1c67b5,0.007325642090841429
ck_4b9dd69946438d0b,0.005667312330297286
ck_90bf017cdd37b66e,0.055046671426229
ck_61c74163eb36556e,0.01404404273421098
ck_13376c59b5bd6943,0.003780599008723197
ck_62337eccb1672737,0.006882463929084679
ck_16077934338472bf,0.0017395108767494926
ck_0d4dfd93086e7330,0.009625516058369768
ck_3865b7525b910893,0.017867056956801044
ck_7e2ae8b69ebd5675,0.004495199917556641
ck_b4384b6c11766ce7,0.009672914590522021
ck_3d7fa32dfb9fc692,0.0940072075740645
ck_f4a6a7cadd6e0603,0.07456930039317833
ck_212525e2828a6c45,0.012370257994518746
ck_33ad8d53394ba77a,0.2527636316987523
ck_a5051eafe8b51224,0.008176825062137157
ck_f65e5ff7da565f91,0.0066564807334590845
ck_5c37f7563fa7591d,0.014016120876282293
ck_f1e0a006068aff29,0.014536624557178647
ck_c646cdead6fb79d0,0.014492841899478134
ck_f8b3cdffef535330,0.061155230417999376
ck_e5cdbe3aa12c97f6,0.00919533170487502
ck_986e4e61440506d0,0.06879460169528771
ck_6da9c5912e15d9a8,0.00404716602603346
ck_51d842e6dae74c71,0.006455882223360585
ck_5fc65c24e0736d5d,0.9187695292898882
ck_babb95a76c69509d,0.015388810538422107
ck_86a2d852a9715432,0.03768194823882829
ck_db4083a0d043def8,0.23365622784122794
ck_96953b8945b7d403,0.018166824070440502
ck_7831ca5c31fb3859,0.16473753899650978
ck_60ac5e5f375daa38,0.005664756315762617
ck_05d44eb1f5f085ce,0.042673344049408
ck_432cc19c7eeaa46e,0.023196296585422327
ck_7fc513033af061af,0.09294421105310857
ck_ada6ede84c111719,0.013263020033551485
ck_6343e0d3b1c2962b,0.014213714757840855
ck_010264ae04f2e902,0.08302106024755153
ck_e9dcf535f8c289eb,0.07596958934021095
ck_37143d9cc296e6fa,0.01280295771096137
ck_61fa051192f3e810,0.03136114424519011
ck_f9f93d1d41be1468,0.7607022504533214
ck_c4f4f28457be8a74,0.0009278705759509017
ck_323a71f9452d21cb,0.6110523704914398
ck_170f4688e0acd875,0.06439119901405428
ck_869b1878d09d230d,0.13438629876681854
ck_2f6b33bf46976229,0.0037727021907765657
ck_b11e22e75d9b99de,0.0014571037062554404
ck_123d75ffb75b606d,0.006339868537521208
ck_94295287a04c85d2,0.0941553111404718
ck_1b0434f096795328,0.0027598042275502866
ck_0a4e191cd0a57ce1,0.0017201053987872465
ck_d2fbd0df99634676,0.017818690262675706
ck_d51df5e9fbbbcc94,0.04103143227027181
ck_2d3d7d64a6f443f8,0.01724497583499953
ck_731943c682c9394e,0.025411861471418582
ck_5ccc0c94e5e1f849,0.027846023454155627
ck_c3476080516db25d,0.014930285682338874
ck_5010ffb1c94187b5,0.002113413194505265
ck_7ef666d67bc70223,0.026099706344942842
ck_c1b493527224a27a,0.00457282264401161
ck_5d1e25d7acc5af9a,0.017556191958077498
ck_ec30b61cbf517db8,0.0020660614841024635
ck_79323eb5d2e5efae,0.007276798585190368
ck_4085cd3bf2661518,0.013685037964956724
ck_2ca91214c357c072,0.23574463307387064
ck_7f3132d6be389657,0.051250187634514416
ck_e7a6b925c8f39a85,0.025075451139339528
ck_c886adec7bac250a,0.026394315883747622
ck_c3f360c2d0ea0a37,0.01364390389239438
ck_a7acd5b015823793,0.013015779643942968
ck_9d64187c0800f84e,0.011099450939887389
ck_5d4ed73b9efd7d11,0.0060573329929559635
ck_874eca6776b34dec,0.003126283185169977
ck_96a9221a87be93c3,0.06725529075862788
ck_68dd79a51eabf5e6,0.031210126992077487
ck_8311cb6755b2016c,0.003651740035398397
ck_16fc77b2bcf5ec03,0.8704917238840042
ck_ad9e2088a33c8c72,0.0007066798004858172
ck_7176bbc97b1e42a1,0.002980230499328286
ck_80dfa54b30f65fff,0.7809767851918552
ck_31c54d540b128843,0.0034649786225402564
ck_43ea894480567274,0.014549087768585512
ck_9c9e8a38bd5a6c88,0.045622528642726576
ck_1c2dcae19539e148,0.07572138642914988
ck_b0fa8b84e94d8ae0,0.006386174578070297
ck_4ceb43ccd0a81c2f,0.008244481238334073
ck_ba845332b730b596,0.002261871828695744
ck_73d3e8c6077f61e6,0.11688108164264899
ck_b5d0d223ef56473f,0.018838765085338948
ck_949f08f8e80e93ea,0.00273718271035698
ck_73de0b49709e5f8c,0.0031862537208209047
ck_b5935e9722a39819,0.03964354780786181
ck_96247fee0eb44420,0.0026680223890152162
ck_a6def1e4b2d57e0d,0.022340065063609752
ck_aecdc5a96321a2d8,0.014299092619400437
ck_bc61c59970f8de49,0.02112705773081935
ck_c43b4175fc9ac5bd,0.45777639785878715
ck_8ff7a9b23a55fd62,0.007638860810169049
ck_20c99b645f462449,0.003654820709394927
ck_a5ce2ae36fb410d9,0.0009015816825503997
ck_96fb9bf556842bbc,0.015542766994363563
ck_b5e4c6dbbed1b773,0.03000102975114635
ck_2085433978e72ea9,0.08676733265346356
ck_2c6b174b063ec637,0.007848087894989813
ck_b20b81b88dabe28d,0.0030383640167229624
ck_243c18dbf150831c,0.0021676865370682122
ck_2bb6a17e8eee35cc,0.04178035696583398
ck_66147fb994495396,0.15271680100594393
ck_73f124f075ede0fc,0.013120297177594022
ck_2e315f1b1e533dab,0.00567789740673596
ck_16c7bf94ed3e7a6f,0.0021101493133733502
ck_4a0eae220a762ac5,0.03459504984801938
ck_dc16f939c2f44ad8,0.0729308685345742
ck_817926b449754917,0.013050410441801915
ck_0c0dde42ab64ef87,0.01709366456476826
ck_cb3a40594da6a2ee,0.05311926699821898
ck_d0dc156441fcfdcb,0.028218577388187418
ck_66f0945add423e9e,0.004842828742244482
ck_a74f6a3030f5d495,0.019321417772278145
ck_1ae460f331e49ae2,0.011981264764962158
ck_2d177b2f4f0b40c9,0.1952045046449537
ck_92e474e4368c4791,0.013655465963598228
ck_3dee83fa2d109484,0.002357143446785047
ck_80e5ea27848069fe,0.0034462451533259337
ck_ed0c4a83701ca230,0.017055617290073134
ck_0b8b7c5c581fd161,0.0018255340544834457
ck_60bf8a2870956fb1,0.01209854259617982
ck_73a54b56a2bf35fe,0.8340080367495517
ck_2296d7a563424883,0.011443783248564177
ck_bc19c383560c7477,0.012838089780684545
ck_861d8e3d88f1079e,0.08208456447231419
ck_3f090fc96c24eb28,0.005613962871737272
ck_9a6a1f8102febfca,0.03407300111407764
ck_541b6ad5d2fa5a39,0.01845091706124492
ck_a760d38d1bc4de97,0.002115991185399055
ck_7dca4d7ee10b4eeb,0.004965170597580967
ck_15220e78d1545e40,0.011715633745195882
ck_ca24bb0de508efb0,0.004831071074954881
ck_56b389627d8f02c5,0.9661422171382781
ck_48a6754977a44db0,0.0038689229010898463
ck_333a43ec339a04cb,0.042524001262907854
ck_f22aacaf86a65d7e,0.04013144174569943
ck_04bd8a1ffaf3ffd8,0.0018136714706980246
ck_2737a72de6b700f3,0.03989441407673276
ck_c35e03b0dd0c3454,0.014427261713230896
ck_e0571312f395cd94,0.016251112672366425
ck_09fab6b9825001b2,0.003813128013579593
ck_18c3a095606209e8,0.012012286164875678
ck_2a97db9377d01e36,0.004562299130576384
ck_f29dbbfdd2786bd1,0.010387212340807177
ck_35d6c510ad29362e,0.3313422382479765
ck_5468fa99c945d785,0.015267209556823046
ck_6f8102f62c876cc9,0.025507946541473824
ck_91955aab3424ad16,0.004289836359287062
ck_9a43c0c73a39d759,0.01887971346922009
ck_60b023af6d1e30bf,0.7341385518575544
ck_9704c5cf8659cedc,0.02987892404444074
ck_7e5f02b51b9f78bf,0.06121264618953083
ck_7d3a88d1aa649708,0.8769402115511776
ck_8250eddc1ecb07a0,0.05227471480977494
ck_d979ef95ee44023d,0.029265944068333966
ck_5e5461dac83531ac,0.006083617443698473
ck_d1bb8890081e0a31,0.011052776956486873
ck_32246c62640648d9,0.001680823432178325
ck_77a40c7d2f862a32,0.02864037371755706
ck_1c8b94efe9238f5b,0.0035128811728414476
ck_eaf3b6d11bc3cb11,0.004126621365119445
ck_a4a7ef3ad799c380,0.013879038618142091
ck_d5bd8f68da073cd8,0.0136620564800368
ck_6e6258227fc8db7f,0.004324962615769451
ck_c35d444e05799db6,0.027141941649035814
ck_74665e1209140ae8,0.017888233818533338
ck_353a272478f7e903,0.010324916523329673
ck_a2c9796ea229a4e2,0.0046801802215065335
ck_e0171f91cb3411fe,0.016091853885477642
ck_703499f5410280f7,0.0017395158880333108
ck_ae3a763997f8f385,0.05761999984678941
ck_f7ff94c3df5ac874,0.0059315391380937235
ck_f3c16d8f747db046,0.04903161140530428
ck_7ef019ed77276496,0.002652539165472771
ck_d6a4faadab58a3de,0.006351556056561212
ck_ba7b78d31d74c794,0.02222051928191001
ck_36287d063350ce9d,0.00711574191840103
ck_5177fc7137ff26ce,0.002309200437569941
ck_dfd4e79aaa967b63,0.006217874444641724
ck_fb44d15fb93a7157,0.043217141372412254
ck_fca478361870a4ca,0.015546600335260244
ck_e57b94fe57341058,0.0344702343148188
ck_5448c946cc4758fe,0.01565358242020307
ck_c5ece5ffb8800ad4,0.010040261601665015
ck_11cb98211b2ed134,0.9513993533130244
ck_f655399ac75c4450,0.029933854110904712
ck_c817259019588d30,0.021059852587319988
ck_8740a14d8096c6e1,0.011677706127082656
ck_0c5ba86f4e05b38d,0.01762874302064898
ck_ccc917533d4b73d4,0.016491292429980625
ck_9eb80edfa43203de,0.005529732622487001
ck_d1a1cf4cf61d6801,0.038606994655720255
ck_b17c239f160e6017,0.014842987572784157
ck_410c3e13b48e0415,0.002662355918186997
ck_ab553954435e8854,0.918361843060895
ck_bdbb4230c91e1604,0.03924401817990821
ck_8fd4937eadd64fb6,0.005679768162119143
ck_e0e90b196bef3c11,0.0029426373369793976
ck_3dc4d464386f0eb2,0.14317858087642654
ck_51bbbf8f8e8ad005,0.9971534181915767
ck_c05737ab74cf03c6,0.05901551375242873
ck_dceabbe04d99afc2,0.000930457716078286
ck_5b86fd14e85bc9c7,0.5391895809161688
ck_d4febf0083800424,0.02226585063194411
ck_77d9f86dcf251739,0.009801754340845204
ck_b4dcebc543deaafb,0.07256936878207497
ck_cb856e75c949b0cc,0.00047167878243642295
ck_61b067de8ffc1ca1,0.017640286341634937
ck_c0e8560ccfd9dd9d,0.005814538719109564
ck_173e1198c341087b,0.005473739905410051
ck_b4d55bc809000276,0.02011603583746628
ck_839bf139296b5cea,0.01964386535305151
ck_78cd402a2a4f2e35,0.0036084065763039206
ck_c2925c50ebacbdba,0.003984350862778473
ck_5e3bc76eddbdb0a6,0.0033093739708742994
ck_b7793edca26fc512,0.014587137650206541
ck_d79bdf04d6f31cd5,0.00800298088181332
ck_4b97d19ed946f503,0.009980687583303496
ck_37139b41c5370523,0.04825524843394429
ck_8c346eeefa9ce692,0.009642068069190048
ck_2ab7eddee2d8c49e,0.0052614749933596345
ck_29da59ea3bffb9d8,0.2002306561467424
ck_c1d05ef0ec6e4be7,0.013899177609573274
ck_3882423b449f6291,0.9351624149716286
ck_5647030283171ed5,0.7049172118060307
ck_efbdcd9c181e72ca,0.007130770648500539
ck_192fdad892782daf,0.07148798076106509
ck_0bf2e13b9f2601ac,0.023211867013531153
ck_3d6046a533057795,0.0073316130135832975
ck_279a1d3a3836e5cc,0.015081600399108764
ck_c375e929becde422,0.012157820752008563
ck_a59e90219939a1f0,0.003489231401150152
ck_4e9fba1ec54c3ff8,0.014117913192112549
ck_bcbd8588a13f5eef,0.0011864395782380179
ck_5f9a7ff990341bdd,0.0023315167210773186
ck_e0403d507519b7d2,0.004102703239071694
ck_c9490cb61aff5112,0.011837678061070155
ck_41dd44308e6a665a,0.1339748809749055
ck_76c23726cd7ca947,0.015851042241604146
ck_9be551300209fa83,0.016125649412700865
ck_a98848eec6c9581e,0.026662151142057194
ck_61176dafb33b2d8a,0.6562153568105624
ck_92de019e05971ce3,0.01595067909816404
ck_5d644224135d7c65,0.012776908224977183
ck_c767fc454fa215d0,0.005391965057294881
ck_5df85a8924e11f27,0.039216463212179364
ck_da2729307af06ed5,0.01638082581767187
ck_7c6b577174af7a78,0.0077727358677295005
ck_893b8afbe11301e1,0.006492174948047223
ck_e06f6fed020ae014,0.009623034612227443
ck_386680372fb54857,0.004240543776117171
ck_7a7f3c4fe0c9d2ca,0.0040010731319819045
ck_f908b527c4db422d,0.029825478981523188
ck_ec2eee6a133e9a6f,0.054882718616780256
ck_d98934f9fe0b02b3,0.003552075706275413
ck_398a1ed77b0130e5,0.008790616676272615
ck_d960af7a55b892b1,0.006484839863564124
ck_4637e54a9f79e2e7,0.002367053244349252
ck_02b9f418524f6650,0.021759724379940053
ck_d4b23804cebb045d,0.008992698709222282
ck_35b1939c48182a9a,0.011248069781133858
ck_2dcbb71e39d64305,0.0255440869901251
ck_47a884dec960ff2d,0.01628730176817939
ck_71fd8c346fde5cca,0.08932997672453233
ck_98e1992ac8e7d2de,0.07337823702099815
ck_ae7780327e210522,0.019881808980752157
ck_e6c584b4b1ad6d9d,0.00551839273783374
ck_344b2e326a6c3dcc,0.00531859894926339
ck_9aa899a5230b0963,0.030724559487927447
ck_e48d14d5b70ef5aa,0.022032220350223588
ck_59d380a0973b3951,0.012167803835698288
ck_11318f7c041a5ba9,0.01542683842965363
ck_7061786fe2f22f5a,0.023743081198687028
ck_e77529651c416cf7,0.011146232290181853
ck_7f79878197340435,0.003805712021353824
ck_b0a0fb0ee9ebf106,0.017231346506527315
ck_70c7679199776a90,0.01920440774030928
ck_b9facd2210daca5c,0.0670095144446893
ck_9949f53c155b8dde,0.006309666170310585
ck_1c607e24f2c4397a,0.05537479544415881
ck_aefd1ce3ce093cbd,0.0010640708522549327
ck_5a29b7018e43280c,0.0018922533871718183
ck_69eb0b2ccfbe5f95,0.016261588587326587
ck_fe037765aa465c58,0.008900019915483837
ck_5e512ef5362a3dd6,0.00484638230507239
ck_544a9e80b7fdc279,0.006274972591026738
ck_7825494e654d5695,0.021935406058107173
ck_f1f2c3c623553f0d,0.0018751338743376038
ck_52730906e5b461eb,0.7025857158932796
ck_01e0689157fe9617,0.27934022267665365
ck_9da82e567074da9d,0.02192312379269158
ck_6a17384072f904c0,0.010795685609829507
ck_8d84d771a21942a7,0.0017942771920721043
ck_39638880292782a7,0.010189551470835665
ck_7d51c86e0eec72ac,0.009817521738944015
ck_45f4c821c70d134f,0.43341539727302464
ck_0af3c13ba56ce57c,0.0021252884469399654
ck_0789a05e061b2784,0.2672691673658352
ck_6ba091eb42ffa9fb,0.08452890078141848
ck_265accb3c5c32620,0.042624383303105674
ck_179039559ff7566c,0.027195689052035968
ck_17c0a6a92b5765cf,0.007441171382223967
ck_59371c9140239fd7,0.01344175439057647
ck_f9c4f8b4ce2691f0,0.012742549184790408
ck_a2637e4872cf4811,0.1341776955944083
ck_1de43fd6c6c22a5f,0.12514126283443117
ck_6e4f31bd108571f0,0.0019879228256543015
ck_da06d97db0b18851,0.0025252961260662883
ck_e0346d5081e640e8,0.05225362689542288
ck_c1c7d4e62c9fcded,0.06624304059546178
ck_2595669e421299f6,0.03317398897113465
ck_3b6057d51fd4c7d6,0.007169984375113519
ck_c5f8ab515840a0fe,0.01253770781428959
ck_435cb24538c6f77c,0.06299777402892616
ck_d84b5403da4cea7b,0.035375857918277055
ck_c2b61a98d1c8f6dd,0.7367527789957714
ck_c9dcd92b2f836b61,0.1404576563508959
ck_9eb5b3f5f672c2b1,0.0020398922804700367
ck_e4cf189a8d31649a,0.0036652066425563283
ck_6b114f2a48152b96,0.002239632384715324
ck_3fb95862b70f505c,0.03500085123872169
ck_7f780f465c29398e,0.008130629247457893
ck_ee387f9da79e67ea,0.03538767893127577
ck_fa3b1e85d27af2ee,0.037483248563523766
ck_e739eaaa7a1822f2,0.02882272820281672
ck_dfa0ac11fcb1dabd,0.004574767717113786
ck_6e8751b571ea54d1,0.01762501982005489
ck_2d695f8358383092,0.013892126149414596
ck_e7dce27edb700f27,0.01050273795518029
ck_e322da8b213eab52,0.002315696394790175
ck_d0b32e039abb8200,0.0047160500670450495
ck_b354003302b272ca,0.008024928298539145
ck_f7485cba392bc294,0.36493849829555974
ck_d6a290ff8362c7b9,0.10717930762512823
ck_c56a44fe315c0389,0.008491350493505141
ck_f77dfe6512eae322,0.015495591271721783
ck_35fe969c58b9e70b,0.0977865543618578
ck_4c518637db2322d5,0.10190225687808566
ck_cb61902798ecc4fd,0.023590813900702303
ck_56e6cfa32156a916,0.004292743450091853
ck_343e6ed2b9d35c01,0.003921824932092259
ck_51440f64f7250ad7,0.07933630267595931
ck_295bca29c34cfe2e,0.037562770883430754
ck_dd30558576b45e7b,0.010676483064318341
ck_3a30132a57181fe3,0.03861292521339674
ck_4a733aeb833406f4,0.019848490665833843
ck_1b0b7c3d35ab1259,0.03804292635332679
ck_962c3bbf27cd4b80,0.06319279348167808
ck_9528e1d6b1707870,0.016161735219766687
ck_b3263e7f31aab45f,0.026339710247302747
ck_e69195a3c885053d,0.0017440818991575188
ck_a907fa8795cd4baf,0.0017034645344123482
ck_205c3405045bd835,0.005208717548460853
ck_e81fc223bed3c46a,0.026394234518831956
ck_363751deae40edfb,0.0953005255025465
ck_6176baea8cbebbb6,0.0038940018541131875
ck_633e6579f5c74a5c,0.881534994043934
ck_ddc11fc481eef58d,0.03296735223178155
ck_e975002c979e12c7,0.036955550348564646
ck_8e039b23acaaac00,0.03434020394622454
ck_1d6990d94a4d2ad6,0.019334321834979868
ck_e7b583acaa3171a2,0.09807064144072986
ck_c0133f60d39b2fb5,0.016340305086950804
ck_7d6bff85e7a694bc,0.0036600156389030533
ck_d305b4d82f63f647,0.0017885232327504498
ck_22bd0fc71f95e048,0.04833058053255464
ck_9a65fcfc7916f93f,0.002719257375186642
ck_d61c837b0106085a,0.0804443172594242
ck_be86a1db08dea456,0.029893447924741516
ck_90489c405e6886d8,0.002756425237373656
ck_0add2c321d579d75,0.026832483447851836
ck_482dea6eed92cbbc,0.00792761102311719
ck_c24b47184534cc2c,0.9932123127070016
ck_fa04ac31e596e7d6,0.02293143232887574
ck_084322dc5a3a86f0,0.023055410335183817
ck_ccb72a33cc1877b7,0.014605528696625316
ck_afaf374009d3b248,0.011214471386719112
ck_b53084ffede19a8e,0.0019066812026121076
ck_4760216154c8cac2,0.599474353293058
ck_37ad3a65db673e70,0.0060858074069991275
ck_0c2932cc0d553694,0.019706958651949436
ck_86b853c52f20fef5,0.005129867545129759
ck_38703b7546d35a80,0.015802428924355634
ck_218b7e6e6dbd2da0,0.0033508630452006214
ck_402db4184982fdf5,0.013809956311196624
ck_f917c82af80e4a79,0.04953463761290953
ck_3c6417a233c68c73,0.04186339747185142
ck_98068c397d70dd3a,0.01591806648700636
ck_b1cbd6679c0f8d95,0.005719381115795773
ck_9e962f9bb0e7bac2,0.017564733452167566
ck_b08247c3ad567d92,0.24025940422878753
ck_3ef7a03ebb81cfe3,0.0012366783141833906
ck_5d7ae0e3562e99bf,0.034552583618881104
ck_c91a628236baf91b,0.0743099389560121
ck_7f8e816ca51755e3,0.8280460139566702
ck_5aadd286d188f5c3,0.007394383410987997
ck_a037aff5f8128c73,0.006564654955701682
ck_5df6529ce8290906,0.014747247595688387
ck_5f3609511443e5a8,0.004932926635435991
ck_a6f61864fac3c8fb,0.009803295522719411
ck_2733fc6ba23ae46e,0.014258815932132088
ck_22bfb9246646eb41,0.6431704781920998
ck_bfc2a57d8fd1610c,0.28997896017068636
ck_49839e761d0e74e9,0.009553397084605755
ck_aa4ba931dd37481d,0.0027736435790339307
ck_2f9fa0d61829f815,0.0134484639064207
ck_5b82c774df10d49b,0.0016386926832733192
ck_411219470d0a195c,0.012207262216540947
ck_d07485ba10514a2d,0.2735651788704831
ck_219bef979ee21bdf,0.002867973247051192
ck_eb1006e7285184a6,0.01891195040020839
ck_fd242b18575e3063,0.1327286286213952
ck_95188150ff059c70,0.027080988230083723
ck_a9ca2f447b984a6a,0.01169606585239387
ck_2dd39723c4088b64,0.011598277823207772
ck_aa2b4c662ff213b6,0.018634249563886738
ck_1867b1199c864db5,0.048524466191502164
ck_850ec97a5a0dab9a,0.022336571698149416
ck_562320295fa35875,0.008254252219454878
ck_bab5759b07fe2bea,0.002314332480326631
ck_b9f1465d803e57b2,0.1136130243401974
ck_8f21f2690c32c691,0.06281324576265039
ck_df87d6f61a63eb21,0.012902873408691075
ck_770475876d0e7e6a,0.0046339820741448275
ck_b4c014d5c0cc9eb2,0.0033726133080709125
ck_3add4d23124c9290,0.004158876459943564
ck_bce5b7fecfb6264d,0.09107861511674291
ck_604c17cb97dc89be,0.05256603598966481
ck_e52cbcd9aafd26b2,0.0037903369798343986
ck_0ac9114076f5bf3d,0.013247911458769569
ck_dcc125b178b79566,0.0016036998870693655
ck_4e333c09f0c37dee,0.019885837439114845
ck_ff7e31ff8ba731e5,0.013613175017469267
ck_8d0532d24f1070d1,0.0014984894473582424
ck_3689fa41748a6f6b,0.05205757423827699
ck_7509eb97c1948b16,0.017847706354620598
ck_a9161cf1ca22a6bf,0.0059579165135913385
ck_bed3e3db135b782e,0.03234792033086525
ck_9040edd974ef8e3f,0.5844927269567939
ck_fac32d76ed40f683,0.023285388802730265
ck_3d7b1078e2d57c69,0.0035764033470586662
ck_dae09c4e074af5dd,0.016993238155881885
ck_fd84507228467b40,0.030317834148105283
ck_e2a2ce9b8cf44c63,0.009660370305526893
ck_cbe716f351d660d4,0.00820384550102464
ck_cba4162ef29a6d27,0.012893360441258066
ck_4f1e962ff8a29732,0.004047540189778357
ck_39a81899dded61e4,0.004074477273880047
ck_25382331551d22a5,0.046765246466222044
ck_6d64e1c07b19856e,0.010168298725955134
ck_165a868bdef28ad3,0.029211187760505884
ck_88774ae52e30e877,0.020112699240375974
ck_fc7a9d0643570053,0.0014142557880107366
ck_c2017120b3b88a46,0.006984058565195704
ck_d115ac6b9fd62a7e,0.010452473105220817
ck_439cf7d51ec7de0f,0.0073806610163176245
ck_2468a7e9e68a0927,0.00556014158271924
ck_7c418947124dee8f,0.12418103392075448
ck_fb0cf32c4a56f740,0.02158915958963694
ck_694eb6c43193afd4,0.04617590759302858
ck_993beb188dd4abb6,0.011211211595411257
ck_77fa39d3b733c226,0.10452933763461057
ck_49969a9abc47cb69,0.024204905154771614
ck_d3f44bbe2f7e9b2d,0.04878607802348674
ck_fcf5b8216d0c18ef,0.00191731587630398
ck_daefe1e2d2bc362d,0.0043593721835417055
ck_9c9287cb28950eb6,0.03813531994758995
ck_c1d1a625b885a975,0.01587066825771122
ck_71b37fe47490b4ba,0.0035870617832181387
ck_5d16e257c0635f7e,0.3031190099754602
ck_15918075563eb074,0.0025085563831534936
ck_9a15fdefc47e8d11,0.05502825682110845
ck_6f04d047d1dde75e,0.00148827050189637
ck_1af2c0b3b8d202c1,0.00937898104807682
ck_174be2231c5fd2b6,0.001681768645621601
ck_bb0713a2a1d65982,0.01630859874057723
ck_0daec63bd5b0729d,0.021917028659233173
ck_c0b5cc3e8ad2ff44,0.019338923485476462
ck_35bee1fc12664644,0.13759821009220258
ck_a1c7cf63467df4c2,0.0038413577736738716
ck_ecb1e15f0b185ceb,0.06785838213616688
ck_f280d31f54a4710a,0.02243846687335589
ck_30f4b2ee8abe1342,0.049300796016769594
ck_66bed631354de5b7,0.010333115198985325
ck_c2d3ecd7278eba2c,0.0031379049096615496
ck_e901dec0e09eccbb,0.004136043782867
ck_5d038ecb3c8748a3,0.012120862190634088
ck_283c5bea94b21e80,0.004488292715960287
ck_7956c251b85f009e,0.7345905031783779
ck_9f5f81d771146aa1,0.0012539665034132365
ck_9323e6fc1e168eda,0.7634921973901159
ck_10495d3a635b8d69,0.0421791984037641
ck_1982d571cd36eb0c,0.02106197630601702
ck_4f5d7985bcc2eda4,0.003539051279025516
ck_7df526b2b4410bb4,0.045070453441974065
ck_dbb498b1a346a402,0.001809807969442525
ck_ef059997563e3330,0.005598518419362724
ck_02ec4e06709e6b82,0.0022106206443450955
ck_9782c86ba6485f88,0.0019130587236938757
ck_d69de468b44143ca,0.008632998917457495
ck_6430a8792f400e0a,0.0029457215592559385
ck_8285bd3c90af94f6,0.03504031630125607
ck_985c9ca112000e9a,0.0391094564302559
ck_e679fbf4f4f4aa07,0.007790921847989206
ck_016e8c8eaf9d511b,0.026486135554943203
ck_bc996c523944644b,0.04487728671918093
ck_5b8315726f6204e0,0.014229904991313637
ck_78181f8e998e442f,0.0027518010077189213
ck_71c68dfd011dbbbe,0.7709834605989508
ck_db32c95ce2b6f502,0.693530783694996
ck_755010362a9b1bc4,0.0032333588537057025
ck_114141d85256c9ff,0.0010695765944945645
ck_9d1a5cf5a3b87e48,0.013286015296296572
ck_ab640420858ab5c4,0.1343246631899923
ck_97a8dac48dd62488,0.2854886655410507
ck_879cc3166fe1bada,0.00251954591772183
ck_b0ed11080076e381,0.0030458613385650713
ck_7334a9ec656263b2,0.004023311973794886
ck_6494f0ef13ce44d9,0.007559551950854839
ck_724e459b9ece38f4,0.06120217401312218
ck_7fd8b1470401695f,0.531141305007152
ck_292f81186358b0fa,0.008529621166492059
ck_fa7de64d37287615,0.03468730883990504
ck_d00e09e66ed6458b,0.1295378856196427
ck_b8d210e741be186e,0.0028941263319583284
ck_3db59982cbae4410,0.059077509476338136
ck_69887d0a9aaca6df,0.001963045154730172
ck_4feb21e2fb0b3977,0.005004673610623762
ck_08c6cc1e143475e3,0.007688743177716903
ck_fe6e168cdbb46b9a,0.07075543462255304
ck_07f1734be7fac56a,0.027636811157001288
ck_d66d59981307db93,0.023181187121868715
ck_f928dba0d587d7c1,0.0028524365738739426
ck_786448fe3004cbd0,0.0016945834938751163
ck_29ea329fa40ace62,0.015557081079970603
ck_7ea52b6f27edcb73,0.03755743104018846
ck_18bc51bbf3ef198e,0.039889032922460134
ck_44950df09ff14ded,0.0033225002427240725
ck_c1466b52c0a10b93,0.024707820128854318
ck_6cdac067cc4db5c5,0.0499087108891543
ck_53f55c6e8cf2d432,0.002690543104611418
ck_95945f48453ca532,0.061469454280231824
ck_87cce4126e215153,0.01635310142539428
ck_1ecd5516c92caa4f,0.0016134223723054913
ck_819b482bca14c068,0.26155457789189995
ck_a61a879dd46fc9f2,0.008401531446108747
ck_af70aa32c009c3c9,0.02267321710499893
ck_f4fe78e249092ab1,0.020028328637809185
ck_12c46bc52bf45b36,0.027500182620593793
ck_f05f5e4b40afa52f,0.04965238418389485
ck_0f8cb09d3f4fc980,0.05130053500298457
ck_80a64a7f0275a71d,0.013253214273595316
ck_683af7b1540a0b22,0.038081067815028034
ck_51fe0b613c076cbe,0.019826251697519913
ck_da1a2450219dcf19,0.02883904308269185
ck_2a7eba01ceba6c2c,0.04558965035344498
ck_4e329e29dfa743ea,0.1533319098245496
ck_0274d881d6db82c8,0.011491894977865943
ck_0af5b7d128035b35,0.02290424735405653
ck_ae0a7be6b0a0ea68,0.015177037583759908
ck_de5bb7a4d091386d,0.10523046730269942
ck_2bb7c17168a9d17d,0.021119087631532894
ck_0ffdff7b2f5fdfe4,0.011075002860800985
ck_718a8390b3d42d7d,0.006734128659800149
ck_7c4f12d70f184533,0.0012093470832115402
ck_d3e2c26b8adff099,0.02082001141495486
ck_ac9d3d9754104cf0,0.002384006660558868
ck_3b1766a1d51f8f0e,0.20604487599287435
ck_a9bf75bea912027b,0.05047680132727739
ck_687eab3ffe1f8cfa,0.021982570795693473
ck_25dd0b02af5b2f37,0.03356565610586391
ck_1747fcc466f0ae38,0.001691808424505929
ck_f6e9d14dfb6f3c28,0.03903208938688009
ck_c6a7bbd0adc4d5f3,0.043737645366349824
ck_46656a23f4456d22,0.6714186698146714
ck_7519260415c2998e,0.013651690766866701
ck_754f30ea19df857c,0.03791861031579797
ck_ba88a244d5f7380f,0.017113720819829013
ck_f268416945316815,0.010624361069959034
ck_21860dd2159dff28,0.0031667120590732783
ck_7a86ef4e2beaec38,0.0009679959583321614
ck_0414507baeea936a,0.008418596870659599
ck_60796eb60fc3043e,0.006065615744769387
ck_1e0841ed17fe0562,0.01703558400989027
ck_0d641d32658d6e0f,0.004555443118534955
ck_b36086ae6d87eec1,0.005118705595936256
ck_962e65ab33b5c311,0.9243303884867655
ck_b046a42684468e63,0.010313042380382319
ck_ab3426435b0017d6,0.027907984205435776
ck_fcfe06e44d09a344,0.010261917457221803
ck_0f6d916c92189516,0.026689587233117214
ck_d4c8f0d957c3965d,0.029203428294298228
ck_2ca83dbd728af019,0.005845449694679093
ck_2857a4ce9f72fbfa,0.0016539671732884085
ck_a60e6edc48e3d0ac,0.4253876176135181
ck_0cbd3b27063d4415,0.04857906702955579
ck_612089ec90c37219,0.014176710729446203
ck_ec4e597f17f473c6,0.0027883810494538598
ck_1c93cc58f314bf71,0.029981697820038903
ck_2b359a979520276e,0.00536879670045422
ck_1496568ddc3b2d56,0.02853014451867924
ck_41d91dc9f5063566,0.019611303486102957
ck_4c5ff58afe3d7a67,0.00308021219583036
ck_81709736281fa3eb,0.0016006661439085914
ck_d89abbab3d4957aa,0.00803668416661731
ck_52453401f88935da,0.04417253419310749
ck_a477654d34783e06,0.004894582883743781
ck_72dd0dbdf808cb00,0.013964718168255088
ck_c183dff3781746cb,0.07193183499731887
ck_c8b7f241810b45e5,0.0015283403900664982
ck_f88028c3f306bc70,0.04101371551363407
ck_91d48d69e4f5d9c2,0.004515658381112858
ck_b74b9ba6d7c9aab7,0.09484159035008141
ck_03e904682dc73bba,0.016187354050404223
ck_fc6fed6ea96a004a,0.015012896745499228
ck_51efdd240e34c642,0.034882480502487614
ck_e78ab4ff52b5fd2d,0.007824362520916239
ck_4af7b97c24d89a45,0.026815623336188657
ck_295c0072eca7f7a2,0.008412728471650813
ck_8abd1a50a9227463,0.028851532127777597
ck_ecaa6f13304e3dc5,0.0018155241274589746
ck_de436e7b319be1fa,0.9926497459163768
ck_c802cf8f61466027,0.0026300643776458257
ck_3d83e0a3c1cfbf8b,0.009824650327996237
ck_28d2003c2d16e4b6,0.0017644661979360407
ck_8ddaf745bbb9cd62,0.00167966225376124
ck_493b6256091014cd,0.02558712745932551
ck_a2245822cfea997d,0.0024088629953340534
ck_f7305b3c64cf8a03,0.06385871694065857
ck_9937dad93a0ed3c1,0.005836797152530374
ck_d654449f9231ad76,0.004362581983280195
ck_850e2b59bc535490,0.03583667999271831
ck_e55e5bdfc0242aef,0.0401021675521207
ck_d35c51e981b98c5c,0.012374471020399621
ck_27cdf9c5e6f0915b,0.022671675814690588
ck_d328db1e1052d820,0.01959808467704459
ck_0ea30eff5f361cba,0.004653341680631193
ck_9994323f97109f4b,0.9571991109607234
ck_09054e97bdf9624e,0.0015778523800300446
ck_723b4afc388113c8,0.005099040890420204
ck_588f6e6a6a6d93e8,0.01992983262570207
ck_e1d563fab4d6116a,0.012208711812703082
ck_53aca610e20598bc,0.011026666530716918
ck_c8131ddc7ed33448,0.006705489031146497
ck_899f88464305824a,0.035164041097896316
ck_1c17c65804f8889e,0.006471754362596857
ck_45a16ce12893cf9b,0.013025033177773798
ck_f9d481aa4f9b2808,0.28350492063131066
ck_1d5d74169cf892ef,0.033272899144228
ck_aba32acb61c1aaca,0.041081156472298916
ck_ec4dd3675a8d28cc,0.018007710994646268
ck_5dcd443fe0bbdeac,0.001935739401063155
ck_3a47e3f54475e854,0.0034461754920313953
ck_a9aa5c344c315532,0.019872081415591724
ck_9652283c9f61fcec,0.0019048615214182433
ck_752dd3d2487f78ea,0.009417196938007757
ck_a821980ac4db9943,0.3433826485597913
ck_93e0d6befb67f7a1,0.047945623518808184
ck_e7a3881c3e36bd51,0.20964460294697704
ck_12631b78f8a03df2,0.0018518051497457856
ck_57b8226610b48854,0.010079080022951162
ck_352657008983fd4b,0.03654836712690827
ck_0841a5c24fd3dd28,0.02440841511502842
ck_db9b9d5d30f74070,0.05790965835051679
ck_a9dded7f6294e44f,0.044616600547629524
ck_91a16336ce3217dc,0.041571477662523004
ck_371bd9388b287677,0.001384693880292274
ck_f285e5e1912a7c62,0.0032174080887217744
ck_368b65fca69fc415,0.04948811624096377
ck_d27a73596b6500c2,0.01495018330558972
ck_2d963f9b2c4d11e1,0.037397488539186424
ck_7c500e219af39486,0.007366915490649887
ck_7d025dea5951cba7,0.004024478479864134
ck_32f632706608859e,0.018095498942699993
ck_53816231f3ffb48d,0.004549062057461252
ck_9dbe184e81c1ca8d,0.10414608886496148
ck_d74123617f22a21e,0.005745947127550168
ck_275386782b1606f8,0.004039528539956778
ck_0b0e79d33e50cba5,0.0026277486042439943
ck_ba93cb604f792915,0.058192444159321045
ck_a86cd653472eccbc,0.009546473408160417
ck_87771861e0447210,0.07908254613833747
ck_212380e0371d8a6d,0.022578481008938753
ck_ef0d702d7b0ed745,0.004685077059374047
ck_2b8f33e22f939372,0.6502070414119892
ck_480347ad92037105,0.01438054974426635
ck_20124c3a16c53ce4,0.011514512834010613
ck_c9e1e3229baae708,0.022233378139613735
ck_b1befe967f7a5ebf,0.049755811871838335
ck_4672167d7c989bbf,0.07874403437162018
ck_f0c44ee5e3a42e3d,0.014312075057723212
ck_c416357d20238a4e,0.012714580718562095
ck_d0f470f8078c91df,0.007703052756187128
ck_3a70b4ee59084715,0.007188304730091586
ck_179ed66cdfc1ce27,0.004523436464183517
ck_387e5a7f163c7837,0.022960220580510254
ck_08fb463e69f647c8,0.9904085653813652
ck_732f725747393ec8,0.024148425776107364
ck_7cc5e0fa3ca5a713,0.005256069398874831
ck_ad4a4daa826ac68b,0.061320170103621265
ck_472e0be7a3b533bb,0.07123304052953283
ck_7190177963eafdd9,0.012195648327450955
ck_647ac26c5900f082,0.0077026437510434274
ck_272ae2179bbd8e58,0.006277278276605042
ck_09b0d8af304646bd,0.0008052244262273827
ck_ca0cc8ea9f344408,0.009754429360252207
ck_332ad134fb909869,0.009353417717180401
ck_fca2798914627dc8,0.09657570547902457
ck_4450b55f462ae134,0.006130984716527029
ck_d67d9dfb60b286b9,0.0019034280523270654
ck_a9d2bb4f2bde7052,0.004136775437401226
ck_929bcae878a3ecb3,0.36590591010667745
ck_59a9e000fa275e1f,0.032925858744248485
ck_57f17254e2688637,0.01559835323844933
ck_0508908697f60ce3,0.16170767381790752
ck_946afc2943298d26,0.00418245999628975
ck_7176d12b18f2cc0e,0.023370533995501257
ck_5c47b49c26cce286,0.02773069367514043
ck_b6a2bdb2d335e1d0,0.9925747470341215
ck_1d58f6caaa4d012c,0.020234174880672133
ck_71c917295020ccc7,0.0061292415780219755
ck_bc89644ae3688995,0.013587126618759436
ck_e7c212f16d6df272,0.01860085712256169
ck_c6d2e11a368184e6,0.004736968283779358
ck_eed7f1f7548df15b,0.009993401881901877
ck_75b69034000ca7bb,0.038511380403249966
ck_38da3bf629458682,0.003073565915592673
ck_90114c891239d821,0.0018752614991465763
ck_8ee08f6777cc155b,0.01798154809268012
ck_bd86132499defcd0,0.016726512336532676
ck_b95fbf2b5640aa82,0.009022217129698818
ck_c530235393360e3b,0.012438578925006381
ck_be52a7ec43241ba4,0.05088556963051451
ck_d96eb3cc55f2772f,0.01163745410145517
ck_dd34f0a844fb115d,0.1012207753199466
ck_17cc7b411f448e66,0.022458144854584357
ck_856ea65fa27d06dd,0.021127219223318935
ck_056d5f0301c30902,0.0712338292895126
ck_e662b14b2bab23a2,0.10211830418281881
ck_209f574c8d92274e,0.005328344257022334
ck_62720b81617896cc,0.009148608617457896
ck_041614694b77e599,0.007968990848670398
ck_461e3f7b97db8d16,0.052455476041759964
ck_1b74b798eebeabdc,0.013149473320672858
ck_0ed2739384f1d644,0.020129618906527858
ck_5a4d19f1b83feeb8,0.0047190454518718904
ck_463937167965a1f8,0.021148938163744857
ck_9d7151dbdf100e0e,0.01921516105283781
ck_20a7d1ce6cc27312,0.003006926262035299
ck_6031211ff118cf0f,0.0028852185641713942
ck_a6fc92aa91e99b77,0.9407771650845848
ck_0aaaa9d2f75a0518,0.05702767187986137
ck_ec26e327cc1848b2,0.009490309324624855
ck_0e6bebf8ae9b9b03,0.013531516051211076
ck_e107537a4cb738f4,0.0033236278140285147
ck_e8ea56e122a5a487,0.0562490576591395
ck_98149ed45d38c4d3,0.029188127033100728
ck_0e719b3a6906b8f1,0.0008101015556502549
ck_0c6e7bd357e4a348,0.0018110459574254335
ck_d3b2b250da61db19,0.8132715297404789
ck_8bb6b0a292754576,0.23148723939221583
ck_87d70f5fe48a6128,0.026486038069896977
ck_ea9edf9c107d429f,0.01808869737851056
ck_059806c52cebe4f1,0.2062031367205112
ck_a72d6df666e1c21c,0.012602712068315773
ck_1d2b80ab6c4944b9,0.007760255956723161
ck_60557f077abc42ca,0.08756424641032977
ck_e5f5cb7dd6ce4a37,0.019754940366946118
ck_4c4a939154446053,0.002990857588208588
ck_50ede3eb561a202c,0.027499370128433526
ck_6d03a542922b2ae8,0.015119058780526152
ck_d6fe761ed0db3270,0.028461819274291145
ck_7f0cd6ea3096f985,0.004591037569344005
ck_23edb6d938a3b87b,0.004855939955636721
ck_799aaf9f2b9ef621,0.011868223811307225
ck_f8f6a03613b6dda8,0.009271683588167195
ck_7cffb189f4f514ec,0.9810146744207934
ck_c081e1967dcd811f,0.06046859332111051
ck_583d6ca78c97d91e,0.5959458643278495
ck_9332bbc7125219a7,0.013791965069429563
ck_956b5af6d7d86c65,0.5526521191076337
ck_2d634e3f24681c0f,0.014591753691650585
ck_7b35d218ed0c5a60,0.012438588184729368
ck_ca5b1057f8248f73,0.017042484359462574
ck_ec5ea81cf813597c,0.013653769821361187
ck_eaebaf4d28400fb8,0.02326470270144995
ck_ae2ab6be219219aa,0.0025121145416973395
ck_d99a8b4c820eb46b,0.004499989362065182
ck_bcfb7ffb7cd428bd,0.0061077812785638825
ck_3dd542c2d31be2c0,0.011272709454820054
ck_c7dd84401e29a7fc,0.0025288523168718905
ck_c4bcc7cefd40f8e2,0.002188534805883508
ck_c251898b5d51e3b0,0.015451484761104688
ck_36d37be780c1291c,0.0018316890953030322
ck_99b4f266b61ae7ee,0.019624056377304726
ck_c37f03995f0f0169,0.0010704825288345046
ck_65a23ac8e44eb901,0.004883171341641978
ck_644b1c1149eea9e0,0.021470288810704494
ck_9cf44eb0237c2429,0.005706727694537637
ck_20541686a94fb71c,0.06149101285981051
ck_c18245be844680f3,0.009793739277803479
ck_56de216eda6b7fa6,0.0009976908890968314
ck_406c4442dee45cd1,0.0019567871909092222
ck_df1585c7d72a96e0,0.0036742085706591987
ck_b8e8dba20676d87b,0.018983567930475335
ck_0ee6965e68efc177,0.014152386739069591
ck_c2a5c54ad8d0d297,0.017943821662598978
ck_bf6fb7e6470e95cb,0.0012802264085424867
ck_27fa694569140345,0.0016114179688658716
ck_e04166b0ce66393a,0.003634761420621511
ck_8742114f4f0cb22c,0.06252482578558474
ck_6eceeafd56b42576,0.11385295916456635
ck_34f9951b0eca1965,0.016937245482158133
ck_384ccecd342a24ad,0.0036686223631960425
ck_49c98bebd1338879,0.0018796147288479572
ck_6c26c12071c91ff6,0.005477438400916983
ck_01e5986ebb9a78f1,0.026221258022536106
ck_121db7ba3be29ee8,0.024353327999792423
ck_039e6d5a330cea1a,0.10160110679112905
ck_ae8c9163cf957d7e,0.01440167303988022
ck_3f5e8f3f1df0c8c7,0.06591247227406218
ck_b1c51fdafcd80122,0.017209864808098496
ck_12e2b5ebfe8986b2,0.0034880760518821406
ck_d55eb81a4d543c59,0.018686393895888276
ck_f85155ca5c312c7b,0.020675787271306773
ck_133d8a1ac7c0e301,0.983863308685746
ck_04212a9bb9b28696,0.9965630480542849
ck_4cc11c7d3ca61f73,0.003317745317242345
ck_2df4854186ec515b,0.015834434324217994
ck_aa9b28e7fc43af79,0.4337453626643533
ck_47cad6c3def4c9e4,0.0026333304178516757
ck_fbff7b5da8111567,0.009769587783759581
ck_bd25ea782e375b22,0.03251606754580872
ck_7989376f8cf64a9d,0.008349437207338694
ck_675c0ca1ebb1051c,0.0031317262349146845
ck_1436f6e11d4008f9,0.008666251404813155
ck_812cb3a4482cc618,0.02221881953055371
ck_6e606f73a1094afd,0.013121270516696119
ck_1b708e2a4a0584dd,0.02119316209344369
ck_a60d6b324bae0330,0.011280612691535304
ck_706a4f673a9fda3b,0.4096574586833648
ck_a75ece9a9044eed0,0.002665266051757238
ck_9aa45c4e03c8c57a,0.015239379544472294
ck_9fe9bdce982b312c,0.047785209555990506
ck_c6fbdc5ba68a8466,0.014692502928097713
ck_ed0cc1b1c28f9511,0.04004203856697826
ck_a4e2607b4c8021e8,0.0009041033984376213
ck_e02f93f51cc8caf3,0.005924074634079167
ck_7084ed3cf20781b7,0.05658132713709643
ck_cd4c63155570d6ea,0.0078070912096760755
ck_d1b9e5d32d2d789f,0.004606579533053144
ck_68f56f6560a7a933,0.0021783284684909316
ck_8bedacc6233c6269,0.01765635941878587
ck_ab7cb50407d6b13e,0.016829738634728177
ck_f17ed7e0fd687742,0.09053819589570525
ck_b0fe4b92fc70f72c,0.002972706768093787
ck_84d62b8196da2452,0.009188488107979162
ck_9e298cae167f4693,0.0023650581432564407
ck_405b20ef9ad0ba5f,0.1807562665125337
ck_813e02e1ababd177,0.018659407708298537
ck_f234ab47061ba7c0,0.0013290259951353367
ck_22b587c18363899a,0.0089480238034691
ck_4e862c2f48c38aeb,0.0034675579152426824
ck_b89cb90a420c9075,0.0068074196759597
ck_be2251640f27a3c9,0.19310062302908437
ck_46bec0bff167ed3f,0.03428565219219521
ck_c0032232c2868328,0.007802056594251259
ck_030cf09525dba4ba,0.003026755641316555
ck_6ecf56236789fc09,0.9691790885519344
ck_38d4ed52cbe6d123,0.028057592725458963
ck_2d923d957ffd4d53,0.008574328658333132
ck_3af1eb88728ed8c7,0.020274141196784057
ck_2f8120ca80a1592c,0.020308323603655185
ck_6cabb1a133f0b151,0.010503963547607895
ck_bb6cf7e7b707731d,0.88615808903976
ck_c8307fecafa90140,0.021613487129425894
ck_75f968be67f46d24,0.02038136237856577
ck_df6fe4ec5a233213,0.006993051229225373
ck_b53e88c0e927d896,0.0011240836750764224
ck_f0093064aa28f4d0,0.0964663122775516
ck_ec9976cabc63ff92,0.0020555282286161413
ck_30dac0a58c5590cb,0.11978084126814584
ck_348a525791ae6475,0.07445980722527586
ck_b898d912d1181ef9,0.013666085069578154
ck_f5b1200dc6f95760,0.012185003344936027
ck_54978a073e7a0b1a,0.009607230224540311
ck_55933936536a4071,0.01196704229386223
ck_d6ba7ffd2ae08863,0.013493031959636591
ck_404e2217fd87fdd2,0.002666831741864398
ck_dfaafdaefa5716b6,0.02689154808900571
ck_556c62e92d4e7e5b,0.07001575616368763
ck_7ce44f4e06d58111,0.16703869928662912
ck_465cb8ce232c7670,0.005504367144132896
ck_237508ca4fb37268,0.030178778701380575
ck_ba4a6b9aa63964ef,0.012912474466535609
ck_4802a0a7a1882c88,0.3896484822074792
ck_9478dfe4114c30f6,0.003912671625795049
ck_5138f6c575dec64c,0.014453031757763251
ck_aebb42afe430e2e9,0.007517800925328093
ck_004efa95555437e9,0.004712444656984312
ck_11af112667c98394,0.019500114621070756
ck_44e9a18a8645c9d3,0.003847191097895818
ck_2605fd571219e28d,0.001428260035222746
ck_dfc933493561d84f,0.010020505471420962
ck_67674348e68d1f25,0.008896603971496369
ck_dd97429277a2fa00,0.05097619704761554
ck_d3eab7a06eb48348,0.054158094245623824
ck_0b9fcff9667ec05a,0.008523328906995689
ck_fc4bfd6e739bddea,0.004133223898761189
ck_43292f70a03ddf2b,0.03324497782527506
ck_5ff6108056a3fef5,0.008345402139067114
ck_767e0be086b5f601,0.04790490717680112
ck_b8465b1a5666155b,0.010353441887642801
ck_ab2e3fc56f5b3aae,0.0236257101762124
ck_1833c81d693c1e07,0.9393664121450495
ck_0308e0602b856445,0.0024256963759698024
ck_ccbdfe744acff8bb,0.021728236844060587
ck_b294aa27a0b586d7,0.0019212958000535414
ck_a3747201f377626d,0.981357173469467
ck_edde1d7d1db24725,0.039072455611154654
ck_ae3b47d6e1063704,0.008161241593760084
ck_3aabf5e0f4defb41,0.006161857750727569
ck_f034adb57391f3d7,0.07149074312814716
ck_533672fb40531607,0.07313953702492901
ck_2a244f1ae08ef83c,0.017915945232233835
ck_a35d81bcc54ece2f,0.017592076152915807
ck_78a61215675b38f0,0.015435242904030505
ck_e013d88ea7939616,0.020392207469483635
ck_e5018f9418e0102e,0.03452205515946986
ck_d4e024fcda401a31,0.003998729069090064
ck_f736cffbdb82db34,0.0007932505219691539
ck_1507f5aa50cdf3a0,0.010972112724472616
ck_18270fee7c8fcee8,0.006843803048971421
ck_95ffa1a805a1c9d1,0.005958305073229116
ck_11132d245b94d045,0.004566788928458334
ck_7b93a622e40d8b14,0.028310108703099454
ck_3854c08d17704347,0.05036639629970719
ck_7717fcb100dc4b5f,0.026628221045515318
ck_ba54e0a1c328119b,0.5445002098162787
ck_a7afdac4ecbf2de4,0.701968936341554
ck_ecfb771ed2352085,0.016516579099630273
ck_68be4fefc85a6b64,0.2542501092356761
ck_dac7c50bd6d0148f,0.00881699559555594
ck_87cf36a03bd63c24,0.16100117332921426
ck_8adb40b168b59d7c,0.023572561928652865
ck_8d2f62930777416b,0.06920542396845746
ck_9958b58da9e3c21c,0.026703252983870343
ck_9440335375701f44,0.016532316745149003
ck_e2f88e202b6f700a,0.015299950319506636
ck_4c7c50684827a2cf,0.00741786240816646
ck_8a6ea4a79b1c7a8e,0.011572990732773089
ck_186dbff4b24a3bbf,0.1394466270224709
ck_220fda3c11c59b6c,0.054110650115649146
ck_3acccc69f8b1fd14,0.04727332699657939
ck_9de191bf79afd676,0.013518476845825366
ck_6de6b1663f9457f4,0.0020532104234307893
ck_062754f8b79b86e5,0.0019177737259858658
ck_aa153a89a52f7eb5,0.01410923637669241
ck_34a6bd3be642f15c,0.009810133069302264
ck_9371c700d9830326,0.03769599746247921
ck_a99e0c258ad7576b,0.0055740312210251644
ck_0a7ba51d626e932a,0.024752270209049212
ck_852c50bbba1ead13,0.1114358137630755
ck_43dc13b6b6d31297,0.057422496647109036
ck_7d81b59d615a6649,0.024031257974531137
ck_39a3f1da060e88bf,0.02018365876380158
ck_6fb2d142c09ed3ed,0.025782912587930952
ck_6e5752b87324b58c,0.006826718176067973
ck_9441d48a12e8a4bf,0.07655387734139996
ck_09e9c51eb538b255,0.01359195100124334
ck_8d0cd981ed3a183a,0.014533318597358116
ck_57c07c45269ca8c0,0.005476439975029681
ck_ccfc9ab888ba933d,0.02304439725756732
ck_9658a6ef471053f0,0.009592816620154206
ck_dac3852758f4ea89,0.0033318245244511402
ck_b1ed2278f5f14d82,0.028244129334029425
ck_333544d173524f70,0.14531304950522317
ck_fd4582e3853ef23f,0.02038998598789933
ck_614d936cef98db04,0.0031674113130826065
ck_6bc351a3d57aac54,0.00980921610525109
ck_af5842fa7202ff25,0.011779535525177
ck_81307759252571be,0.0045691179132544
ck_b4d2f02d2cd45720,0.23498487273515656
ck_1bd753a4681946c8,0.9681605797349403
ck_46d8c029d46867b2,0.004539669644350127
ck_b7da6640fa2f49cf,0.2588776812646987
ck_9ea3d5a5a91fef9f,0.058195240768164444
ck_7b922518f667f76a,0.0008261151507298146
ck_2a5b31594206eb30,0.5945338799590776
ck_d9506476ad3f9e08,0.015064383855857403
ck_c8791f7ebd4d93c7,0.039388164898843885
ck_b5a3e20fd210017d,0.01283841242834987
ck_8e54386f4fe22cad,0.020107438520156243
ck_75296704f5806f56,0.01777331148082662
ck_0fbbc7a6af300368,0.005471157391901832
ck_d19bf4dc0627113d,0.004047330550889005
ck_7951bd4eb99a0175,0.001997096697748093
ck_059e4fac6b7f704e,0.011738297897684337
ck_2ce8931af02a2ce3,0.006120185637428819
ck_9e665618a4860306,0.0028453323728702493
ck_6fce5a893613fd2c,0.0012996999320040376
ck_9e3fbd04e3532f32,0.2639494993445976
ck_55f2ef0de3420e3e,0.031037984673960347
ck_8d87658a6f5d204c,0.6306065665713764
ck_6d6ac1f5dd882aa5,0.0011693242062496862
ck_55d0c7012d7ef236,0.036736020641896815
ck_7738eb085e5753d6,0.007606900292977475
ck_0e6e05c3cc8c8242,0.012505951066438785
ck_8d27ff8383d48132,0.005616255006506966
ck_9afc3bb849f3a64d,0.01837846752655234
ck_27eb86a9898cdfe3,0.003582389913137708
ck_1d40e4fc541abe93,0.17878256329147008
ck_4fd9dc00e1913587,0.9357072618325628
ck_b26cdb2b7b165d2e,0.036494070146764604
ck_a79a27767a02e31f,0.043539881801788756
ck_f0c18cb9f951a71e,0.014438265729043493
ck_50460e0189de6274,0.8946131241202943
ck_5e5280539257c986,0.004607871988722649
ck_eeb854318b3a6f0a,0.013624079493415157
ck_943f66f28dd24750,0.0006574775896009119
ck_984dd7452aee372d,0.06419388019493934
ck_ecaa6de0aca5e9a0,0.031663075301335226
ck_8f1cbc432e2774f8,0.032180889754709334
ck_d91d9f8445b9769a,0.463783180519147
ck_73c18e03e3c7612e,0.0027689730279723563
ck_aded05ada490da20,0.019422961215268864
ck_f744e208183971f8,0.002083091566550784
ck_02d4cef6358ad3b7,0.006517814172269796
ck_08ff5bd467226a5f,0.0019508264977760106
ck_f824b326d5089885,0.35114730479497247
ck_3420f2fd520890f3,0.014315892481775202
ck_1838cf8d00f5b1e1,0.00979530506144161
ck_a85182ad90b6f1e1,0.001449986925765063
ck_fecb39c82c43e76d,0.008129674002014947
ck_162513e73782929f,0.03538397235988695
ck_2c27b77c59d8f23b,0.038667585483715475
ck_4221e07b17388fd3,0.09331067695954225
ck_adfb8472d5c3d669,0.030711539001907415
ck_0742fe64055d686f,0.0014792616227525773
ck_5060aefcc8b6f958,0.02154189782351305
ck_643f549b4ac78a26,0.2265012937568414
ck_dba767885bd6ad69,0.0036847010688968803
ck_0dda35c0c64c7073,0.9601359406611153
ck_38ea56d43afa5660,0.012475466270851101
ck_d813e15ac91f487c,0.08941600609980206
ck_4c840e5585a7b167,0.23078775165401105
ck_cb8551453a7bb929,0.005653194079213155
ck_05a00b1dd5a03359,0.005966570760235687
ck_837cc7fd48453a01,0.01284250787953633
ck_49dd816b31fba6b6,0.6843013299002632
ck_86a61d9a39768e87,0.012212187686006862
ck_cd0e76f0e7bb38cc,0.025961596550435534
ck_dbe58392635133ca,0.03224207770740803
ck_3caec7dd6f8d02c9,0.023253216963969443
ck_bfd9bfc5b6ab4a54,0.06090378371701022
ck_2103399bdb2898a6,0.015573684899792944
ck_329f7de7279e74c5,0.009228141074936247
ck_9bf0d28119fc42c8,0.03275871479314188
ck_f781539b1042dc83,0.0031784120912074377
ck_9986c7d781ac6b4e,0.00986610452929563
ck_a627734880aca848,0.0010932327080007762
ck_2106e509d77fdb4a,0.6011059885461346
ck_420d1a9c604293ce,0.017377025905277312
ck_fce0610c527e2b56,0.038517207082590495
ck_073da541ec3f9d3d,0.015057167462391788
ck_aa5f3ab48c17fed8,0.19472415134606436
ck_0fc1086e1c9e04b6,0.017061297748487254
ck_5c33bb46c1a5945b,0.03565395812774905
ck_500948a8d4bd8e13,0.013674340170474317
ck_19becd44f2c3d2b5,0.01870974052462204
ck_7d0fe77dd5ddb656,0.021056813526089083
ck_f158d9e5f101bb35,0.028149793552632682
ck_cdd7c77823c2257f,0.1455378431146132
ck_6c7b41374f9b2e55,0.005487708313105678
ck_417090dbffb1a63c,0.026521271426426674
ck_dd0e17605f970319,0.005622965176815222
ck_3646515079e6be55,0.015248199648316736
ck_89c8b06aa8c84b2d,0.07911237372789458
ck_e4d6dedd97233c07,0.04654466203512986
ck_bc82fb1895fddde5,0.0030184914484151356
ck_88a8b1d442ca3686,0.02765188265733018
ck_5791f8f76a629a4f,0.06451778857315656
ck_9cf5e88e97c8c7ea,0.025591513578700008
ck_58fd684aa5a6f289,0.0004430587643912113
ck_9800c21dfbd8e811,0.005255842729646947
ck_8ae64df60ab6ccda,0.030221837021577207
ck_e535fb0f0c00418d,0.04607599504086969
ck_48011996d54855ac,0.3805976103285642
ck_ac79c72a8fe3fdef,0.04780362497513707
ck_b8cc2df5192bc49b,0.025413639440910907
ck_e96a5e1f08f8a867,0.003896226198090592
ck_84df6770549e43fa,0.0066538134510878205
ck_e5f7b99ba6ec5767,0.020155064738762187
ck_8347455ab53ff620,0.0041910882158457995
ck_a84f2cdf695a71d6,0.006859495148065641
ck_90456160115f9ef4,0.0039078763121824745
ck_ebd178b3f3a9c50c,0.013714253447471063
ck_e1140be6157bacbe,0.002072715981452256
ck_744ffc11d32b96bc,0.010596191032270897
ck_e12a9f7d027e3387,0.00863023074986247
ck_cbe525da0b69f18a,0.025561425817464865
ck_aa59702537557ff1,0.03174513385324404
ck_0348cc6908f7f3af,0.0012489740339483638
ck_120e995d50956bee,0.04899183117427156
ck_9fcde1ff46cbbea5,0.002405863366860642
ck_54b0b070689c50d6,0.001463388449950636
ck_966a167758fddfd4,0.04948974555063824
ck_d5194f2e92fd6427,0.015045718182861587
ck_2ee84f3fa27f2cb8,0.00400981000168752
ck_57d0a7eb7eae2eaf,0.0330987789981858
ck_6a2c4edd82e10969,0.0018089332698700048
ck_96e4d38ef670eaff,0.010048577796893941
ck_52cc2fd5095b169d,0.008517262690181965
ck_4b088920f3a844c1,0.03463339343418813
ck_8f3ccbd20d59f1f4,0.005421254339437697
ck_e5e5dc431bed6f9d,0.006612945151945732
ck_e8b5bfa6838e28d1,0.017974754722725087
ck_4bfeb78b47b7c6a1,0.07769501380137896
ck_a705c61bd679496f,0.007912228768118278
ck_731869a0c39cb2fe,0.020909309060236844
ck_259eb102342057ea,0.006452133457947287
ck_47a6005fabc33551,0.0036543708210213517
ck_682262b455a9edd4,0.001519831064059127
ck_e839d104854945f0,0.004148804075066905
ck_761989aa4c47d746,0.033929947374810955
ck_44211dc210139ed3,0.006534952628200659
ck_9915ceedf63a5289,0.11718974424887735
ck_da59ab47cb6284ad,0.001462137764589964
ck_e5cdbfcca2456652,0.007464257400944692
ck_13f2560c6a1ec62f,0.014036302512332252
ck_a0543e9b3abe1001,0.059509713486354976
ck_11c7a58e09e6547b,0.020955874154534388
ck_69587a134d43a4ad,0.062071106858749496
ck_28dc0de0ae291f37,0.023899948966987987
ck_298922703c5bbe05,0.0690891430673179
ck_fa5ba9ed9ed6a343,0.033979032330802635
ck_c08e64d424e56c05,0.03373112647856957
ck_598e036a28262aeb,0.04014679798374281
ck_3f7c870510083a51,0.006173054519229092
ck_364f8203a3e98d36,0.6333146548941764
ck_7333cedb61506ead,0.011302045164795953
ck_1d96d7fd65f208b2,0.02158090254797071
ck_63133a79f23e2627,0.030953393802927727
ck_901d820e0b72abae,0.0024203648533826986
ck_5dd80b3c01457bd8,0.02378882344906973
ck_c0b8067c144ed6c1,0.01612673497613624
ck_cebb8aa8c8f62c60,0.008978256159959529
ck_79749eca42ff1f5f,0.014685526961132357
ck_2cc1d9b587f6da31,0.13959561647328078
ck_ccc7916b56d42195,0.010168673576329765
ck_e43e53cc7b8b8e41,0.021614849378899403
ck_4ab74a6e7450416c,0.006304168774485147
ck_6e44024e9de301c6,0.002120743045355006
ck_dd78cb6ae2866cc6,0.01759602519795028
ck_c363d3b050baf3b8,0.03109879413475335
ck_2d46291975f0dd08,0.0024800467748494043
ck_76ebeb5aee42f041,0.02885186901056862
ck_8395f004cf4d4c08,0.0021039685384440813
ck_de7259c3741db179,0.02082893234561194
ck_3938e92585df2b34,0.013919843459197645
ck_af69bfcf4f07d932,0.011192731831160407
ck_1723900ab9afe374,0.10938163609757265
ck_3d58628d1c853c8a,0.00732400638578325
ck_12a074db100481cf,0.03378376163298828
ck_8716cbf892c50e29,0.013073048147017737
ck_fbf7351958ad9615,0.012686159033674623
ck_a50370907e6b397c,0.08952820594211361
ck_937402a60df0821c,0.001635956369474585
ck_8ce9c5807acbef48,0.004003225050012336
ck_acf7d65eaaa4c31c,0.002556417893065361
ck_ec3eb6dd0967cac5,0.021145194596565116
ck_fc832b0c90c9bdb9,0.9305109777802072
ck_8129e81cde280131,0.010391316113917946
ck_52c0ef68aa2fb8cf,0.011930329657474776
ck_06f042e9b1b662fd,0.05504183517258252
ck_0bf35dcf7b38f650,0.0018048523303635894
ck_615763afc2e17a7f,0.0013020933506267703
ck_e72db9d4b2fc9997,0.9903488237004796
ck_13757bf0eeb353e2,0.006205229961841714
ck_abaf371ec8249c4a,0.060993352801031575
ck_9b7167da0920c37b,0.04550474995587026
ck_2e824b0b27494a17,0.08338070729464155
ck_9a0b605e9c3220c4,0.024550243189150833
ck_a5276af466b681de,0.002340327461333102
ck_9e0383e1fb6e214d,0.0655707138379999
ck_6a27c44b691dbfac,0.004449027339460131
ck_af39767cf583905b,0.012916851819850859
ck_243b1b9fdd3f9a74,0.0020278651444766258
ck_c0422e638a9c6046,0.019487608644929242
ck_e0f3ea3373dfc4aa,0.02189060122151444
ck_d56ee1654378ffc7,0.024458369339199044
ck_20cd2f5666719baa,0.001816643636345008
ck_4dfa1c1e9b69fcc8,0.02174982332529722
ck_5d22e9ca1d15180b,0.6743389264718613
ck_f4a7ac178fd55f0e,0.006031679977279158
ck_fd5609bd23a1eaf8,0.007132115042713583
ck_49c3bf13dc9471ce,0.032855685624415334
ck_724085c3452d4693,0.3016969313150465
ck_e5d1462846154a75,0.0414942255976584
ck_c69ef0f3e7d6acf9,0.041619983240358704
ck_a2d0417791d4132d,0.013112088068842342
ck_00a07fc2a9183c3a,0.002008069354898051
ck_781b8288e54ba8f8,0.08399650419488403
ck_d74a62ab3804a81b,0.010847522394213402
ck_abcbde211b6267f8,0.043833318214867384
ck_16dbafc035574654,0.00618734477302122
ck_018f780215ecaf38,0.011138962321622385
ck_0b259620eac51618,0.005054546798114982
ck_4f875342394c110f,0.024192698664516427
ck_399e45e5fe9beaee,0.01795652402380377
ck_36224a2d394ebfe4,0.0779422267294669
ck_c189b551bd111332,0.0015138953991201437
ck_125c5a720ecb177a,0.05004003307629539
ck_76d010aa02eb477a,0.0009721293995868477
ck_1071d14c46c92379,0.5215138266295631
ck_61d244b2cde483af,0.0142660997325388
ck_2ff1860da2004c84,0.0027348415371060853
ck_c5b583490198672d,0.009685669717116737
ck_1294f7af22fade11,0.12573721110147296
ck_e3a22799716df39d,0.007547975050540679
ck_c77e22834ef97005,0.459351334412613
ck_73d3689728270a2b,0.0032557282940527837
ck_295565fbf77ef885,0.0025473366789423423
ck_80c0a7f54ff4895d,0.002586773366783632
ck_f1ef5cf7f10b16c8,0.018924141075475576
ck_a958b2461ffc21a2,0.13728649944630106
ck_0e7899a57cd617d6,0.0012419145414747997
ck_9d4fed252718f58a,0.013660349403082415
ck_83c2c34add971d76,0.003974943390377037
ck_9ccc030ba2de9fb2,0.026082154853555972
ck_cd691e3466fb3742,0.006699444458959777
ck_49df70f908dfd069,0.10309112531116155
ck_362ce13eec1e33a0,0.00343523897025429
ck_2452a30397dfc54c,0.01009155001598028
ck_a443d49c2b4863b0,0.014713792794789175
ck_c8b2e2cb349dd0ff,0.0074109043781499006
ck_354909fecf5da8cf,0.009007952143601136
ck_841f598bbd54c83f,0.022985617505079426
ck_cd6fbd4e8724f994,0.03671080724025236
ck_e0b3158111370118,0.01787186971840013
ck_4c2f2eb657c2c60e,0.004471380068785384
ck_ef346071f0b7654b,0.015058527107566621
ck_f3bc10e3decefce4,0.002048649606993307
ck_189b6fbe9b9192e7,0.010951119495864107
ck_5245cbc5ff4d4fa6,0.01832957355826667
ck_cb42e3be6fe87f60,0.004489579935617427
ck_966d4d713cbc7792,0.004553191337225871
ck_1c8c969667cbaab2,0.6708832909333314
ck_d35e3aa9ef5d405e,0.11800841747918943
ck_a1c39df50a5873b3,0.022593597807289197
ck_a152165caf295b51,0.019812758743115926
ck_891eaedae139828e,0.005001626310611212
ck_1a46b56f4734d52e,0.010216513951234858
ck_5e36042cfad96c99,0.1529165696971259
ck_02a8582c2603e675,0.01007526221451041
ck_6def9d0429e4ed4b,0.02803455287142831
ck_e137400825a1e3e6,0.013151318321914235
ck_d91ab840848a54fc,0.0020707415787486407
ck_becb6e1c608e0078,0.0021997491595003695
ck_6fd8c86ac719d7eb,0.07680209161899323
ck_3ed4d13f12fd9d0e,0.04130907501580726
ck_007337aa99a4891e,0.001026868200864094
ck_60c3d8306527a08d,0.002588446494601636
ck_95458880a54df0b1,0.1809767019198021
ck_b48cd8593533fc1d,0.6397624771214325
ck_021c6a4a7e3f1f0e,0.003972671003758163
ck_764d40f865e710af,0.018534706645710892
ck_4b84357ae8ec7777,0.00652247659183954
ck_3397c7856b4669a5,0.0017289754758414277
ck_920bb003b42e6310,0.004087163659699596
ck_8f59f11b512d5b7c,0.08404388316907935
ck_a3acf4b986afa98b,0.11045788761204235
ck_e89d25ed7bdeeaea,0.007585087099901915
ck_70e6bca473bf6902,0.005268062489263151
ck_186161ce152836f5,0.008279493559914683
ck_9191579254663f5d,0.005377363615444227
ck_1e6628879e9d653c,0.009805227117975907
ck_b498fa91a0776ff6,0.014331383783739202
ck_cfc2384f22954830,0.045429320292128705
ck_17673a1c2867888a,0.0014513442563812515
ck_523dce06515b072d,0.00798081746040817
ck_c20638a325ead2e4,0.004981480330969629
ck_d3877e1f907cc148,0.04088793165199648
ck_e9a2495dea8675e2,0.012252598879724467
ck_7e561caa5fa1f3f1,0.019218431609144958
ck_455672e652fe1abc,0.9108550561797633
ck_7f8f864fcc90ca82,0.020992297532486045
ck_1ad36046aaeb816c,0.007704120855539634
ck_de056e37c82e8e00,0.03615581079054054
ck_7484c214c889fe7f,0.017784106129968995
ck_32430e678c4f9f53,0.008078848508069768
ck_6276ece8f80ea799,0.016217678097938875
ck_ae8e5dc4b725bc25,0.014871916344663323
ck_f01be92dc78a2dc7,0.013673550691111787
ck_233397a8bd40d38d,0.004711343372301003
ck_f8124911450fdf31,0.8618768185229686
ck_aa0a3179f1111674,0.008368943673655
ck_2366b29ed9887a5e,0.0018385824811324614
ck_1f22f04dfc08cf27,0.004869202955300875
ck_b62276c3426d680c,0.01171964464398914
ck_d099fca88691f66f,0.04351997796308836
ck_166bd1dcbaf4d6fa,0.0009677172240174611
ck_7b1660e942436e12,0.033650298707860064
ck_4a9a791a1d409a3d,0.047332982385471165
ck_b003e5b54df65db4,0.02270436573982814
ck_64b4dcbf436f0b75,0.008770232323349756
ck_26e9a7bb2061a58e,0.038257448250837385
ck_08b77ad5f8f73007,0.022454854127752444
ck_366616a725afc6bd,0.017509172403470597
ck_934fb5064b6eefe2,0.003418067784312017
ck_c6abd5d57b1009d2,0.0017929206471843835
ck_edcfa9e1cf29d813,0.02967761380530212
ck_c30201ebd003fdc7,0.006801281485453654
ck_c54643d94d3ce355,0.03247225485251249
ck_02adda6e91e49650,0.024316480947582715
ck_5b73d7c5255e58a3,0.1905458984861974
ck_129ffae92dc01408,0.002705313655686237
ck_fa321945ebedb916,0.032430674795937905
ck_8da980cb2e1e2bfb,0.010170824692182502
ck_0576b00d728bdf19,0.020410982319467016
ck_c543d82e22b3c8a5,0.002856467330262222
ck_0027ba644f9ae2cd,0.21397867080139826
ck_8dbf61df902a6bbc,0.004298265685653189
ck_90eeca1cda79fd41,0.0027254709506834736
ck_86d7127391d4e01f,0.001478101591864954
ck_73762038c7ff2f6f,0.003860379878567154
ck_a1484e6215fac651,0.47315098622407814
ck_cb83b9f806e90dc6,0.2677067526771102
ck_8c6f059c95872126,0.002200251554045108
ck_3174419a81e7caf2,0.006031849477774844
ck_6a0f8f8fa4a3c2bc,0.025529232597457093
ck_b5777605668bfca1,0.002404292769553118
ck_27e4de495abb4d15,0.005718924446914354
ck_7f6fa79c7a107161,0.012561655736305109
ck_c36ed9f8e6792ea4,0.01669460557895798
ck_67a1aa88d2ea554a,0.02999967720448819
ck_09748dfe4df3d540,0.005311120805457854
ck_27fd85b1e38b675a,0.0017368437111369315
ck_2369689bd795ee10,0.007637968324739852
ck_4eb1c12f7d092bac,0.0011931707981701547
ck_01fbafc42c8e33f5,0.013323844820120768
ck_93c4e05699b3b7d0,0.012291064384342609
ck_afc484d1b6907983,0.0042039486229160546
ck_1b2d9cae92a1aab1,0.06818311617408389
ck_73b729cb161487f2,0.006270176464757277
ck_fe3c1d0ac090d960,0.09014585385762701
ck_408efac1d3885ff8,0.03729716519993219
ck_ccb4dd9d0a48a76e,0.007764819753363911
ck_2987eab34ca7805d,0.03174036231120559
ck_1dbf1f15193197db,0.03843623332098244
ck_4ed711fe4053e74d,0.05638373669005
ck_6c54adce174f45f4,0.005110997350971669
ck_a6c740041faf0bd5,0.00785427134612569
ck_b05c4d33c4f43639,0.025856460281641368
ck_032880f1114dd51c,0.039454752099770625
ck_22311b037456a76e,0.0014248194540944473
ck_5866b413549765bf,0.003379751396620827
ck_0e808afe2570ecac,0.01855881823047013
ck_634276b05f4381f8,0.008212184064883433
ck_5d8773badd0d4740,0.019139069427878665
ck_82b5b79ce3517102,0.8305916049817621
ck_b378b8d8100ee4b1,0.020908273735320983
ck_54e581f71be5430d,0.002708184797901777
ck_798ba4b8aa544fea,0.0019850089969447766
ck_3fe86b6331ff95e3,0.09806725923204154
ck_81275d9d4c559e6f,0.005632102310606794
ck_99a4e5ef02d89493,0.022715649147143947
ck_54e2eb018d947790,0.009871603457653606
ck_966901ea9c77cc02,0.01113342810913447
ck_27d69ff4e0cb428c,0.05243418759584872
ck_2cee2dd7bbfc09a0,0.790855178700681
ck_4136b00924695ab4,0.0006769575609267969
ck_59a164c40c03a45f,0.0046496369732261416
ck_3e24b026bc66789b,0.001138886259697523
ck_8105bcf69a75ee47,0.0056656513808301555
ck_7a1782cefe26a456,0.036121447009187915
ck_970c7dc195161272,0.0018790437989520251
ck_a48ec0c00ae20e82,0.04547706169876584
ck_54b374ade34e1dc1,0.0084894240449972
ck_74e5dec189761d14,0.004326659387937724
ck_4717f24f2c6f40e1,0.10446487492941327
ck_fc8cd8a8209e802d,0.01821939128853346
ck_71db4131d7efe218,0.007235939462878534
ck_45424ea6f0bc4650,0.11361116798948913
ck_3716c6181a5035bc,0.01310115670043505
ck_26de14b96bdad4f6,0.00535459094643138
ck_99c0a41ac9c73857,0.0040375820161377175
ck_645f15bbbcff3b4f,0.9856258969665792
ck_b7e25ddd41514d4c,0.002680202882205459
ck_d5c14e877ca7b755,0.005090046821848174
ck_05ea4440dac6cfad,0.016522071302700888
ck_c58bafff7b1955cc,0.01578405129120874
ck_f0cf85b67a9b840f,0.015511018632078528
ck_ce1500a7f0d03fba,0.002114955004747333
ck_d4972a775aadbbc8,0.008214602475318265
ck_3eb6146c262e0fc3,0.0014910234473655658
ck_afb23858a4ef42ed,0.9619796033011342
ck_2c1def5c91c52a5b,0.18654504140510567
ck_72e550559487b919,0.0047785965442146885
ck_0284dc2b4f856b3a,0.37782969302257896
ck_03be334935e999a2,0.008965605899655508
ck_e35a4b4a3cb4cedf,0.011085027141455314
ck_5abe57dfff4b735c,0.009688060437487657
ck_f5f87f772388efa0,0.022332779200127155
ck_5a22cb36d612236e,0.00407583562232545
ck_8ff1e6028e764472,0.581437651760673
ck_2ab28149b0986642,0.030026228905610824
ck_c88fc1bac79fa6d3,0.07090122098445219
ck_5b137d74bba6b1b4,0.0008477418340969085
ck_11f362dca2dfaf5a,0.025502478004831554
ck_7f960541e5174565,0.00477440008547812
ck_d5458ba39ae94498,0.015261450155842286
ck_0a921a73a90c2e39,0.027548439383372928
ck_6ad56ef40086dbe4,0.005013288525496376
ck_b68199ecccf2350c,0.0013014950712616703
ck_6dac66c8198c07d8,0.007793605369963143
ck_9b9ce7bebc235fe8,0.0040517373211054605
ck_6b817117d87063a8,0.01699349726221201
ck_900d62b3184378c7,0.0035532555314822002
ck_eafe9b89857149b5,0.00394769314868356
ck_e74716a525ee5b24,0.0019023720711280985
ck_4e9a6f06ab134102,0.01530030830203964
ck_b0d33b5a3716661d,0.008244095034172482
ck_8703543bf3134306,0.009323402010736417
ck_923d6a0f83accef1,0.011567153034224955
ck_52e37e2170532e2a,0.37544870801215224
ck_c1c5ea839c58958a,0.03196075566049705
ck_660f0006780e87e7,0.008958504080173013
ck_830b2c5d1818ac07,0.05142169226298369
ck_b080ff636932d1f1,0.001939624900702481
ck_38730aace405f2ae,0.98932572853249
ck_9790138467a06223,0.001891475903142884
ck_10de0b0d86b17839,0.004348674257129634
ck_c3e37a4d3382c32e,0.001284409525690952
ck_dd8edfefa1eba531,0.001309868583851669
ck_8153cdadd300d234,0.0010853212785890986
ck_74d0e7c2c6b63d36,0.90560954089599
ck_c478aae3031bb328,0.005647034185072758
ck_cf301f2194975866,0.01115313263449862
ck_f4de03f44e3a5bd5,0.009772790026499447
ck_b06ce826e593b210,0.06809740956310895
ck_2fc70b6baf6a0e26,0.002627572809405538
ck_d208494cf5c90047,0.06788184630302904
ck_086d29ccae565e5d,0.003283656541962713
ck_d5ef6dc116dee408,0.010240123308487727
ck_fdf0c5b722d83464,0.005525993025931833
ck_de8494b13adeffb5,0.009120383235947755
ck_556786868599143b,0.019795601478444492
ck_4940e78cbdcfecf3,0.013714981726851726
ck_d32fbbfe32c00416,0.02376211336009891
ck_bc7710f7e9fae649,0.0036850801526712947
ck_416f7ac57da081a3,0.012226943034895934
ck_6fb39b60c67d5475,0.0017121575893302746
ck_e40a156511345d6a,0.002667420814113394
ck_49ab879b5aa7fccd,0.07106527759929306
ck_bb643194d1cbc47c,0.9856516702978977
ck_b3ce8f1bcedfa043,0.010141333931634198
ck_558ebde8c29132a4,0.020108943526207138
ck_e6222925762273b8,0.0746599711841377
ck_bd80546b4807dd59,0.02257906665835713
ck_bd21164bd2bbb635,0.04154637984642986
ck_ea835557d7043667,0.00800984645929476
ck_1411a80a157ff39c,0.0073036660383098955
ck_ab973888c20c9120,0.08498828281578358
ck_95b48972061abe82,0.00473807419700241
ck_fc4a43f8876bf10f,0.09716625878906195
ck_f34fb7ccf82f41e5,0.010982204719558391
ck_5af9934a56801ac0,0.009049732869109966
ck_fc7445ec76389a58,0.38405580645062626
ck_1eeacc26f02fbba4,0.055058605684962576
ck_4f325dd15c9bd45c,0.03793299969526551
ck_5009a6c8bbaf15ba,0.07411972548278617
ck_0f3de7f074bb33af,0.009739421721086385
ck_2cbc2f93a32eede8,0.04369592146764151
ck_4bb90a61c21a303b,0.013617623810809096
ck_3ade9eac7d7b0dbf,0.0841032534537859
ck_4859a58629622915,0.06081278265496054
ck_5fed957287ebca03,0.002121476107825205
ck_ec01ae5351500355,0.0013587174963037973
ck_703b41624ae6a5b6,0.003713899461325639
ck_97c38e7f61c27e47,0.011272751441541167
ck_db2c0908150cb2cc,0.03836276668274573
ck_64ac5e6fed86ab60,0.8207841061509985
ck_da1c853b0a061e83,0.015908764626275784
ck_9a36916b60178ded,0.5874373470900423
ck_3715bfa7fed2c675,0.0042146553473579994
ck_dd3feb77d7d4f6d3,0.009135932605682564
ck_982ebb24174a4ade,0.010721652864189992
ck_f6b7a10d47dd9a1f,0.009217784314745492
ck_1f56fe99f250cdf4,0.029095119354446773
ck_deb3ac0606d6f6db,0.019263502295735806
ck_e666629e5a41b39b,0.009506993213822125
ck_756d2c13d02b3e09,0.019268000560006625
ck_7bc752ae7cf5d55f,0.008821845368617185
ck_fc0cc4b25e6a8194,0.009615893949759272
ck_9b2b0e286de78a1b,0.02114554570640592
ck_24b0803447211bf3,0.013859043937678239
ck_82eed68d05a42128,0.02528760642591529
ck_c8a03c516ed5b05c,0.044842231505860225
ck_e914974cee1bccb1,0.01193440721445209
ck_0c533ff2d0f9962a,0.0174050252455048
ck_c12805fa5d970a83,0.06341170407717164
ck_fc2cb29918631f10,0.06645333448190102
ck_c20e89afe575549b,0.004222796325849816
ck_e1ff9e31becc27ae,0.06791820795197892
ck_18116d0ac08f1996,0.9472528411323785
ck_885a83975cea5e64,0.004198183077319761
ck_a0c3059a959ba5d1,0.024929732556326772
ck_75257ca7d7da2861,0.029480185578319162
ck_2210f7a0d13bdbef,0.02284856813169589
ck_9cbd9ecf8374f65f,0.003508296398707458
ck_18f67c00ba21fbde,0.014566066497717448
ck_2d28f14d3973d8fb,0.0021662373410253097
ck_8b3401b44aaae728,0.0032757994542541666
ck_9d8e9ef37797d3af,0.6483289271012107
ck_9f50920c894f64e1,0.009847991618450947
ck_4737e0d56c6fa0a1,0.03415435744937222
ck_52c311f29ca3aca9,0.0006894828707875826
ck_6a4981bc721df37a,0.02030065328657942
ck_823539d936c55fc6,0.0013997127967394927
ck_df5aedb4118020bf,0.8989132109111114
ck_a911a066ff0f7b56,0.03184825551221771
ck_684609767df4a14b,0.051590083636266326
ck_f2350bf355dc919e,0.00804220761045677
ck_8452b6cf97c65a5e,0.010399197853672135
ck_084cd84501012218,0.7608861913811287
ck_ace6b72e5bf3e93b,0.36026899309708116
ck_2afdd69094c955c5,0.030266514881740116
ck_fa7d5be26bf7b31c,0.3114068914532198
ck_4b041217690fca2f,0.024981930386216152
ck_9fb8e3d38cdf276d,0.9144226446770429
ck_c1ee56d65a42f59f,0.05205993595237269
ck_fdeaa1cd085691f0,0.02791848525512147
ck_5de33a7a87e9aa62,0.021264052937790535
ck_7476e7fe1ff45545,0.021636339314663265
ck_b0a947b498e47018,0.012392722559859438
ck_e3894ed88a7977e4,0.0022852544267117237
ck_c7e07ebfb0bc15f6,0.05328056907761605
ck_3a3daa8b376f2a18,0.002182416059971573
ck_87809324c2675b0a,0.013134256002103169
ck_7eb4f33260f1dcd4,0.016766937683279456
ck_ab9f0e08af030060,0.020704378877253876
ck_5b8fc4a76f340797,0.05557061018634973
ck_0e7bf10ef49aa818,0.07643654057854513
ck_a44462a3853ac67e,0.992054052050301
ck_2d14bcd2e0fc043d,0.0032721433084850777
ck_df1f2dba802296be,0.8595630502776296
ck_466a7316eaf149b1,0.056719782207146484
ck_50df50af592b0c06,0.013572385175084727
ck_5f9e34c849704b95,0.005590755096083381
ck_7836bf6def26aa87,0.04437889211587845
ck_ba175b1bd8efaabf,0.002615321987502527
ck_1a0aac7f7b94b1be,0.197962021301363
ck_6768c4b2aa8ce586,0.012124415350936515
ck_eefcf0ed15897898,0.01256580230572104
ck_7a6cb27e390b6ceb,0.015215892750526074
ck_5275be4e1577c1c7,0.004199281601082634
ck_6bc0e5b8c0b7d2bd,0.05680576886734908
ck_4874bdec79f9106c,0.02529380272803595
ck_a678731156ad7bd2,0.26351457427699776
ck_db906debc36a5d1e,0.05685614644012062
ck_e87897767c612942,0.01882605870046741
ck_45ed5ee496ef8a67,0.02090322183834494
ck_ae20e28f9854f3ee,0.02421951253016585
ck_9ee044b73943a90b,0.012934625694106791
ck_dab34cf6f0626c9b,0.023474510449224335
ck_64a02b7b96149810,0.0017022066704404635
ck_c417d06f3e94685d,0.009399251005791242
ck_3e0149cdee4cb294,0.017776152760759542
ck_0e6046fc30f81705,0.01669852230895315
ck_c383aeabd53e9c89,0.034937970937241845
ck_2ef76f1f36e8b869,0.08853433645132018
ck_43948784650bb9ac,0.013501971878315812
ck_bdb966f43ac350ee,0.030887460387511396
ck_5bea0e0ee0b094cd,0.006622652964574011
ck_dff090f03ca5529e,0.004822088574478946
ck_a4691b57f837d88e,0.01167535481388294
ck_99ee90946395d74d,0.7325656301350693
ck_cc81dbc83a8879fd,0.005662216313253518
ck_f3dc0725621b3a35,0.002843221246342275
ck_1bb212d1288b9689,0.02436115122938686
ck_9e7278fc7679f002,0.02817725329719968
ck_3ded7a8720d7e311,0.008300523813965583
ck_798157bcdb9453e1,0.00295961054684075
ck_9fba80f56f357fe1,0.011609284281440507
ck_f1e1c8491f16f912,0.004012510440805186
ck_7b1319a5ca2f63c6,0.9652149875550033
ck_124432fd5c92af7e,0.6702097922874649
ck_148cb0c723284dc0,0.007466829502813914
ck_b56c62c950eda009,0.003927197213988202
ck_a0498755cd8d7188,0.002225946865055425
ck_5379452a9d74efae,0.003088638898404119
ck_6c2453229d608183,0.015539376088962236
ck_f9d8b4813a88c1e6,0.012073812038094562
ck_c2c7d1e45a521857,0.04307855903613271
ck_4364a83a11743888,0.005566098709442909
ck_2cdf5fd97ba75e06,0.13983994167564484
ck_71bc01291e0533a0,0.0135879997618423
ck_a725d7aed2a0bdc2,0.0014641864274810381
ck_a9b0c4dbd7db6a91,0.019268448486528318
ck_a4258806a533efa9,0.020936843210046335
ck_905e460591d9a278,0.09932364745462227
ck_20de8abfd8960ee3,0.021661732426911193
ck_252b0a0f1119b220,0.00221114724780996
ck_95e4bef65c36af1a,0.0012727226893498144
ck_5ab68b434ad53fea,0.007527847069885156
ck_13677a1957078827,0.0017437260163924626
ck_d251e9fa09e542dd,0.9948253086850076
ck_700cb620f300dd47,0.016490941704055778
ck_39a68c55a1bd3ace,0.26560721861776115
ck_61a59a7944d6c53e,0.2786262295658095
ck_db6d1c6d31da967a,0.007059914121362103
ck_650020c500b1b50d,0.013685215678000828
ck_d812eb6930192793,0.0021916806287405714
ck_92f6ebc11ebca89b,0.09292595344188043
ck_d87e26eb5bc84b01,0.002320582262099414
ck_66439e697695224c,0.0032480732195303806
ck_f21efd504faa654c,0.0029472416064635146
ck_15eed0f5652f0352,0.003799783697301159
ck_bcdbf57d98dc0d27,0.03710794354229107
ck_873ceb8004d3a9f7,0.04064369381989957
ck_70bef9ddd4bab005,0.0024094184601363765
ck_7560f1891d66f294,0.0010729967329613688
ck_f439f16f8693883f,0.012904788042655354
ck_14f9535e53f9c7a6,0.01496977749262004
ck_5984be472d2bc267,0.26425039932481764
ck_ed01be7504dc4187,0.041320856862312176
ck_dc3d8b5c17b67ae9,0.002973423820996089
ck_9dc23031b6b494af,0.023736468512338984
ck_fbdac0221bc03f66,0.011030028254672877
ck_863708a99b92ef0d,0.036399631695542375
ck_22b52654776a1ea8,0.8022190494712858
ck_a0714f98001efa0c,0.013943502267871149
ck_9c56114f84e9a541,0.02296553509418394
ck_e155cf506b2fb699,0.004391379905715233
ck_65ed7e72f24731e7,0.002471001175086156
ck_822d6e8e43befc72,0.30552453606097746
ck_b1182471d9ac6b26,0.0016735034857410349
ck_821446adc95e6da5,0.0096046747751049
ck_ff182f033134dbb8,0.024627926905938208
ck_9c5feef7647b0588,0.005781583050758975
ck_df935d8bdd44883e,0.013444538817876377
ck_01eb24c18ad11fca,0.03400205537973845
ck_00d6730134a1eb51,0.00962703323779203
ck_79ba8e85678d0224,0.007000898296052425
ck_97e3b04a1350f6e4,0.02138426434984115
ck_74e9747954a46eaa,0.03589782321314275
ck_397d5fcc9972f909,0.0250590816928809
ck_9ede89e8a43c3f53,0.10321114903656056
ck_303b33910d67f306,0.0024936821674786734
ck_3c17841636f6f7dc,0.006254795036316593
ck_78730527f8ba1438,0.16478392398148922
ck_5ee32bc6bb5d1d4c,0.10798883678206533
ck_a13fee8cd925d0dc,0.011984589803592072
ck_6f847263379f2e43,0.023858796937584786
ck_9b9d9e579e7b55b2,0.08205677233060184
ck_87c1d0a79e79c84b,0.016941399710191162
ck_bfc453eabb472f91,0.008337923905875566
ck_978c21bb5fe3171e,0.02514110204241877
ck_dd882323474431d4,0.06139374314957788
ck_533c4f7400d5ab22,0.2131645634643275
ck_5f217bfe28954e75,0.9838151145081556
ck_ae96d35465b3b4bd,0.011062437356318693
ck_512ebe97c0af94dd,0.21035313611844716
ck_f558fe02bb0219b8,0.010782858904253012
ck_84092e23d5ef4d51,0.035679406757207315
ck_17d3022ca12eacd7,0.009773136575239242
ck_8a8f81bf3558fd9c,0.005449804553621406
ck_0ada6fed1864e7c4,0.013091761641396873
ck_21fe7bc59dcd78fb,0.003555250486425834
ck_e136e20c1c74fe38,0.007019508145051746
ck_e7a530e09d113dd7,0.15723652772713234
ck_7cb0c9ded4d63027,0.026599179720733654
ck_102db9615e722c9e,0.031963029097419195
ck_129e39ddfde92eeb,0.0017445573990607787
ck_d730ff21bfd7769d,0.010300531552649555
ck_54459b45d2be8459,0.002538746737246067
ck_7f1c20319eb60aa6,0.9904171244969573
ck_939fede90473e412,0.002840734858399179
ck_e0f9506a6d5f4a1a,0.0031533950165328634
ck_9a4967cdf49265cd,0.19227180505017666
ck_b9eaf03453ac7d5f,0.0074667440260821226
ck_522477be6376b450,0.009915905016159694
ck_9b6282e3bad50710,0.017104443022956124
ck_a0e3a2facd508e49,0.03212484193286019
ck_97ffae702f7c3d08,0.002726656948620086
ck_344a95cb7115ec67,0.004594109414140906
ck_1f2760764afa45e8,0.004644505363769213
ck_720cd658d11ea428,0.04905788721210959
ck_04e32ee9834c088d,0.7938443034950627
ck_2bb1389e5e72c8f4,0.03010192708704114
ck_961e7dbc217cfbbc,0.004518338530381051
ck_f3bce4eccfa6d6bb,0.005209928388879924
ck_e0ccfa0d689339be,0.004279658425325629
ck_98217aeafa0bfefd,0.020095584200217995
ck_a02aeec1914c158a,0.02976961551653
ck_20a17e8f206a14c8,0.02113834651551838
ck_114c32aad4b6183f,0.04795391384229164
ck_79f5198f0decef20,0.0026698965420283998
ck_2209de229b4c71c5,0.01257575699278242
ck_6ee939b7f396975f,0.006828951690991824
ck_202f0c14b07ace01,0.054019470346136085
ck_fa24db9d416ab904,0.005482570456455213
ck_cf6aa24b92c4d33c,0.3801782151646179
ck_45f57fb8194cefc8,0.0133774950085008
ck_d5eb179dc45394c6,0.019783365638083885
ck_efb24be983342f75,0.0071119422565646614
ck_245f5d62ead5ef28,0.01214901125380743
ck_15fe2a47fa7e92ea,0.0028554410819896492
ck_b6527a85fd682554,0.01682221786137272
ck_11f9390a11ce9ff5,0.04156649986411332
ck_ffb4d892c5158201,0.0012913284029283179
ck_d4c1da5a1427fd6a,0.039957666177018555
ck_2c041b1efb1c5063,0.005542916643515833
ck_ecc18f40b33be769,0.0853687588982757
ck_0525349f3945375b,0.06623273907484109
ck_0bfe62e0c7eab9c9,0.023063296232590513
ck_b7c37d410b1646c2,0.02036017789455093
ck_4b15b0746318cf42,0.16473004523274506
ck_e5ee006ecd8ff661,0.053309186053377595
ck_ccc83cf66365357b,0.022497586748424215
ck_34a33ffe8339f66d,0.8660290977686512
ck_4e39e3b165edab58,0.6527431445037624
ck_1a71f8081ae00190,0.97841076203426
ck_ed8f1200fc049c40,0.9821421059036824
ck_8a5a57858e8c77f3,0.013840650289222932
ck_fff9fdc2adf5100b,0.847226616038124
ck_c76f1bf40f3b787b,0.0010868326346234847
ck_1a6ddfeef82b1b1a,0.008709221266427071
ck_478d2667aa9896d9,0.010512413461279584
ck_641c8e7694b21f3b,0.01604014275360828
ck_293581d879f6663b,0.6588845834274983
ck_1bfa8abdb22be8f0,0.04936027430668284
ck_05ab5b03d0bf9ce4,0.3775807722389566
ck_35694db37f0cde7a,0.0006813899678260811
ck_fe33eb743d714c03,0.01209434578557947
ck_abd10fbcbaf2b038,0.005746454114105232
ck_46d51648c1bf80e5,0.2539433399978019
ck_5c8390017fabfaef,0.011782415519829618
ck_87d55ca333f22072,0.0017486389383850247
ck_c39c6a1453e2b92c,0.0010437985531865524
ck_69ff1b0aa143a168,0.0010621792792199066
ck_e57c79eaab35ded7,0.00535313545069094
ck_463ae759e2b6ad1d,0.010879886593617424
ck_0dae4a7eb587f3ba,0.023185283905318606
ck_9b12fb56529ebc4e,0.01635403410702924
ck_1af547077ba2dd03,0.1026496712809733
ck_de13de941bebc7cf,0.001401349210655254
ck_83dde7da2bf647ac,0.0012584861471788436
ck_c80a94d4660041fe,0.032972286274801296
ck_f39cfeb277ef6528,0.0008817791100649983
ck_1cec1ed1512a2d3d,0.0015713277599340323
ck_7955a359b6448799,0.0023127575603519267
ck_8c0955dad13c3ca1,0.004523882452684004
ck_6d4cd2de601a2308,0.014907917848667759
ck_f4536ba8dd2d551d,0.017135254531503344
ck_b379c198d6db2d62,0.01765344220817257
ck_76ea90ebc74bcdc7,0.023284753052235263
ck_734f06bd4aa92781,0.03323220775694581
ck_677e1d0c14cbf569,0.006047820756511527
ck_259271c70f3fbcbe,0.031552312907021055
ck_c0b744eb9e7d4eb7,0.009977687254010178
ck_3d41faeb96802f68,0.0021501898589777846
ck_8f604fa70fc3c8e3,0.005290036680858901
ck_0b3c3bea0e0ed339,0.007116296018012681
ck_be5df076b8a86409,0.003154486792017995
ck_6a475fe324d7d790,0.03326536371489155
ck_3ba3fa5387bacee8,0.0006148366878810727
ck_324b9939d9c1c31e,0.0017527502023233564
ck_a7fcf7b592f68ca1,0.02149848429592533
ck_5b2728f7cca414ae,0.001179021227030314
ck_5f4a25ffd0b85a47,0.02180217073886077
ck_63d4f5076fe4406e,0.002267328512021819
ck_af528d66c86f0cb8,0.008250650984919795
ck_ac7cdb9b8da7b5dd,0.025636209354032945
ck_3bece63711407e25,0.02426593420194154
ck_d4e0b2a12fcfc35e,0.0037650533860022132
ck_ee3e7c9d3a9c74b4,0.06130742848680808
ck_50d7c4dab837bf66,0.008227312533546608
ck_ebcb93a2990fc914,0.08372377800281663
ck_2329cc9702cdf7a0,0.03582390125931036
ck_db1fa53d588bf99e,0.011980064929943997
ck_44e57a0bad5a0745,0.017751111447862285
ck_472c81a144f4631b,0.0019045265768858305
ck_1658429acd5306ba,0.010857243278423767
ck_466103ec5bd9444b,0.012893739129544694
ck_9757163e25262b74,0.028783489175240637
ck_34ed59bc2c9b0186,0.004730363924262708
ck_b7bd3a7f263f4f29,0.027262397695504696
ck_149662b09d632e41,0.00914677893113098
ck_a9ffd6b3957bd41e,0.0034154765022030636
ck_ab80466ef615e85c,0.0023849154542616153
ck_f2c824d3473db24c,0.007854580151607164
ck_a4a01fd45936b078,0.024860460506867115
ck_8f6ce158c2902877,0.0013720862966661712
ck_5189a302cfa7cefd,0.001144572260552398
ck_430a3d03be588201,0.01074983641730261
ck_b5f9dd00914b4db4,0.005661665918848583
ck_52dec82e9cf6135a,0.0049416132593036914
ck_95e444a01e2ab4a5,0.026009255745510995
ck_e37cee7b123692af,0.04378314868886741
ck_d68d42858a55adff,0.03464659623687961
ck_3abfc010091d679d,0.03509745784293518
ck_cee4e4e1b62bf82f,0.02486655236125068
ck_9ccb17c35e636c5e,0.009583382308904924
ck_f72a5a3b0d6c1177,0.001487347798575334
ck_7508aa554fae6afb,0.0660590599212548
ck_003aa842b7ca1d77,0.41915156956665955
ck_83b2b192f41ee2bc,0.351978238529568
ck_64796b6b2c3c7f06,0.020263314658690395
ck_6438ae81d43cb196,0.012344361902895687
ck_2bd73d9098504760,0.11024970166658134
ck_aa8b9b36a099e4c8,0.019791693411429397
ck_e5ece47d0dd10526,0.011213716751885974
ck_16077ac345472e6a,0.013097477606504242
ck_a4d6e152b0076964,0.004953476232163532
ck_d90b1d03ae151f62,0.019495340493414347
ck_18b36d342b530af4,0.0090931133232818
ck_2a01e610348b84f8,0.03081232005184221
ck_0a93ed76bf36c8b6,0.01858268741766441
ck_3d56b477fe2370b6,0.018532817501399016
ck_17ab3068fa303682,0.0029058983535568553
ck_592a3520d841d11b,0.007334966104607032
ck_84d07028b5fca2f6,0.031125479585343233
ck_f4a2bb10afa85743,0.005372157288410916
ck_4fe4b072f03f2c1e,0.002122614955974056
ck_9ad08fcc183ea1e7,0.0019880567082174463
ck_130d3848b9dcdb05,0.010519241088182823
ck_bb399ed6bf28c230,0.04468758072561866
ck_a31a64a39a2c4941,0.007594187207654237
ck_c49f25dfb39909cf,0.06041814305626209
ck_55f50a9ae2db8ff7,0.0031500041566095123
ck_09faa4e771cf876b,0.010707604137481359
ck_df520a7a6e405889,0.06220763347015046
ck_8c8c98cc694ac900,0.037744063875085665
ck_7f0c4f609673ef62,0.01903601228384113
ck_f51fe59cd445d2cb,0.014116807767279128
ck_b3fb83f0d772a831,0.0126457438656053
ck_d6e7e257751c299b,0.0017770274907067214
ck_0d362ddb4a1cb6d4,0.011828895499798963
ck_a574a08edaf81781,0.00585438475217605
ck_a823f5bcb0e4b9df,0.0015030341923202963
ck_f792586ad0381eac,0.019877315441720892
ck_54bfd70022c66983,0.004455482446887707
ck_fe0a9372c9372de9,0.006372342643129544
ck_5691cd6fdb6d8147,0.033696482093064986
ck_a95f212a02433d23,0.006370487981407174
ck_f5adad75e1c06731,0.03841386502309895
ck_e09c97520eb0533c,0.016830662852484354
ck_a1e13c0d58560340,0.0011823795674410864
ck_cacc2ca410cbe80b,0.009483704576497224
ck_c0dde2a6ef1e08c5,0.0023355013895962435
ck_a04403073c90ce38,0.0014032635026909207
ck_03d3026107175dae,0.01769884905568809
ck_50176dae5b1b716d,0.0017959150326529727
ck_6c084bfcb38e96c3,0.030453487542513997
ck_36d2be9012f7909e,0.05048757029179147
ck_958acf84c6137a22,0.022497801242930576
ck_114722e12db90a73,0.006692482569594153
ck_203c2a22c0c165ac,0.020498041566616693
ck_2c44ca550e5cfa82,0.02382804139706172
ck_df0a8f20ab8f14f4,0.027631487304410965
ck_826a27ff7555192e,0.010479188499844888
ck_09a988ebcf062297,0.018437460970383943
ck_5c82444b3b9160ae,0.01685741932484465
ck_f6a4a7ed27fe76fc,0.05499474075308907
ck_17de46314b5c6a92,0.013023722263528787
ck_335e63101b1e6c4c,0.09153431157145817
ck_c5eefc0697451de9,0.04136260718048248
ck_49a0efb5d4067b6f,0.08800954926089377
ck_c1f4509c8f5dac5c,0.0034789273386644877
ck_57658eda1c59bc52,0.002252946376607675
ck_0d5c0736ec76385a,0.0012739821665031677
ck_e0239e6ae30795a7,0.03117393232118919
ck_e4459115cd8e5e4f,0.009809109194980127
ck_bb4aec09d4968dda,0.11555903981018668
ck_a1b4c96faed3e0db,0.016104197181961308
ck_8247b79ac67aae7d,0.019342762604002944
ck_fe2fc7d6e5d83f09,0.003332165482090552
ck_f6aea576cde8d592,0.0009680603054808337
ck_b7e7f7d0cd886412,0.10419104548679368
ck_ca7b993e8286af7f,0.35671486987066137
ck_47de038381a9cd65,0.016392525267213083
ck_d38f941d09eec820,0.03964134266978834
ck_d9ba2a6c0d926b4d,0.005489096839471975
ck_cda72f597330d0f3,0.0031726016474911004
ck_16d2d27fadeeacf7,0.006657500264995095
ck_be05447853d423a9,0.0017744589041826188
ck_cd92852d7376a4a8,0.0022792158257824305
ck_2faf7ecccc9fec58,0.001234260733476979
ck_db8733fd92f20cd7,0.030389325194856043
ck_a9989a3a94c26634,0.013002472635805194
ck_957fb25437c75e41,0.05269631868476982
ck_e6a6caf6e7de17c2,0.005794830261810955
ck_f7bc569b37e8bdda,0.007911004733419215
ck_703b375dd86a6124,0.021296183644658576
ck_d3cfb3603f2c6ca3,0.04666348459116387
ck_07cb2b6f2a4303e1,0.03652511491721967
ck_31631e2028d4f855,0.015005761904586069
ck_1631bab0ba1256db,0.015571474542974821
ck_5fdafeaec036f016,0.012241278211082915
ck_6eda4c36aecad602,0.005889167644203066
ck_bd1bf9e3e29de281,0.04823576197624138
ck_bf378ea558a4125f,0.4979899175935866
ck_7aa2deeda0e57412,0.9915454406930237
ck_d229cf7f5a3f38ca,0.008278308573356014
ck_9e109edd124492a5,0.0034005859962404203
ck_779491819995625d,0.7867852582237344
ck_b89c6fa2ad0a12f5,0.012168465980958486
ck_1d01b4a609918c4e,0.8851315172536816
ck_714c5d7cb17bc9f2,0.012207627780771538
ck_269f1746f2609ed4,0.00586065758291898
ck_4be03a2aa62b93c7,0.001336632975202874
ck_cf920313f6dd28fa,0.02230287187305111
ck_fb00aae4e17740c5,0.006938376530833748
ck_085d8c42739e2b10,0.987978007442703
ck_c72a7d0d03cf3e17,0.076128891030885
ck_8f6ca5d3b17eac6e,0.002908012306162272
ck_d9573100bbff4014,0.25443341859188207
ck_79d6793d1d0cf43c,0.0010359297972732215
ck_91fa5032f7aff0f1,0.13149168940045408
ck_87110d84872c0fed,0.016799386049684083
ck_8220da627e9992a5,0.002248167160851641
ck_2ae44938847f3852,0.009844732517741882
ck_b0f191e44f9b6f35,0.04345535695077935
ck_3049d744b527f4d0,0.01108747509446712
ck_47d3e8d1dd3fbcef,0.01881177267417422
ck_ddf787359d2b5deb,0.0009940934669606038
ck_b27a9e39726b26d9,0.0013877135320937704
ck_80c4e9274cf976b6,0.9730837038252497
ck_c6afa913168ce8fa,0.005617519343086341
ck_52427b3f8478db19,0.022722420503154102
ck_3b810f15ca0eaa55,0.006202581911755491
ck_0c9e420f97baaa06,0.7922976552346561
ck_f8540cf3a8b2f8c9,0.02367074601255561
ck_1402d24dd623df72,0.003968403815074278
ck_eb4f4267e24d042c,0.004911444717505118
ck_6f661b428d6fb8e4,0.0390495685052941
ck_519a26ecf3d29c90,0.0039958945578595735
ck_e886ba71d4a6fd73,0.034522736526917015
ck_437f9ecd2016a1a8,0.008233125286873363
ck_f01af1b0c977cc06,0.005202065949954175
ck_614f777c2eb5d537,0.005426852782600521
ck_b804e784cde9af8b,0.0077572053229988825
ck_c2dccbc1b24b137b,0.12149874771184171
ck_1df4a1781a0f6999,0.021449465891517663
ck_bd2cdd53fca26171,0.012542015935743781
ck_424c254249a109f0,0.04328061727470846
ck_cf2ca4f286e289ba,0.05420515014131677
ck_6c33cb15b0d8af54,0.007469585239667701
ck_311d395fa9b8550a,0.017871111792872915
ck_9f792e7e721ff7f1,0.0042390604630702655
ck_4c37586080edb7fd,0.0023515497384957477
ck_7c4f42c5397113b0,0.006807616610275161
ck_fc418f53ce4aa579,0.9609487505489509
ck_1ba28fb7ef726ce2,0.01109137168168758
ck_d932f98bf6b83956,0.047525499622123046
ck_248b3659a9239240,0.048825482314802826
ck_6a92cf5f4cf5de38,0.015461754813719615
ck_65519d0fb137e0c5,0.004579682171498584
ck_ddc3fc99eaba2064,0.029795384746519167
ck_7310cda3bc65a73f,0.00614705390743207
ck_c01c85bd631d4054,0.003909939461314045
ck_b4954d16b9749829,0.009508479633895546
ck_f301f6758e170d66,0.018845178889465918
ck_9bf95f8c47e7c7b4,0.0048556816261675064
ck_c91b7fccf6aeb4a5,0.039403064091320966
ck_785fa45e86bc5e95,0.017168539501698804
ck_2a65f1cc23f1180e,0.002667523322411623
ck_a49a2c1f881a3560,0.0054980010077608854
ck_def344d68f06d749,0.01666339922332024
ck_abbd1465fc730d78,0.005289913084499531
ck_07a5610ed28162fb,0.013787048782767729
ck_7ecdee2d7127be8b,0.018523929871899228
ck_67858bc00e81490d,0.0013278970034040231
ck_b4ad165ace910222,0.007327669756278438
ck_30753ffe481a1b8c,0.4280988966515434
ck_c401a26725b17177,0.0012770020875207313
ck_819988d8a7f26415,0.003529815379463685
ck_3364a1d9261b3638,0.00889343686044085
ck_c484c5bda389bf20,0.0007503230335865935
ck_ae416325fef92c9d,0.9765798638726559
ck_5517b9a865960542,0.004186598885709762
ck_a0e96fed380440b2,0.004974520924660656
ck_e83409471d2b0b44,0.02278736401222623
ck_127273af97d7827d,0.005924553979850408
ck_aaa9861c91bd14dd,0.005695330193422594
ck_a378c58294001a36,0.9472742352209412
ck_abb9d65ff1f95b64,0.06252489001053746
ck_a5ecbefa849ae569,0.009705891134479996
ck_aa9953c0ca2bed7b,0.0005679574523624224
ck_40bc6de252865f32,0.004100740622808768
ck_9fb11688dcfe1513,0.006271950935210293
ck_ba68841ca2ba073d,0.03640326852158281
ck_1d3e561a7d20be0a,0.979934274483524
ck_99a92d710a29c1d0,0.006310189124248308
ck_ede2e887697ffac0,0.0019651649983938647
ck_e6de67c0d82a7b83,0.036147598437721244
ck_6b38763bf5ddbcef,0.02583649728619607
ck_8dd44eead7d765a5,0.017116880800675183
ck_30bf5b0056eea9e9,0.23275744408325383
ck_2981d16f8a51a8ed,0.019114515129242362
ck_fc60f42c68c7024f,0.06878941756386908
ck_8e2b2251ee224aa4,0.008944625898806723
ck_1906f0dfaf6e9bad,0.49730612935927593
ck_dcbe6814fc4ca0b4,0.0870516799255856
ck_f7e958a286ae3b57,0.007102772934139977
ck_713649668a7ca824,0.010487853260021685
ck_6f73cdbf9305e2ea,0.011880122311938305
ck_dd1c490050cd9051,0.010042152639309484
ck_e30db36e376606f7,0.10120498853908992
ck_740d8fe8028b5a2e,0.00930730477459284
ck_ebbc9418cd41f692,0.002578370695478357
ck_7b3cc6cc3f250f39,0.013445625537452363
ck_1d30eef7110809e5,0.126526263673756
ck_77e0589ab339ca66,0.007287745674527039
ck_15ccbf8ff7d14086,0.011313586830116195
ck_246989b0c288664f,0.02513031866985886
ck_fc2a6e27b10b10e9,0.002132883612826734
ck_8afc1112c12f5402,0.006090672863891572
ck_a76e8d83b9141364,0.036930490107102545
ck_51d3e8dd7465c015,0.002242962012916014
ck_e7b4016909405981,0.0016435025133016993
ck_e7a3cfb9bf908e80,0.010392037790670166
ck_2bb49dc2388cdc1e,0.0027632757324571426
ck_94f4266ee7871345,0.005142213512336601
ck_b2c896beec146477,0.008060998130522254
ck_fcf5d4a4748cdd53,0.002958489494703695
ck_fd0483639811f62e,0.12035813592212068
ck_9a21d183524734aa,0.0426105567817617
ck_1df4b46c0a4c317d,0.024696295621714597
ck_638df9e8a22dfe0b,0.006143321737167103
ck_65acc43a6dc3e65d,0.006424249208438835
ck_7c67b73196e3d0d9,0.008418790473224498
ck_b0ee3a98175b462d,0.003524953516338326
ck_20fad010969f1abf,0.0020383844725523482
ck_54b087bd873af8b8,0.00754969685578305
ck_8007824431fa803b,0.0037478931797824662
ck_23aab322810b9fec,0.006392404484674673
ck_c8001bdb9aafc8a6,0.013103097510271009
ck_3a34c3ac83cf84b3,0.0047174946945144295
ck_60187ac2c473a662,0.943433705589093
ck_6a0ccd7357979f0f,0.08981734217986875
ck_27f20337bef5ffe0,0.02066620144390911
ck_f9fc468915afe49c,0.04136476619669596
ck_1eabc15a94bd9009,0.018070234550303505
ck_26896c494b2768ef,0.011706272509919501
ck_348c874eaf0354f4,0.02435070656628468
ck_be9c46acd216b45d,0.028599149979404975
ck_a3cce46d15cc20a2,0.03840924311717788
ck_70804f60d9704128,0.07078257351853258
ck_a019151ca8e7527a,0.04679328881054967
ck_571133b2aa8ead51,0.03078839535849355
ck_0afa4449f20d5196,0.006159677990627922
ck_4d503c41cf4e5034,0.013769627523990873
ck_d6fb9cc5171e3e9b,0.6278410107275667
ck_05ed92a7c3e10e5d,0.03754454792962658
ck_bfb067986660afe3,0.054089352090050107
ck_c1a31690c8573226,0.007879898922828324
ck_cb88ef3dc1f42225,0.004066458594993729
ck_21e3b3bd998745e5,0.06185604095027729
ck_cf52e46fa54e4540,0.0013751541339341892
ck_b72c7ac4208052ab,0.056497692214933205
ck_e6465c56b337e6c2,0.006476375338548039
ck_5f87eb05d18186c0,0.009401830018615848
ck_263f6c5ff26b5e98,0.004433443952982921
ck_e0b7e2c0bbe228d9,0.0018039049303560897
ck_b657ae3c146cb7bd,0.002006840761378547
ck_abac514d8167ea58,0.06435115182328492
ck_024dcab126876002,0.0235397549341855
ck_5d8481e2b38bd99d,0.019046236972468593
ck_edf229c17d25dac1,0.15889334650097817
ck_6cb7c97b72d6b5d3,0.013436247883332773
ck_c96ae2c28086a059,0.052030361143425005
ck_2f241b97c0f8389e,0.01135860006334519
ck_9158bdbb63ee8987,0.004594806503901394
ck_e7b40b60786c1530,0.006700349754470866
ck_66d38518f68e6194,0.001676066549161984
ck_8c9b57ad2a991416,0.009389978931983421
ck_cc91bd7152d3e9ba,0.025349709283326447
ck_0d846660c7957a88,0.00572145179998913
ck_60896cdac2212bea,0.0511998389449577
ck_dc4db8b932df49de,0.05405584502723131
ck_2dc31db181150e20,0.010821478373912827
ck_2f138fce1171e277,0.02837618033337149
ck_68b8b859a6ef505b,0.014127161414353303
ck_c3fe0c6c5e1f40f6,0.005622748756960699
ck_15886fe84866de92,0.04337781675197737
ck_ea269b35406473e8,0.0017893907804829418
ck_3ce7cad1f69b71d6,0.02357344560397591
ck_054ed4288ee58d6e,0.054379440367258856
ck_3d4913a86f207fee,0.0555566484731043
ck_23ff85f9d2355e8d,0.01392578577849734
ck_d87ab3261322216a,0.0010633639491155979
ck_fac046ce336fe39d,0.010897559040243494
ck_beb97e498e6cf8e8,0.03600297929889428
ck_1f517e0ebf397b51,0.007189003692997239
ck_0af57ebaa45877a1,0.0036722351707704185
ck_f99bc1732ce5e999,0.02182409363584619
ck_abb056a9deab275a,0.031050889753126126
ck_0bfc394c5faa65cb,0.01560425041236363
ck_ddc865af1dd5670e,0.01576473379409466
ck_68b5542459638b56,0.025569592396362126
ck_0b1d84252c0b46c2,0.008816347834496384
ck_520ec32c4f253604,0.03438914538738063
ck_79ffcfee599d77c7,0.014606979538421007
ck_eb224c0fd146253f,0.05517670510900188
ck_0e477084434da450,0.012430513434831583
ck_07840bba5570785b,0.029154758214637703
ck_6b67fe8e310ab865,0.012219516289223464
ck_e2a1068c2fa22525,0.014160972493833574
ck_b9c6b32f6bd92a3c,0.0027722618466241764
ck_c1e7d1021ae58f00,0.0019879583252239803
ck_5d7801201749ffde,0.010523857564439716
ck_c8806749e263f70b,0.0015239808191768488
ck_c9eeab826781dc91,0.01794270633987277
ck_309a432c160a17b3,0.008117207929673707
ck_b22e3337b8e3dbb2,0.005035401444221194
ck_79c30169c71b8033,0.8412214377352182
ck_5a6593d954085775,0.002426207808937644
ck_70b9b79ea1aacba8,0.024918961066552246
ck_63743141ffa11f45,0.015282432898402464
ck_dfd3dbd0d97a642b,0.00462150621934544
ck_635646a661f05b4a,0.021699702635973327
ck_4b123d6931b6d0d7,0.06530905368110165
ck_f2b0e7a47f442557,0.9134678480552716
ck_1b1df006b81d38ba,0.010958428032329694
ck_360237c1bd30f4bd,0.010457314992346188
ck_5e84bca0e362da20,0.018458934197120257
ck_142dba210ed2f3b5,0.018478886455641663
ck_a3564236069e3524,0.056415543025270354
ck_cf36d8b070ded782,0.011021421599609746
ck_ddd6625c5eddad70,0.002165407355811569
ck_ad54292a0b2f44ef,0.009587675380192326
ck_45cd5ef6b359e9b4,0.005637150107723355
ck_982c2392238b7be3,0.31640643494435955
ck_083e4ac78685c3bb,0.009684901389125972
ck_729cc0b46cc2e546,0.13185678366167236
ck_f2b8995fe5402759,0.0023291337221161114
ck_73e24f5a8da289b3,0.02489814810920217
ck_bd85f30c36f5998d,0.06039366955137358
ck_ee4ff3aeadf912c1,0.0028444714287807283
ck_63d2978706e193d2,0.0300748364621536
ck_6a0684436a1e66c3,0.3346039787486048
ck_182dc4a2f5a366da,0.001517004278208179
ck_e6fecb82fc2a82de,0.003868920786673985
ck_cfb06f07394dfe64,0.0008255135203141672
ck_7bbe1dc8add17ef0,0.012720670118157336
ck_5cacad76e02c8e3d,0.9406356790901144
ck_ca68dec0c7df5a12,0.005977949646790856
ck_e4c0fc52c82065d3,0.006418053076856672
ck_f9197b070416f443,0.004779696321073022
ck_2a07c7021b71cf65,0.02137936497619503
ck_4fa85cebf707de2c,0.001175930130290511
ck_0063d2a9507467e5,0.006059983044330343
ck_ec986285fff05b7d,0.003221100972193494
ck_279d43303708109b,0.00922691908312088
ck_a406bf11e48cf8c5,0.08428802311423608
ck_064b2aa3f0bfdb6e,0.02214447690360801
ck_95790440bc4bd2d0,0.012341225875277452
ck_70066eea13b4c34f,0.011131539814502395
ck_19468fe07e26f992,0.9714187213106841
ck_86bfe328e0a533b9,0.5936385099875892
ck_ace3b96c977a7560,0.07999912842162794
ck_642344e5c652d8df,0.019762441049366163
ck_074be35c951ae10a,0.011227273254624005
ck_f14dce41036486a3,0.9905520573325685
ck_5cf67a3a747e684d,0.05636385247547786
ck_f7285b92648c1c81,0.0034356607973544807
ck_bef3193f124fca5c,0.3422157590985275
ck_05c4dcbb45de1f8d,0.002773607791310997
ck_d7c28eaa05bb7144,0.013790668264093598
ck_320df984791a1b99,0.00439484685275737
ck_f45bad1606fa00a7,0.006697101985574946
ck_6f81c199e986d9fc,0.008897167370320093
ck_d0c9633fed57c344,0.019131119482101923
ck_a3c25d6cc7478068,0.007084612796667367
ck_4185506d12cf9fa0,0.0017848264962367928
ck_7a02ee1bfba7353b,0.015415374328686792
ck_1b52590757c0fbeb,0.02371320594429734
ck_a0e5656e1cf9cbf5,0.004834440349486795
ck_ace21f6daef94f6e,0.0077759774337418765
ck_646d8d0834782d6a,0.2118913595126939
ck_1f136a4476b5e775,0.009781232543835894
ck_325c7643cce02da3,0.044254623773709145
ck_9b5e7fe28208f5d1,0.005661736848270347
ck_05d81b1a150f31c5,0.0024325407925422913
ck_0e9ec486bff403c5,0.009874710060264101
ck_ee13c091bc379188,0.03275422416102925
ck_f7a7f8f5903617c5,0.013880598945249673
ck_96c3a3517153390e,0.02233395717133433
ck_538dad7f096458ad,0.005065868162108708
ck_8758fc6622bbb7df,0.04353991234007481
ck_f7e53af3c91fec64,0.01616000982811666
ck_80b50fad7f255e1d,0.005200384966681029
ck_9645e7adc08631b5,0.0323279254066047
ck_e007aedbf37d6ec7,0.008724092293950592
ck_2951d76c41de2569,0.048044809935208675
ck_9439bff87e616d4a,0.008695817160980099
ck_a73045e96af0e4fe,0.009037935256207651
ck_7b382e533e2e925a,0.02570670502607108
ck_730226c2d216cacc,0.012295386630405917
ck_bdf837d761a7cec2,0.3754743074644253
ck_0b34197335ba3341,0.0097421967353085
ck_49170c4b31a20f5c,0.0017744241496004285
ck_cd553ba6589d8bfd,0.012743229866042446
ck_56b992c6f136fa5e,0.024063313572639185
ck_8beae3d7328fa41a,0.02792326765700114
ck_1a065ea906ae3d6a,0.0038839594651894596
ck_e9e3381d5e0e5051,0.0035684351110451353
ck_a6d4f998dadc90c2,0.9506628328640913
ck_d36733da917115a6,0.028623275652420156
ck_e738e920bbd74a7d,0.018569146019368217
ck_af65eb885a51048d,0.0015886547819752672
ck_73f4eb09af29b1c0,0.039771012109823554
ck_8fc641b1750a2542,0.035150574638665506
ck_41b954c7a948c060,0.0035381573993022294
ck_25fc3010e8a0f6d7,0.008516023587599779
ck_a2624e0387974e0e,0.026274965521877115
ck_5cb9d7b2329d5ab6,0.023824945831571694
ck_6c83aa1d100a7cd8,0.03739538712887389
ck_67025c64588abd1e,0.0029045520956147326
ck_f5dde68f6f0468e1,0.003174899475476329
ck_46bfb2cfc29a6d2e,0.012134788227953275
ck_49dddb894d33f6db,0.08740022546074279
ck_f738b633b8862d18,0.0009603489441362064
ck_3d6c3c00d854f5a4,0.03534672259978203
ck_cdb8061d8d1a6c5f,0.004178884752636879
ck_5e1b81848718bdc3,0.019422118646467302
ck_8def763034187436,0.01804872674772363
ck_8f8e4fb9c6190272,0.0036209430799998207
ck_368b968b5f33431e,0.0032453956690537186
ck_ba7e347251ea399b,0.009411173189317074
ck_9075432001a64e75,0.009421148074193513
ck_73c5371635aca173,0.8792098496775929
ck_81793387b38047cc,0.004315373669839632
ck_0cf220816e320ac5,0.004782012513630609
ck_820219bb9c761b52,0.22456085553687966
ck_70a932ab39d86a24,0.0012917735740396495
ck_2c4be237a7ed79c7,0.003043722258600653
ck_acc764b49ef02826,0.27469865491526074
ck_74c3c3452e4e7cce,0.0033461068675990635
ck_34dfb57e5bf31d2f,0.04106824082393307
ck_6ec39903f765956d,0.04428823399750407
ck_5986119e7d81e831,0.01857244296761569
ck_2ddfc948b8eac752,0.301802460671971
ck_921ff5ceaf40a968,0.02102026450302403
ck_fb3b68b4424b5f92,0.04759071163213187
ck_c3db1b3ad4f16679,0.004030429836697353
ck_124a197be41687f5,0.04579120230158966
ck_c58d9151834f5bad,0.027576278575279375
ck_389607982eb6b701,0.8090939578228947
ck_fb0c138c003e933a,0.0029283280832109403
ck_50d0bb7edd8c69c0,0.052872683485716124
ck_c6cb651149dc9a8a,0.0020175566352422254
ck_81e21354e477eceb,0.027539437944514265
ck_7696e38b3e4197b0,0.009015499331508185
ck_586001d3ed9e7fbc,0.002100246618063703
ck_bba413492dc46f2a,0.01804177791714534
ck_95b894380ad2702a,0.09763912196199316
ck_277621473369614f,0.9942884755414745
ck_a50621b5eeca84b4,0.001094374437870124
ck_bfa7ba218b988cde,0.029100863875174382
ck_5ea89567dfe78e4b,0.014193592035175779
ck_6c679602a6476ab2,0.0064309597297214985
ck_d3885e286b3b11d2,0.0465624286218312
ck_cdcf6671b37c9c92,0.013883586378653796
ck_b5c93e6d34f8d366,0.0033018633170130048
ck_c24f61925dc158d5,0.09438162653008672
ck_cd09375e6c81d2c4,0.018596291122493985
ck_a95afc7a00303a26,0.01727357699243585
ck_8e89ca8b39f3f8ad,0.004876651920598938
ck_9a84b396aada3fa8,0.048143270417038704
ck_5124a2e415384945,0.059860534919976505
ck_d66bb1f063357f99,0.00763703394318605
ck_0fd9312411b0ac55,0.022344903593747405
ck_ad8cbe6e27e47ede,0.020098255427660968
ck_8398adeaf41f9cae,0.015446171445949232
ck_dcf851e7bb5855d0,0.003039506751788927
ck_9affb0f26776b642,0.0028127315174323957
ck_f0424b3b36bdbef0,0.048215442849970536
ck_66746d1090d6d9e9,0.0018154644265357706
ck_e5f8c8a5824db594,0.007757767585264009
ck_3e91dcc209431984,0.026798454764294686
ck_126a82e8d42e5ce6,0.0025086818334050464
ck_38e4a74ab256e2eb,0.020783173272877375
ck_1225a97fc413a419,0.023488183271600346
ck_9b5ec0f78e160e65,0.007516429254974864
ck_7c5529bcc079600b,0.0225912915506395
ck_29640fc2fe81c251,0.5217610216237951
ck_160e9ba0a3f7c1fd,0.006352297060087828
ck_bff090cb4ab76b9f,0.020225174289165714
ck_aa06ed358e43db69,0.09171182497020915
ck_7264486eb512d84a,0.0035100554123350136
ck_f5a32e6160b28379,0.004971511238568876
ck_4ba8bec14c2217e1,0.0071469992814956074
ck_610815786d729d2f,0.024503951978164372
ck_e267999226b6321b,0.0011740079428789658
ck_f3996a3c8eea1ea0,0.014034912072544805
ck_e9b75ed7567a3f23,0.020245450296805204
ck_d21612d48bb4f7b8,0.013448139075484256
ck_1f871df76c6a995b,0.13737440806585985
ck_953bd5de48ccd70f,0.7745649752582362
ck_02a9104419a6dbaf,0.01335185922799516
ck_1eeeee651e05d535,0.028805452155495376
ck_e2ab04136a442a98,0.006295496914686715
ck_f0d806624ef3d359,0.007627534501788805
ck_4b68b38c1b3326a3,0.00686146906726178
ck_74e60495f8861156,0.019133159953854943
ck_398f3f4cf05c721b,0.002268344929735899
ck_f761b7650a0c1a85,0.013568928097353692
ck_7dadef33f5e2d94f,0.9701069960009484
ck_6ff6883633b8c7ba,0.001670628830845173
ck_4d2159603045109e,0.01287381470064605
ck_a38bd07a5fac5c9a,0.0025523889899738503
ck_f517f06551e69507,0.003148625247403974
ck_a7ea00a1760ad561,0.9922797788257148
ck_31fc51d5a3dfe16a,0.018807220781632123
ck_bac5233623b25ca4,0.007634289462585596
ck_385188ab27784fe3,0.037817967785459004
ck_9947a323bab5cacd,0.10913529795716188
ck_7973edc9f22ee7b6,0.04269389786462688
ck_f97c477986043755,0.002776467781487369
ck_1a3fd2cc4b4de196,0.006282930769221256
ck_e18ac29ea62cb435,0.025648849543236266
ck_9720a472a3e0140c,0.002594769378484027
ck_668c7fc7d7e47c0e,0.04812309289941998
ck_214af0806470ef48,0.014537612912359815
ck_a46c1773f01f0be7,0.16604491826465306
ck_f2bdcfb4203ffdee,0.03469365584475838
ck_40e84e6ffe788a4c,0.021797081541337544
ck_dfc6f5712d8d6678,0.15128723121450358
ck_01ef1036b2e66a4b,0.013332443970514736
ck_3acfec10eec32f9c,0.0224665880113761
ck_084a85145c15ed77,0.013502106571707747
ck_fcdb4fe2f095fba1,0.04642130318097061
ck_023908db0a193076,0.08358175226215941
ck_fec0ff92fd622253,0.012881578658080713
ck_c009c97d5fafbced,0.10015535629564311
ck_eb9f0c06ee017ee5,0.007820501000968975
ck_d7792b429620fc24,0.0048145844631234756
ck_5e9e149a3b69c726,0.030014138018760017
ck_ce927322ef8f651c,0.017415339912278387
ck_b8fd61a8e82bce32,0.9389470974527363
ck_9aafc33fba1474cb,0.006932940126565562
ck_ce81ff9b8b35562f,0.008079636998999568
ck_25bfca1d8eaa152d,0.015041794488280528
ck_170c65860e2a7e23,0.004724835960058239
ck_952da7ca9f33decb,0.010355406662429689
ck_1ebd574406235957,0.013084639143265414
ck_589109a188adc2c1,0.0033434194209460153
ck_f0cbd5383bb07778,0.03415315715022527
ck_242521e261148fba,0.005851116721954406
ck_509cece86a558de4,0.006318381033905137
ck_0dd7c5925d28755c,0.0064455352434046684
ck_a7e669cf1c3985aa,0.016047088765066747
ck_acb84dc2351eeb76,0.002017106039603166
ck_b837c7dac2a9b931,0.019000610622474347
ck_18eb1f9181f95df4,0.004695236866397791
ck_b0b9047dddb1ec84,0.3370629033732627
ck_43aa136bdb0a2832,0.4382126650421446
ck_3e47f8c56c811700,0.01777839857239636
ck_77c587d24695ea15,0.011535940831534825
ck_20578ac693ea4e93,0.015065380872427248
ck_b9f6040eebd1605f,0.07513267435173243
ck_ca9d86f65cfdf018,0.008788686217637946
ck_a4fa8833995c716a,0.01027186843670561
ck_f589f1e29301b5fd,0.010948547260893839
ck_961ddb8ff55d868e,0.0011328476721909574
ck_5662492a54e6688b,0.05736936682294137
ck_ad48826c1c26eb78,0.6572503718950192
ck_621c9ddde6bf2eca,0.01602599747173476
ck_417a3500b2c717b3,0.034783794565422244
ck_c7e129058beb3ac1,0.014177518799388744
ck_ec1c902b9b9b9c5f,0.13368495783490408
ck_317360ec0a67d27e,0.13264071837438163
ck_3e3ea5d8c4a229dc,0.06483052712467902
ck_d11d27de7bf0b973,0.14124543085372523
ck_d37d56e931105db0,0.0074984679867979845
ck_4863077723cd6ce1,0.0013617407421227066
ck_479a065d5903e9c3,0.004843631307516729
ck_e66ae4fd586fedea,0.0035820327652052258
ck_192bbfd0d5720134,0.009975627444175489
ck_3b436cb29af99f3d,0.013526189889518214
ck_7c7ca54969eed187,0.02638436129327175
ck_826ee896c9f1144d,0.17109490239300357
ck_ba1f6dd43fc8a0b1,0.005826738836560877
ck_49685deb63e4e8f8,0.009406351511977839
ck_687ab5d5554bfa79,0.014353679537641826
ck_41346ccd9242cc8f,0.002115506468579741
ck_8f8e5e2b9dfec3d1,0.015022565560643778
ck_94d5ce61a0c50465,0.026687053992432395
ck_6b954c75aad8c012,0.033675341188770073
ck_748af92828c9d288,0.004797073740864232
ck_dddd14091ce812c2,0.014283934592532318
ck_723323f6870fab59,0.030072878404237023
ck_dbdf8d0708cc6718,0.00985612614080783
ck_f04938570a154de3,0.004298164084578104
ck_58afa1550b3b5294,0.011303997653887145
ck_3b150afde386ecff,0.07019390623350995
ck_666b95e75d99ec4e,0.9019443688826685
ck_e00332597cf1eb24,0.015494576388181186
ck_9a9e3dac79280d7f,0.043836576289594614
ck_e8d37262e859d9a1,0.011612745967428128
ck_895bb39d24bc1c4c,0.0015256800137522747
ck_b367449195e36499,0.02094000897004335
ck_d23f9a50d1135ce1,0.10878054211765453
ck_670dc4910cf476c2,0.001157890002136803
ck_3ecd8a5ce65e21ca,0.01118491109137683
ck_8584fea2df4c6317,0.04169028880279707
ck_0789ff4562202b20,0.015537382087060896
ck_749e0e50c3907be8,0.0024405655869371313
ck_c3ff6790cc6d7e34,0.009285969281703953
ck_75fb7e56432ee4b2,0.005775860133766203
ck_529fc3170fd11abd,0.02785673816137832
ck_34a69b3b4a681796,0.11697133980149534
ck_255f0e5888ae9e23,0.06002120116845074
ck_65be698386474170,0.0016335412155949196
ck_5eec9ed855c26000,0.0013647537733298878
ck_5ab39bdc9610f6f3,0.8192230763494065
ck_1b5b75762f033462,0.013317221047059173
ck_d3e208671cf37f91,0.8337406377463541
ck_5068ee554ceff971,0.017967504616310578
ck_d7d50fb57fcb2d0e,0.002858937706306152
ck_ba6e1115fceaa067,0.05214398507767541
ck_d07bfb16a4a7dac0,0.8913701389141583
ck_ead68310311690c8,0.48094318225772376
ck_ee53ce862bc9c111,0.019492295288101508
ck_97e56e6037024dff,0.001852579365269626
ck_80b04344c98ec072,0.017873349755914748
ck_5954f45a2ab45f43,0.012122750176607723
ck_18ddf7e836256e3b,0.008335148006008184
ck_89a1a780144d808b,0.03275645434076358
ck_a7331e8b808c39aa,0.06173515788111815
ck_a1fd0ad03ff9b776,0.023413163478418212
ck_c0cf50eef030b401,0.0018081947737850642
ck_074f20921189e7d6,0.008835771378816562
ck_e2aa7be60794593d,0.1303366472659035
ck_72771757dfb7f7a8,0.012071331525845046
ck_a9cd84a6dddfe584,0.010608782441037318
ck_142c00f9f8557504,0.026742906029144635
ck_221b5d40358230f4,0.022649441934884815
ck_a2d7a563f520b7ea,0.0030808713499040612
ck_66cd34bc568d95e0,0.013527407304537241
ck_a17128972d3e507d,0.014529810148585988
ck_bda299466bb2136e,0.015025580826299862
ck_2b699066665abe8a,0.01984125278713115
ck_0ac9848bd4ba0c14,0.0014867092982942744
ck_98d2f9a6ba3a3077,0.7855052745443093
ck_a872df31b28a5f7f,0.12019419886994243
ck_7e73e1d44ce82ed9,0.012055493752728831
ck_1a415416f620d49d,0.007447971143513857
ck_c95c786d2f8b8edc,0.009903792754593802
ck_e45012f22b7f91d5,0.0036694676253798937
ck_aa0b083e2a6813eb,0.02026007748202928
ck_4666232ddbf77756,0.006786052026978177
ck_e08e9c8ec5f23d8b,0.01019946943868089
ck_31d4c0518e5f52c6,0.002331404627687524
ck_c1ab40638f04cb02,0.011505373074518172
ck_4c1fdd1669c7cf51,0.00503682801048388
ck_11662cc7940ffc82,0.05067167634794923
ck_2e679af24adedac8,0.007794749088989438
ck_454b9e21b7f25a4c,0.002166936798558784
ck_355c4f29089731e8,0.8776313643094653
ck_507e40760a24d2d5,0.012660119607773938
ck_0943e0f305078e34,0.9842934718998243
ck_abc54ed7111e9ed1,0.002269740129930479
ck_a60fe02fc04407a9,0.02757679383714354
ck_244b897bb4d57c1f,0.008851258032694959
ck_8c84fcde93a04334,0.1119884312153056
ck_9eea37d2de633b27,0.008471556121138394
ck_b2cb9e6610eca967,0.008136006507797933
ck_09aadb4c41b166f1,0.22987175288736786
ck_8d94fbb4828ef326,0.005996685405953725
ck_089e3a07abbe3b8f,0.004474400670490567
ck_dfee9de05e3971cf,0.0063200049761892845
ck_6abf8302ce052451,0.039918318986669823
ck_6ffa90143838a4a2,0.004640302133205589
ck_325caeab5c7a9c3a,0.009175902994148336
ck_1964ee9db929a173,0.8727890260073962
ck_942b95988a6245a6,0.05400638947904558
ck_913ecdeeb8e21a9c,0.01626289250094062
ck_ecf9794349eb4b3b,0.03674509668549066
ck_b6cb8d6ae828eed1,0.03482611374839682
ck_2f82ea66c4f53b33,0.13663818653291865
ck_6e676daa4855b58f,0.0925636873731096
ck_2a37fef48b44e9c8,0.03354111503726938
ck_3bd12d468fdc2450,0.007131313664855225
ck_1a28b6a40a6bd3b4,0.07073270737854066
ck_61b79dec96d15713,0.003063191097452509
ck_31d5e3daced93d3c,0.00461880269961704
ck_e6c8611c0cf233d7,0.0035076847747493372
ck_f04761b4a937ac3b,0.011597229364806613
ck_38c1c75cf055031b,0.025376670081585263
ck_59a561f3df01441a,0.02640125170584105
ck_04e40f556a5062ef,0.01016961848020695
ck_8409716d174635b6,0.01085539800086635
ck_3019afee83342701,0.015927877010770877
ck_b51a58e7f032c9a8,0.019671175267518777
ck_5043e474f848346d,0.028143540884269135
ck_4388abce33ecd01b,0.3446160934664231
ck_c93def7392f0aff5,0.09780706887327341
ck_72e7b1acc19df820,0.007342485227962613
ck_f253130dc3ca5b3c,0.006389396734222212
ck_eb264d1b180d4b4c,0.17492225194740949
ck_c2504f5a113433ee,0.003517074484219716
ck_c16ab1e4dafb4910,0.1889368242640862
ck_4bc42878fa180991,0.03330968922167062
ck_1c771a7c78f6622c,0.020832244717110468
ck_d523f0e50a2747ad,0.004151113881697933
ck_9060f4e7ab7a1b0c,0.010485034104649684
ck_6b55ec4e87a5e22c,0.05078555701872117
ck_55fc62a5f89a7251,0.012217122818151422
ck_bd2545c62f258231,0.026736573430126365
ck_1ccdc69d0bb712b4,0.015861326426940017
ck_710f867a3bd5898c,0.0038143579371874726
ck_f91d48c40337d375,0.00995543784460007
ck_f76d929541ed41dd,0.05174979385687654
ck_e26a6659c237b650,0.027704291757339017
ck_184983177b73dea5,0.013736131474566187
ck_6d0d081bfa8a0022,0.02328260161955778
ck_2f6e64f638da0f97,0.0034438741329375377
ck_15b93103ccd38609,0.008841684517054787
ck_094d10439b7b4eac,0.005335696927269479
ck_d2ca47180a926ba2,0.006518784241205581
ck_a69ca7b9d70972bb,0.003111290354436257
ck_68914e67343a7d32,0.005479721821986059
ck_8176616132458c0f,0.009963100727144365
ck_eee99af3598311b8,0.02253231836453722
ck_94410eedfca91304,0.0145764964019124
ck_cfb11a0a2325bff5,0.005308551459138756
ck_75217ee144b715f8,0.09869318821859424
ck_d56fc799542299b8,0.002157536383291026
ck_4c352dd3e7c81269,0.10365026698976712
ck_e23e50e02cb3904d,0.03987936568765377
ck_b921af37d500e139,0.011812246910067683
ck_82181b935360dcbc,0.9835695984058438
ck_22a7cf3b99c5e5fd,0.017408727273964468
ck_f67ee7910d532216,0.014800569377139998
ck_5f48762a14a0326f,0.00599651795130067
ck_1757fcb0e6e3f88e,0.08000197122624322
ck_2c2f080ba185016e,0.026547312739307317
ck_4c25570eb72711b8,0.0033806819031724686
ck_a3be871ca22ac416,0.014421156754821309
ck_ab70961e7c6695b2,0.010617358458019125
ck_a1cdebfc42a52448,0.002687684956100916
ck_f1b80b821a20186d,0.023384765587872954
ck_ae668e4564cd2aa1,0.00400395191925367
ck_0e2bc3a5afa439d8,0.02377286745092809
ck_3dc378f37d0b74b8,0.02707741924136434
ck_9f9555197480d1cd,0.010690825788832679
ck_bf4e7d48770a4a8b,0.13853409451259402
ck_614ef655f0685060,0.07128221633939692
ck_04d2ea38ee27770f,0.0015348657058622114
ck_e03a9d8ac94161d5,0.007206518948850105
ck_d4007b5b26d9d854,0.0018716764951416
ck_2dd147ce6d61749f,0.01523303292785877
ck_ff45764ea7d6619f,0.022674350778551233
ck_dbc487cb0a6c18da,0.9041457088176652
ck_791d5392bbd80447,0.008551031843292528
ck_b4068439c413b150,0.024968060352680014
ck_85df7b7de9700aba,0.0027961950493395186
ck_001e42551cd06e40,0.0038550555878047524
ck_a6c02ae50932cd9d,0.005196366844862789
ck_9fd0be2c018ff5e4,0.011491821899557926
ck_32a495128395fde5,0.007989215922288344
ck_b6f2a2fd232c141b,0.023470022473208788
ck_28dde633692904b0,0.06703460379441012
ck_a1a93c5f375f6021,0.003041656418436009
ck_e3982142336782df,0.027766482096308213
ck_a9812ff3c111ea94,0.021821056363265912
ck_f04062216f95fa00,0.013349979030724306
ck_7c560467daca735f,0.0005590518225770113
ck_76ee10d6e2dba70f,0.037745729907065234
ck_3521243bdac61178,0.010384404763996512
ck_28588fb03b320520,0.03765274411251449
ck_580dcec33ec232b8,0.012234137641422997
ck_7109923fd7dab20a,0.03236106115870771
ck_7c872c99481c1e9e,0.01684431841470625
ck_46f4e1f5026f4d1b,0.0006824359964374987
ck_00d1ebc31ec4653c,0.01759949003499493
ck_aac70764dde15168,0.020311835306610373
ck_648c03f9aa4e45f1,0.029376772901369738
ck_5478eb69ef912785,0.21256966749566586
ck_79b8523137bb2603,0.09082460936420791
ck_795c49f312640019,0.0007398649354643033
ck_89184bf7b7fe41cd,0.21120983338466445
ck_97d4bd922996fa10,0.019632958746139746
ck_1cef30d08f3a598d,0.0025207520547882822
ck_2f9fd36a4a40a6a8,0.0016906814629382495
ck_40780fc0f8d6f309,0.012325489998995316
ck_9083ca9fec2a7f4c,0.01192930827945163
ck_62081bc35aa59931,0.006588556378153715
ck_2e1b46c5fc56b863,0.10025014957263022
ck_3d139692c51b604a,0.06407811660582168
ck_b5e54e22e3d6960a,0.006738429101357296
ck_c0c4be3f44311b04,0.0030140438090468223
ck_82a8bdd2692c2a5e,0.0026574780684362267
ck_bdd2da300b530c5a,0.011535413957671336
ck_ee40498cd97183d3,0.004109021566839022
ck_70b9274473bd6dfe,0.001641048120192737
ck_473d6314ea614b29,0.004420795181276252
ck_7443d6dca8cd1352,0.0018405250440098311
ck_3b49768b448b071e,0.029009288638949346
ck_b43f04431c267dea,0.002429941241888971
ck_4424a5223ba2fe00,0.016399780501907126
ck_819bf3e8231f4081,0.013983155734086199
ck_91d417507a8c58cb,0.17593161633468493
ck_e88e86b19cada4aa,0.01685192877899248
ck_59684167f9c6bf4c,0.052634431766583265
ck_d5f5b0dc97b9dc27,0.028403679863247093
ck_13d1b192bbff8f32,0.015131523009145779
ck_b21d8630387cabce,0.0043724403295830275
ck_e4ac22046699b99f,0.008744027572263183
ck_74b848064f2ff45d,0.009596054302659827
ck_166aa980cc87fa77,0.04319201363080433
ck_98e337806104dd88,0.0024841344772966
ck_66eb09be007f0755,0.012721541689092052
ck_3ec9b9d8dd7be11c,0.029086888563308426
ck_8b8b9de339d75d0b,0.03514817658853104
ck_6715139e240007d9,0.004484149923665001
ck_a0255ab46e122d2f,0.0022875895938420164
ck_66e81a4190c33510,0.008105671676458683
ck_5d75ea4f5c9080bc,0.22829278031267347
ck_df69858b8a8b3165,0.008076763663797532
ck_e15252ebd7553422,0.004696842914884868
ck_34d6d74bb3ed11e5,0.003484461063208805
ck_c2608f78f6851d10,0.6529145640159018
ck_bb99071e8f58c8a4,0.6972382688764697
ck_06010f0df5b7cef8,0.04532672619485827
ck_8c582eb0f6c0148c,0.005286523815759724
ck_0034d010d28aea78,0.012387693777731341
ck_01c1f06692566ca1,0.0107205340892523
ck_4807726e797fb893,0.017708979064609144
ck_edc9668282e3c8cb,0.017056539010837164
ck_5486768475af7bb5,0.8536466163158701
ck_3fb9813849e51837,0.01081095090429042
ck_861af5a9a9a6d619,0.003162848761948544
ck_da39653add0f1109,0.0020110634398696377
ck_74a4244eb1f162e4,0.00097974028416327
ck_9a930faade55b8ea,0.004167426572179369
ck_fb6e06ca88519dcd,0.008355245233131699
ck_9776cd8263a9f415,0.00944913841227076
ck_b3dd1198ac5aea73,0.022753247684344027
ck_b6675a04df1a4276,0.001318909012454284
ck_5c7ad6e731b69333,0.37035166342298353
ck_28dc0fdbaec00580,0.12683610033480855
ck_8e7a32f7e3905f4e,0.01721165848434465
ck_8563fed6674afc77,0.007859104151510242
ck_9a2fcccb82da663e,0.012678607576743016
ck_6a519bdac0d94527,0.0036403529027957673
ck_a0dab7aa9c4a39a9,0.004087349225884495
ck_a3ce05e9e5e32142,0.015388373138316402
ck_7a7e40ee3f97c035,0.06270322489733068
ck_9e9a830785112a73,0.02787055883810937
ck_ab1bb02f6b189304,0.14724475698079592
ck_7b8cb0f90fbdc8c6,0.004575572700536046
ck_b138fc249e659e60,0.009276334200797392
ck_e73caa3771ec5e0f,0.003521348474633144
ck_18a55b06ccccd88b,0.02088992773280596
ck_fdcb1d9265d8fec1,0.06224208976459154
ck_e21a900556b382ad,0.014697424924966816
ck_c6bf67470f526771,0.031863416165473744
ck_b568ba3837afb39a,0.001033724369679748
ck_a2858979dd5645ef,0.0022509436891383103
ck_1da9d40837ebaa57,0.0558444166051928
ck_9341c7959543c542,0.0027832206454444577
ck_c8ad86806b9a2369,0.06221842605063175
ck_5c85d93ecfed4b0e,0.008817273282506194
ck_f07b09879d697b82,0.003844365841016552
ck_fe43da07608b1749,0.02009715502174763
ck_4bca22b5926b9c28,0.002601046605238854
ck_aba573aa942b1d41,0.005669284949190182
ck_57c14e32fa4683bf,0.0027590024244827176
ck_891530b489ce402b,0.007924027365992027
ck_5e74fdadb93ff293,0.03125466092935014
ck_14436a409ebcc90f,0.00761363966657924
ck_00013fdfa0bd37dd,0.006374644519171122
ck_7dbe24ba01316775,0.05103736415567822
ck_0e3f80c1553c591b,0.017657764604068583
ck_3edc45db58760d76,0.003201656579848849
ck_29076a13f539187a,0.4359700722208633
ck_b1e81b58b9a545ce,0.0689681089583567
ck_3f8571d4f7420b2a,0.04636874950996432
ck_7dff6abe4bd644dd,0.5654269482925016
ck_2884bab237af16b7,0.006495069953687253
ck_231e6dd1fe708000,0.004536327950992684
ck_33ecaa7b892e73df,0.009977903840434078
ck_b109ec4c63503030,0.0055304596093804816
ck_a7f522382509cef1,0.0025137565545531432
ck_748b3ea941d8b3b9,0.014344627371601651
ck_29f3a1737a2d9634,0.010646356683814194
ck_cee8d42475a0f020,0.0043173376438860305
ck_c6b6ebe145a8ffab,0.004782205739973644
ck_21c99e1d6b881894,0.0010040957321308403
ck_5ad798286384484e,0.011761152899793868
ck_b621b6ffcc7f4848,0.0035934839975956434
ck_ea819e337233475c,0.12670147568907975
ck_9e3896c2668ce06b,0.051835193319888964
ck_501dcf1ead036d2b,0.009891124562838454
ck_8d5eda29a2cffa3c,0.004399466088968179
ck_4d3aa36ff83f1132,0.4657308190571381
ck_8e9faf94e3e6c757,0.0013422731815970598
ck_ce0ec41f96951048,0.03308905605359566
ck_f09165d73ee903b1,0.01366850196587867
ck_a432b1bf1d3b3d5e,0.45602970502842005
ck_ea618f720ff0b4b0,0.005395498254435692
ck_7584e7bd755cb28a,0.010702458224491168
ck_e14681aad43e1a72,0.011850734216870686
ck_5e18870d8e30e379,0.014897626047179053
ck_ff7c26a62bda8089,0.002609400834705846
ck_cc5a35175d381d5a,0.010635854828476954
ck_3c25029e40aa8a84,0.005484534128436266
ck_771247b5bc16c12a,0.005543805536305952
ck_664b5e02759f985a,0.0025501286598003403
ck_692a9e8f504b9762,0.00111120593187036
ck_df8ad2deb0a4ffed,0.016626496578367487
ck_eb48c0bcd12ea654,0.018469835500870085
ck_7c77e597c951cdad,0.011745535974389681
ck_4f75144c6f3b13ad,0.015905290008426005
ck_1bcff399166d7c43,0.01136476481380345
ck_975c2aa3d4a8c51a,0.012916090620302132
ck_bc6f07b06aaa4ce3,0.18408616506363906
ck_80b072b7f3c7e8e5,0.00817899572349205
ck_471e4018a23b4e56,0.00391409440035076
ck_53cddfba570b4a3b,0.010646682603943497
ck_630530e50764f229,0.01973889822619599
ck_dcef7887a4f1e435,0.05441948193125696
ck_2795921a055643f6,0.009990356944467782
ck_7456df89f3792235,0.002130774419947516
ck_5014a3b07e1f049f,0.37777159691740253
ck_d4ec44760cbe03f4,0.01212642302953608
ck_96810ad39d4cb7b0,0.02509425020750288
ck_3222ea25aa29bfa6,0.0019313203633839924
ck_f6c42001b84a10cb,0.046765215711466995
ck_5ac86682385c86b8,0.004114877292545567
ck_4280c33af57eb4f4,0.0019359804519134794
ck_05f79ddd8eefaa56,0.014732268104574706
ck_3a57a13ce032a6fe,0.00432128560263572
ck_a721f0d635fad68a,0.008558038872835582
ck_a3f821bdf408c326,0.0038093258709524487
ck_0ada63008be5685a,0.036835101970491585
ck_8c949bdc6e8720fa,0.13883508720822724
ck_c0d2c56f9c722e99,0.969216589319523
ck_5d2b9e6e087b8dfc,0.9928428118038344
ck_5217b55593a332ca,0.036926787526719164
ck_7a7bb9be5a7e48ad,0.018771530276006775
ck_24cd0d779e866287,0.0034191153945269982
ck_7367917891a63771,0.04179005359143646
ck_4b31a8862a857e6e,0.7040937212414453
ck_81429c4910ca46cd,0.002753759049070219
ck_b35d803568f82d9a,0.017093330763376526
ck_4b00e75c2d2d0522,0.0014061537551839302
ck_77fced07f6dff42b,0.017160046425602715
ck_3c9a06eb07c300e4,0.0037622793895503845
ck_b3867f7f494db64c,0.0018686103699313114
ck_0c45e54897ab34e2,0.03526611082543181
ck_507a6a580ab55c76,0.019602471170433462
ck_291bffc7809f896a,0.0025833284113229464
ck_3753cc5b9d02e2fd,0.003552113735688261
ck_4f63d5245b3ac1dd,0.02909353923027119
ck_9dfb2ae78659240a,0.01267845184299303
ck_90f6f5ced708aa75,0.001131311860670363
ck_8b5b5a6b5539e39b,0.73320170401871
ck_4719112b55d20161,0.022239886190461987
ck_fec888a7108ca52d,0.9815091765591867
ck_4f5d022c99f118b7,0.017839461869618423
ck_e967ff05514b697b,0.03266115649708168
ck_839ce35819bfa4fc,0.0017515271825729857
ck_bdee1221b9addff8,0.006948500867194233
ck_9cde4036d0914427,0.0077242117965659
ck_5ac959cbcc5e98f3,0.002369610904820268
ck_619842688294dabc,0.007761517801659417
ck_7373d7b04c7799bd,0.02475106655906559
ck_c1dd3feb9a0b6471,0.012250744490830866
ck_0324a4812ec319c6,0.008441045492847242
ck_7f3685aa2933b251,0.05686792418856741
ck_06aee5a62a67a84c,0.03914402845742967
ck_3428910b44b9d08f,0.016987268837786278
ck_c3ba7534cefc1de8,0.005269841403743514
ck_1f1273a67cbad5e5,0.6056045245818609
ck_124565a11b2f8bb8,0.004656811092375156
ck_38e46bc861e0165b,0.013892723832681227
ck_c8ad3f01319c065e,0.03838709498291137
ck_3f94a34f5038f7c1,0.9136432937358288
ck_cee56be5a502fbd1,0.21173407525705412
ck_2b90b76cf4d162f9,0.010509178744678618
ck_884b2e463ff1d54f,0.00940806653526144
ck_fab4f2f8531b4827,0.022316110631882647
ck_4fc6256e0e60a926,0.010157425632689471
ck_0a2f8b2f8a5b6f02,0.0060095429752447796
ck_9c0deab8a8367c5e,0.0011388395406881724
ck_d3a2a4c011fa2554,0.0020829804993936665
ck_4108b4038f762817,0.6090903528709796
ck_4df036e2aa7e1056,0.009701050987891185
ck_ec094eb1cbb3efc5,0.002176966937364619
ck_09f8f51bfd2492c6,0.009747497854192426
ck_b60fb9a10d6f4489,0.04741386938335627
ck_3638bc3388dbc1bc,0.11072501021874591
ck_7a58e0cc9943c39a,0.005920091176202263
ck_37dab6a0a536ed49,0.0386512649213161
ck_adc576690df5b33b,0.03467313636173031
ck_1383b2b1875000f2,0.010702152663051806
ck_43c1248db37a2eb0,0.0017643418812057202
ck_29c11bd68858e923,0.0011306561153480253
ck_9401f9e11f65337d,0.023022964386940296
ck_ce5ed372b1a2ed6b,0.025997312266875065
ck_08b4619490e751a8,0.8407599723276684
ck_44b9125526acb05d,0.015022836020666386
ck_ef1a1de20d2124cb,0.044508379225717404
ck_e5e2624b7fc89774,0.023836254340694054
ck_f5100511609b92c0,0.0015432876076857728
ck_64f3bb17101b7c42,0.026637835361766764
ck_ea1e5b5128ecba2c,0.0028265309731374424
ck_516163fcf04d5e77,0.019220600101671648
ck_7f9a748110d70005,0.006663645952032344
ck_d263b55f0a681cce,0.026901898511538593
ck_0e962eacf98a813e,0.004201105179773128
ck_0406931800e0e2e6,0.003913866759240048
ck_0e9b982afc88a3a9,0.9950621513230735
ck_8bbb625384edebd7,0.0011095349649909137
ck_5eaeb87bf6207406,0.8478996821917858
ck_cc3318839c4b0745,0.0028167285544589116
ck_08a0355d1f1890ef,0.007871146644929907
ck_af7ffd1a822460d3,0.1678217792696669
ck_2a09c7aa870edb6b,0.00337591124798509
ck_bc04f51c23290bcc,0.006296866829776777
ck_d3a8333cb389f4c6,0.006941954038274354
ck_88e3dd3039508332,0.025784467064023216
ck_b8c7771de9b57705,0.005379158663700703
ck_585ababa02383b50,0.0065672384065355496
ck_e988c108754cee9c,0.007123525591943954
ck_4a691892d9d6cf89,0.0077852259462958566
ck_7cdce37d895eefb8,0.00717032926384989
ck_483fb981a1fb4317,0.004507453988979056
ck_c1e5182bd99e0e35,0.20256356750295468
ck_9a1e3ec9a1839939,0.010758122833464123
ck_5c3f13de0dbd5086,0.03683816065633132
ck_f4f6f0caaab70040,0.004377105422284405
ck_791be3378dd7d64c,0.024874127085857418
ck_956dd784525f5886,0.04459411239066153
ck_098167eaf124c279,0.01849883677529803
ck_33ecff7914349ebc,0.013399122138895516
ck_e05d44e46c7174e6,0.012132835348352921
ck_1b2ce474fa6582b4,0.01594248194455521
ck_ab581082e8f72e3d,0.003138586662713907
ck_e63256667aa19070,0.048284472865550314
ck_f568772b6cb3febe,0.02139871982626819
ck_dd89a282375bbab6,0.04146586015967161
ck_a39d0bca345b492d,0.004460629738360771
ck_d12d2924d0f7a64a,0.009082013388655233
ck_6a548da1728b5823,0.9785281008352564
ck_6d64193681d2a94f,0.02291197833308074
ck_ced6b6dcdc7c201a,0.009363926762591287
ck_d1b0699d26282871,0.02282718495211253
ck_58f757e40a9b8877,0.02655181786486971
ck_3272c2c4a37d5220,0.35376924060801107
ck_d94dfde9e03c9d1a,0.016025934318863323
ck_08a6d4903a7fbaca,0.015283471473724304
ck_6c72a36b05fa0f4c,0.012442482033850505
ck_dbb4bd4eda97255d,0.010290374225464617
ck_94b59bbc824b307a,0.004306122844875209
ck_0229a07185f15469,0.00823327284877614
ck_11bf1039f8b3025b,0.004055966529009913
ck_36789ca11459131e,0.044235749912295286
ck_8572c5f5c1447c62,0.031101513938101847
ck_9e75c6641939f4fc,0.057804575140465525
ck_b45e47c39d4dc7bf,0.01612672704827098
ck_02903c48b6cfd65d,0.0042531912485025605
ck_b153386f1729de81,0.007052560628445855
ck_36979996f33498f7,0.600367729014839
ck_3c02d4dbbf6716b6,0.015520683742282819
ck_66c9a19963957531,0.051683672749132874
ck_bae8dae7cfd8baba,0.002537671159989123
ck_bba0ccc6cd968680,0.01549413190358558
ck_3267fe3aac05c71e,0.009557064517884935
ck_40052cac10562cde,0.00992768903010166
ck_d973444855403e2a,0.011211468421853754
ck_012519bb095ad36b,0.9894481958045622
ck_ad7c256ea10c4a00,0.1292686891569985
ck_70a60e095e9b706f,0.0025631120458304716
ck_f2734417c0db4ee3,0.0011549686572198674
ck_9cb89cc3178e0172,0.030349504655923062
ck_779cc0f2de4d5488,0.06830579212467049
ck_35f8656bf93e3b3d,0.02186832340887329
ck_bdd8eba728800e29,0.04384099612102112
ck_002cf760d173f0f8,0.03248035584679567
ck_b046067c6ca3831e,0.005522241244108844
ck_a4a42d4bff8af645,0.005097689852814426
ck_bce253d2396681a1,0.009054753946238262
ck_00dafc060c8de32a,0.016596407423160958
ck_968a99e097ee78c9,0.030783417039097982
ck_66949171b387bb93,0.01912583251221721
ck_ad305286702b1958,0.0018971289738343138
ck_4732da7e0d2dfc7c,0.00831890559960278
ck_17a95bba77217d85,0.02489141794107232
ck_3e2516a3e35067e0,0.00431053869664054
ck_0b615ed566da1f58,0.030187549717494676
ck_d2b3ce1ebabe9f93,0.022898274383187374
ck_a892252e4e0c2828,0.006694875160497492
ck_cf606fd6ebfdf9bc,0.0025399259964162214
ck_718865237134ebe8,0.0026437704488988184
ck_878522cb775b904c,0.03958655870665137
ck_9ed53de6ef779ae0,0.003833267341578972
ck_3f16e2cd7e6874cc,0.010027571754483868
ck_3c59df37895ead2d,0.0036855469326198893
ck_6821459b626d492c,0.0038135383399382156
ck_11c7667920541587,0.0044841537506446075
ck_23a016cf6b98d89c,0.03302248936105211
ck_7137eeb394d200f1,0.040802955881499015
ck_9c4886c5c90ddbdc,0.003952940655550911
ck_1422a7bf7756294d,0.980798307907268
ck_7ebc5fa7f0d3b8f2,0.015318689808020225
ck_fcc2059a8d5c41fa,0.11233009472401358
ck_00ff7389d6a83e29,0.048653347626884405
ck_03129b41457795d2,0.021867054327437078
ck_38ba64efa7c38250,0.0289118413227286
ck_57a6b56b09bff24e,0.005276418548263286
ck_e3b3c5a80a567418,0.003255281901576965
ck_fc40a16adfced018,0.004984688473864583
ck_9d4b5e6b43bad4d8,0.0089254564115947
ck_61129937ee466b49,0.020925812584976736
ck_74112e47b8629c2a,0.0754844672583956
ck_b4703ee97f94d7fb,0.0040064266964575015
ck_e560f720a988d8a2,0.8514658748660926
ck_708fea345f68037e,0.002576362663095624
ck_25394c1b83e0b803,0.12523928393596293
ck_17ab24fe914ae44b,0.0021750685208052727
ck_16c501470d9bb006,0.0020900972436335282
ck_628f449e248c19b7,0.046533271964691696
ck_6d64190623dea714,0.004440417494987112
ck_504a45ee08db72b6,0.00975102676048656
ck_6cbb011e0c70bc7c,0.003098920017094031
ck_b3225a98acd04f83,0.006131343032971406
ck_aa37993f1c17cd1e,0.04000635264516102
ck_558cfe5f77a55a9d,0.004614621966749018
ck_0d0a1a021efea5b6,0.030487525024089825
ck_daf7aea023b7a8f6,0.01581650002104017
ck_d75f25184ece2b51,0.0029431540667816188
ck_466d4b5366c50b98,0.0022477381667535944
ck_88f27ab479063852,0.03689294416973759
ck_66779098e78c1760,0.0014932546813193914
ck_b150fe4efb449b05,0.0031303600044642224
ck_9c3aa9f23d01fa1c,0.002837909841016739
ck_6a01c375fc26705a,0.0017557534102991706
ck_002eb6552b504ea1,0.01003891719162036
ck_affa5aa0bff9bb0c,0.007971981688629552
ck_027614eeba8b1a4b,0.009087115309289469
ck_67e075c982add719,0.009195002888748851
ck_399b0d510be98bd2,0.011548034605941516
ck_e9b0bca7368555ef,0.0033678174350828096
ck_59c29d9c57b4f994,0.018707461512579883
ck_37176850ed68831e,0.00971025395910937
ck_a0db4ccca08030c3,0.9021141593383701
ck_aa188e5c25f7f42a,0.009368600568740252
ck_7de6997178207800,0.0019663949854274543
ck_c729d19053387be9,0.05077368679929463
ck_f2d3e3d90608596d,0.10788052095275018
ck_2db3fb565e0211ee,0.003111736059843684
ck_bed8a480e27e911e,0.024692454367771767
ck_d7ad9921a4d25926,0.03478782984392827
ck_2a59f23fc5194699,0.04029791655363339
ck_63601a58a6120d8a,0.030996450904309632
ck_efd7b9e22c6317d6,0.025957919458224635
ck_9ab42875a0f95b43,0.03041182125644342
ck_85cb5033fca7c846,0.04227358330286547
ck_5249b223000915ec,0.04080111275519768
ck_3efb0e9bf25612c7,0.0039529943831741595
ck_678e74532ac19700,0.019509817675959835
ck_a980b296c95153f9,0.013803844605082693
ck_01ac687ce0d696a7,0.028363340463935325
ck_52e1418cf1aa9871,0.019437039389919017
ck_7d28da4f1dab09ee,0.03968204125518904
ck_010d0c2e6c1657fd,0.0521945731322632
ck_b524f7a2e752b9d0,0.008132378146284834
ck_cc447fcc24a0772b,0.20082352917113777
ck_2cb3c99845e572da,0.007485141014248882
ck_604c710141327a81,0.005199698588334118
ck_8d5fa65717d2e0c6,0.058688039841257034
ck_31199510b40602a1,0.008604784201697602
ck_49e253ea12f4e922,0.02370150941297005
ck_780738e0d71e7e43,0.010986938035276948
ck_2cd21137a07fdd7d,0.008262013409821804
ck_5e021f2a3b66e256,0.02317460095861089
ck_efbc79246e32c66a,0.03221168448871238
ck_9951bd806c13c7fd,0.03692074469003136
ck_7a52674e2806d8f5,0.03581132539677036
ck_1a319e509f1efa1a,0.001983017890307673
ck_c920901b9a4ba993,0.8791745589989224
ck_b71279e807d0b3a7,0.008669849908600842
ck_47e1032f490bb018,0.012396537185244718
ck_192579ecdca7ff83,0.011247284393887088
ck_b1496c474c4a3239,0.0022939898797336485
ck_5e68ea2c5e893cf0,0.04790697843302909
ck_f2ecab85d4693b4e,0.011863305862366618
ck_89d7bfc81c3df597,0.008419887806689936
ck_7929284327667791,0.03466414042708229
ck_494ec63c5ce8e150,0.03796826984337388
ck_319b059bb2145586,0.028216995031613706
ck_ccb3767c239018c1,0.003569632396886832
ck_a1c7adfe26e09a8c,0.023052497571147346
ck_0e13c4f73818149b,0.014482479402191708
ck_c285a51ed6214f52,0.017090599060565384
ck_916784595f028226,0.07416089027492458
ck_6cd8e0196365c474,0.00861166848257094
ck_57b657aba4daffde,0.040514639591956364
ck_562c76a3753fc7da,0.2960557441308681
ck_66cfc1ebc9a513c8,0.0050758043762044415
ck_0f38d4aed68d7d24,0.016388730449874246
ck_d8ddf5e99f7859e4,0.010821765912333223
ck_41bc3efa0fca700e,0.04004358929906924
ck_40799e129fcf42c5,0.05162944703780377
ck_786f079389126e44,0.024511809967196294
ck_bb4c6b713eb0b978,0.02661938606726169
ck_4f01f7eac0efaba5,0.008423321083247297
ck_47d29c01b20cf69f,0.009580295469097572
ck_bf15a1f8d67a30d3,0.01947241501392824
ck_bfecad7586f65e4d,0.024911499281616612
ck_fc9f16df35190eb4,0.17330104578637326
ck_c09c914e416edd08,0.023607420510147574
ck_c54c5d8e4433b0f2,0.004860499145992386
ck_1694c28f44480e98,0.0166600234192635
ck_1dcaa3078dbb7571,0.0009029919372378275
ck_af559f990c640e41,0.006633962429740332
ck_9b436162039a77d0,0.0433705857396173
ck_79d62ef181bd0cd8,0.00840730882767389
ck_23caafc2cd34242c,0.012844575693049063
ck_ffe2aa26f597e552,0.01012430888067354
ck_e6ffd0754ac08661,0.0026468718989312943
ck_beaacb4a783db21f,0.0022455532592524988
ck_9863bff41d24ce9b,0.007911154349989655
ck_323b9cc5c49f8ea0,0.7507564801869628
ck_ab3de3d3e41c2082,0.0062493386390997515
ck_35c93b2924900376,0.005574865988276049
ck_5a9d5f9901e37e31,0.016150046839944598
ck_782b0be796164335,0.004462311249276525
ck_11960b5f1c7a5e2c,0.004021048435183111
ck_9a66cb13a9884cc2,0.017372387914926752
ck_ba666a425930615a,0.00120700221094456
ck_40140bef4db73741,0.008389844564602488
ck_e05e91cc180063d4,0.09772374010749149
ck_c7f6f45710bc050f,0.00678460849245462
ck_055fb9f2e1c8c934,0.05812842481137935
ck_58bb02d98e2b9cd5,0.029663624183042265
ck_d9f8efa6a7800f76,0.01045190447662151
ck_69691226c68fd50b,0.2380147981533897
ck_6f2f0396e5b1c538,0.9581087039712807
ck_78bc3f1d0f35ea6c,0.009786217177910514
ck_2d5a6b6636a2596b,0.002965594213696627
ck_7878545739af0a73,0.0019778496356050164
ck_03c4fa4f3ed3512e,0.0036391829047380344
ck_1a9e51d092d62c84,0.28179443741510735
ck_9f3861940d8d873c,0.023032419446102983
ck_4684fdd61c6a0fac,0.013804861946618296
ck_715966f86d5c913d,0.003627669931377654
ck_77f293d44b4a3d2e,0.04184729686946938
ck_24dae044dc05f849,0.03434127203541382
ck_00b9818e2064405e,0.05815691558448446
ck_c1c2cb49c3c1b0f5,0.17362157598797961
ck_bed50fc64fbbf8ec,0.010741656977570338
ck_4f6ed5ea5ab7c429,0.0053400703465933405
ck_458531c22ec2f9b3,0.009174075051662742
ck_51c50c4c443df31a,0.5848762287234189
ck_732d45bd578dc39d,0.008134692924018756
ck_783fe5bc20cd02db,0.03909355971643722
ck_7f188aaa63d1d442,0.009362593890159452
ck_ef307a6aee38d1fe,0.6622870453812253
ck_e37196b20968b73c,0.021730093787740788
ck_4ef9de711c3d93b1,0.022524542237232284
ck_17946516d5df71d7,0.01135536650281522
ck_3534be0f4efd313c,0.08364700976822312
ck_29fbabf855cabdff,0.0025445486013811933
ck_191673540d8486af,0.021353366556840253
ck_5f52728d777ff2c5,0.01581330450546207
ck_a045a19369016818,0.9935002191189665
ck_4eadbe7298b15e96,0.011450915146543894
ck_a3a0bd59729fe619,0.003688358110622874
ck_a1e77090b1c6ccf4,0.00844915557202063
ck_69ab9d4784eb77bd,0.015646649540607478
ck_baa47383ffd50f04,0.011995693025032691
ck_e35b2ed08b9e55a7,0.0083675369481443
ck_b6e3af0a5119d9a0,0.03993448822309057
ck_a7c1dabf3869772f,0.051230447187930885
ck_80b8fca67a14e0be,0.2547752523179667
ck_dd9c5f0c42878e67,0.00443070921572646
ck_41ef7967faf5ce82,0.0010306763016964076
ck_a93560aa348d6225,0.03852750279637719
ck_ffe91d6f0bd93fc6,0.07012950732136938
ck_fbf630c960194033,0.018144369976108833
ck_497ed60723283c0b,0.020774280413411724
ck_2a46b7ca55239413,0.009951271919620225
ck_1a4e5ace078dd782,0.018714364560205084
ck_616cc31910f5de50,0.004516746135040847
ck_0d65bc749eb42710,0.01885291822479269
ck_2408db62e4395ccd,0.028650242469328385
ck_5d7721930106dce8,0.016009188815231792
ck_e8a6acea22b20312,0.15899269597407378
ck_e2f792fae128b18e,0.034373406957226876
ck_e6d3ce445b86003f,0.004055522794385906
ck_263334d722ecbc97,0.4422866269260887
ck_8c5b29f6666d4874,0.029683781725684782
ck_7ea0bf310fc20c7b,0.893005215898357
ck_54d463f7fd89ec3d,0.012455953683473563
ck_79e45040dbdd6447,0.039225079362403006
ck_60b4d59953505682,0.6403354652186246
ck_fb00dd5021642507,0.022746644045575984
ck_f409ff994a210601,0.03903974906402609
ck_2ca0020038bfec58,0.1688065005462246
ck_adf84b9df54c3d80,0.01512948816348514
ck_942dbf632591b65d,0.024383961384468765
ck_454a7e4d859a3409,0.0010084792592723309
ck_2139062d4569aa07,0.0031802905092249917
ck_e949a0f4df0b3902,0.07391655107477998
ck_bb113e3e6716ed65,0.010549404074578484
ck_6a28ea6ce69cb869,0.08902904571351151
ck_7df9910af2bba21b,0.004996637620999656
ck_78aa4b731cbfe251,0.003840551277473591
ck_5839f5cbd8165b1e,0.017046106736602878
ck_7158ad9e58769ffa,0.09759756566522357
ck_acee218cbe61df69,0.026542201544652113
ck_f8dc8473c2772729,0.06834609125952866
ck_f34c93a8173555b1,0.05477726553118109
ck_7cf301d075e4e709,0.013439762226588308
ck_b87e88ee5512ea17,0.006474253790908454
ck_bed0c020b10afa3b,0.02124206740799882
ck_ca10102961f99eb4,0.0023647551508431237
ck_393287947b5c8d79,0.01454420872435391
ck_2fe6cac002142f67,0.03690382180579445
ck_79c7f0d29b1db1cd,0.023118117261828122
ck_c735b643d3cbf67b,0.007833508912234229
ck_ea4332c8fe48e2a3,0.009714141077636356
ck_d39864119cdd460f,0.006474772248061159
ck_3b963d6be2773861,0.004530007890514116
ck_df39e3b8a9fd0bfd,0.46347962704079926
ck_6236a461dc0d11a3,0.002794653094186802
ck_475ebccca25e30d1,0.012674783373322384
ck_c10c8bcf5bcd516e,0.053507127864549225
ck_49ccc3716a564256,0.0063631682863021476
ck_4e4f99102f6938cf,0.004723208448558173
ck_a97b481ade6f7972,0.020211497308974265
ck_3fa559c679751b3a,0.017410853347057657
ck_3eba1fd2c7acc4c0,0.22230233880507627
ck_18c179b4afc4fccc,0.017076001874532537
ck_cc1c0b93d05b7d20,0.09281394983148024
ck_742f7c28ddd019e8,0.03245017673418105
ck_04470bc93b8a0d71,0.019184619818679027
ck_6e8f8ef7a03cc6bf,0.019164551372423323
ck_eb1ddfc353b4da83,0.007881834784911727
ck_98831b57c7ca2e4f,0.0010553733853573288
ck_a6c7b8d6e8596d4f,0.062296128539828466
ck_cd7d24e3b095e96e,0.12615283613222167
ck_3f5ae4673a9f858e,0.011566770561616802
ck_05f375fc8ae0afb0,0.01163490429155517
ck_1fc98436281ee39e,0.002441548181903214
ck_6c48c58678f64bae,0.001214652282805562
ck_8c95aeec6a4c75b0,0.0061613996453218425
ck_364cde38958b7af3,0.27060027350337973
ck_85bf21aa1a00452f,0.005743798142496681
ck_796d3eaabc667c23,0.9945046999800922
ck_ac449ee0c315edde,0.0034590326262670325
ck_6f9fd15ac6b163de,0.0056009092577844885
ck_4087065be2a45ad7,0.23120698867034314
ck_ecf006bbc78ee3eb,0.12583642964367
ck_8ca808cc5a49cb5c,0.018980420511383454
ck_94b90ab8b2dfb50f,0.035828179647677004
ck_59fd11b3232de9dc,0.9074159813271979
ck_67f3794d93e2dd67,0.154967775400252
ck_b7f5acf5df1bb13e,0.014700557733943036
ck_fb04ecbaebb774bd,0.011908545316513525
ck_68ef3e7301c621b7,0.018248167605389755
ck_41406cfa209b6bda,0.002895233863633568
ck_b0f8f5408662337b,0.0034152744792332332
ck_0d2901bfe585c391,0.05627559384255388
ck_3398551e81dbf3db,0.039587921305648414
ck_61c3e3e277629646,0.007487879254092325
ck_2825e34dd3e7ea2a,0.006462215944707593
ck_20d7571ba830009d,0.009565049611506098
ck_c98b16f9a72a6568,0.0012804977546778534
ck_e7c8a9e4641eb9ed,0.0016826444809909561
ck_254a7c97c36dab8d,0.03401222063163456
ck_e98429675b46272b,0.0036345500884750696
ck_c2fc0ac460786d02,0.08466884562510234
ck_fba15647b3a140d9,0.011872042929323496
ck_15ce50f2704227be,0.014179412818072244
ck_8c748aaa4a4554f9,0.018791794161310764
ck_e00e82a9419ff086,0.04949298346151826
ck_832341c98254bd84,0.03178036152580385
ck_27466468d06db4eb,0.03678186329615186
ck_9d7b9e3ff1f3e71e,0.0068312381389592156
ck_42c6973d3a6fe983,0.001495961989785803
ck_877c85bad118bc62,0.04686158305388452
ck_75d2a2715259c4d7,0.04152478174556587
ck_37d3e5c681a2214d,0.25158839457835064
ck_bf285dd49f372de4,0.02030303479164772
ck_a5bdd026fa9c50fd,0.006978002752075891
ck_88d9244a9cf7a77e,0.5639232535181943
ck_5881b174e49b04ee,0.003476905136112828
ck_5b16d67c5ea89930,0.022782369765682157
ck_b75b936aafac56b9,0.006973592621779588
ck_aed2681e1646a0df,0.05088767123627022
ck_f63cb5e8cc702bad,0.01009723828540216
ck_1805fcfc4a9e4ffa,0.900771527391356
ck_25c355da356c730d,0.010364143422064131
ck_70396398e4a96449,0.016174327227105156
ck_0f743bd13373748e,0.017750977111190287
ck_4b387765f0e916cd,0.004825963233312551
ck_e971faae8a10a260,0.003507359511566733
ck_9eb08369e983abfa,0.0028152346932063983
ck_c30c5844512e429f,0.03759475914466961
ck_59e77e3a81f1fa0d,0.024780661431809077
ck_ca4465f2b5c1a52e,0.9859001638741539
ck_c89b9ca398402f1e,0.0036662113522649776
ck_36e72ef9273e7a95,0.0114138861769212
ck_2bdd8616870e5e1c,0.0027621161599806574
ck_216e87a41de22b5d,0.05137035723000443
ck_60f4fb44f5efe3a0,0.0020455647580266407
ck_05652e8ace6ce6cb,0.003932257037011923
ck_8c136dc691e65695,0.0005466894472486464
ck_a08f8dfadbdca112,0.005615412150508589
ck_bda4041a3e90d860,0.007255958153891179
ck_15dd3ecaa8ce0245,0.5444549457629897
ck_3e3c64b3b7876ce6,0.03675525538770136
ck_46225858a38b2e57,0.004025599258804314
ck_0cb9f54928f4feee,0.008109050767290123
ck_152671fbf8a9a78e,0.03952503942450372
ck_ee7a515e87d17d4e,0.00931545858223431
ck_f7276091bf513d22,0.002375866024350585
ck_4f05daf1cf0d5755,0.004962354379671355
ck_83a69c4a5d55ef19,0.026489269581265785
ck_c50fed2a7c9198c0,0.014975011905573175
ck_70d19d5650ddc8f5,0.009604153663185866
ck_4b4d99e443618904,0.012893158772134507
ck_dca0b6ca93311ca2,0.02002148033808477
ck_b7431d4706461ec6,0.00910143669836583
ck_7b59d22cadef3b05,0.12941671491128204
ck_53428573abcd606f,0.02550697406668397
ck_f538ab6aecf2adfd,0.0017819638876451342
ck_d321249fb065d2fa,0.06773757014079175
ck_72fdfc7e6d8e1436,0.0024815324146140755
ck_b52b99dad89ecdfb,0.0095329094150274
ck_d2d4282f9d256b3e,0.008671489078283256
ck_c8f2a1dd8a6141a4,0.004432085084581941
ck_8d38747058d0aeea,0.6117998359177932
ck_3ac528caac74f563,0.015446151819642788
ck_8dbaaa00ad829ca9,0.02374743421970164
ck_7c38ec898f0fc21d,0.004200534877465851
ck_8171ef803f5ff604,0.013101980856869299
ck_01a750db6fc1168a,0.1705680134140898
ck_ceb017baa26e98c8,0.056344270653501526
ck_e2c66c72cc0b0f78,0.04625033684520951
ck_8d9518f64b222416,0.007354029167195979
ck_804c5a1fa5753617,0.006437250724445691
ck_fca7cc9c42695453,0.004962285508198932
ck_3a632cdf2c19051b,0.02080956637356664
ck_b2b63ea65edf1dde,0.05710660618489573
ck_27b07021500ee841,0.014976530385462556
ck_9724718fe64c6557,0.9554093589419801
ck_2786cbc3e75ec034,0.13486073993116282
ck_d9c2622cb6df380b,0.008464925256676423
ck_ae1da8ee98e402a4,0.018992614219979647
ck_62967b91504149f9,0.004871252760323992
ck_6b255bf68709109a,0.006197297887332433
ck_c55afc68421d85e2,0.006437230216778702
ck_7c7266f6ef2a8466,0.02476481215046726
ck_885cf685a9541190,0.768507156741171
ck_1a4bb7d3d2ee3227,0.01831456526497011
ck_b4911c42f3bff740,0.0019777099977602874
ck_66f9f78d4c6a3edb,0.027256410390780004
ck_49bdba9ee1899dfe,0.016350056036181247
ck_79b235d51718435d,0.024736674884403686
ck_d840db8cfe2ef6f1,0.0026585050803771566
ck_610c7bcc1cd7ecb0,0.0154946961637696
ck_cf49b6544aff6c50,0.3306548270618519
ck_de05f97c3d40dd1b,0.05636715276646624
ck_0302f67d75973dce,0.016804469718262098
ck_54c2604c9ca6256b,0.020371436106323904
ck_a1c88c0568f142d0,0.11170725864848594
ck_5d72ff6cc2963d1a,0.005519511546741918
ck_0446920a1004c596,0.0017479614234579856
ck_71044c29ef071570,0.009789271087498216
ck_2122e9bb1afffef7,0.009403209380823797
ck_d1e3de178601d3c2,0.044715700969965216
ck_bec8324a3587ef04,0.002840115062077749
ck_b616b6f45225f319,0.07642859359062687
ck_ce1e695884511479,0.03945489350099386
ck_a662b4bf900781e4,0.0007000991666294918
ck_b5a84c5547378c10,0.0025930052759660237
ck_f80af368cfc6cb7e,0.026252339088435845
ck_da3526ab6c5c884a,0.01676730992513457
ck_bd20be9a3392d79b,0.0062689488716526015
ck_b8266dcd90cbfa62,0.0025023089950661427
ck_ac84b33304362c06,0.012473938897221764
ck_794d8935a895e33f,0.02135666803778385
ck_8fea7d915259f1be,0.005154921817584507
ck_7a1519ad5ff45312,0.0013762018725128895
ck_9bf3ce30b65f75c7,0.03578957967278274
ck_5f864d72d1eead99,0.06563631669691082
ck_3c48e0cfc2a58041,0.4393715931352039
ck_d902183f80cc81fa,0.03775251689769453
ck_539cb0d117db8cd3,0.15528285582336498
ck_28f530aec8e77130,0.04158062143381066
ck_e7d903c50d353361,0.29583154124066974
ck_d288b77d1e227970,0.041980180454303406
ck_017208fcc01b5d40,0.012141271530564796
ck_7e3923d278a5106e,0.010984130564911005
ck_9700a00ff9e66216,0.039545537912534415
ck_5c36c78b7a4d138c,0.021186898875362802
ck_c457e9c9224b773d,0.016846949899274145
ck_1dfa91405d7e66bc,0.006465261738127975
ck_f1d8a2695a575e56,0.009692750272455426
ck_3b92a46daf8d00d2,0.01364428847721167
ck_aab23b5470469649,0.019435726962902033
ck_ecdd01a391610d99,0.007762915819043483
ck_abd3aa292f8edb4d,0.03335083849424366
ck_7fc9a0776e1339e3,0.0020609553524422713
ck_c0389ebeb0e65cb8,0.003448016561976407
ck_48d0fc4f6a2109fa,0.9833991425986652
ck_571dee4f3336c7ce,0.016029076355243806
ck_4cedf26628c84f26,0.03736575726889041
ck_63356762d24aab81,0.014460482199524413
ck_2c5bc11bb7ae5d2c,0.9444901824702763
ck_6d26a152f900fee8,0.004323866924598317
ck_c972b0e781efed3b,0.002626919350333344
ck_fa0ecbcf9a33d6ce,0.0027027585361386135
ck_fa3a766e49dc77ae,0.009863496463573455
ck_7baf1e55db0dc558,0.02038084341271062
ck_e8bc49e6494c1f37,0.00212803609489076
ck_8ef1d05cc1e53e7e,0.03178124722543271
ck_cef2a485a77e0723,0.003872544640674157
ck_228a583f23abff48,0.014132975021607088
ck_ac32c6e374782b27,0.0408394536270997
ck_b9485218cef413f0,0.0023606476679282956
ck_7f15503048915d6f,0.003172517694556895
ck_b62f5144db15ad34,0.044354676038393645
ck_917d82c552f95a23,0.03335249157986394
ck_fb4797045077bc6d,0.002159021770684721
ck_2cf8a44e041217de,0.028308311588568752
ck_b7dd681eb3d2ee38,0.0023834134610460135
ck_e9e8cacd2fa35e79,0.0180942077298607
ck_342a79f91de5d1fa,0.030838452906459445
ck_2c91f62c05685ed7,0.007597081831854853
ck_e30cb64302939f38,0.034908416993135835
ck_d0e95b90ba86da10,0.011125946792751603
ck_1774faf414a5d49d,0.8869588020155643
ck_2401e8ff89e574fd,0.9093987891751794
ck_0cd8802264e0a1ef,0.01032954720032773
ck_da84a0dfe947fd3c,0.006388818596471313
ck_c8affb27ba7fb5db,0.03771270668550855
ck_bc7ece8787ca7200,0.005928136690686522
ck_469a0578d05990c2,0.004658237178013329
ck_eef67f8dea702338,0.02075471232218768
ck_4f490e379e9ded9a,0.0032060114428667757
ck_354379de065a8ff8,0.0036151570232222825
ck_5db1cb368bc41ac3,0.020924113393696292
ck_9b1c3742dd6fcb8b,0.018666807905734002
ck_63ce4f44c92d7143,0.043938825674757764
ck_e15e3390f5ed45f3,0.014606836913037194
ck_da645ea91d66aa6f,0.3067144366198907
ck_834ca727df855f07,0.0901455744730006
ck_e1d5ad20c737c745,0.03188830858110514
ck_ff8059ae5fa5f1ee,0.0012230960988874042
ck_8bb9e75393954a1f,0.0017291752878219543
ck_4e1757d1347ab387,0.9842640961461865
ck_af3f74b1d75a5d95,0.016965114926186728
ck_6b1ab0742ff04c3e,0.03562131674582784
ck_f56073911c9f1ab7,0.0032190815044028575
ck_51bd5f69b4fe0b92,0.6932189157663202
ck_fc3d95030b81f416,0.0012108851459604645
ck_cf78169633a1600f,0.0020672485457770445
ck_ad7269eaa65c67f9,0.017612723390433425
ck_cc6d33890d47a6cf,0.031343232900645814
ck_bc8f31f4a2ffa1ae,0.006574582894044614
ck_720776a46e56dfa8,0.022980144957155592
ck_e2d1f212f259539b,0.00932865859283617
ck_eaf6f7082c3db2bf,0.06866708593675172
ck_773efe58c6278c3c,0.023243313493308364
ck_c4a72c09f2fdacc4,0.014035194893031873
ck_8982888dd6611143,0.0027008823031635385
ck_9d5049e195eda029,0.012289143261302525
ck_de58ef6f9fe2b546,0.013790916961550994
ck_c0b50c11e4f5adf7,0.02419182400110411
ck_ddaf228487858bb8,0.0207955609290059
ck_eb2323215ff70362,0.06379784633266423
ck_168c96a1a636ea15,0.00785543081799283
ck_9c46711b14d9eebc,0.00349242528624615
ck_de8af660806b97b5,0.001649628421572982
ck_6ab83f45bf16eaa6,0.003594225965323204
ck_bf2228a052815840,0.009375540507410733
ck_3f943f20a9da9bff,0.013442559849434809
ck_3baae40454c00938,0.010778972010565465
ck_bc2e771a1d8d2dee,0.03839597746261857
ck_e55f5ca37f30ce8c,0.016600767437775422
ck_4ad5937bef176d89,0.002409982960491266
ck_126531a9126c17c4,0.001733654711911741
ck_7ec423cb56257516,0.026100345811718873
ck_54748ae0f2daaf10,0.03878876129437831
ck_ff24776280ceeeed,0.011664653972012398
ck_3c3a1a1365741bba,0.005069040050977831
ck_615277c8a4e2b18b,0.018893110686614756
ck_a96aaef34173aee6,0.09760632799430666
ck_bea56db7f3e930e8,0.004743610839619548
ck_ca491debd3b32a59,0.027045111725022157
ck_d9ea77f4114a389c,0.002925417676017415
ck_322ffda3332d08a2,0.04774125706388621
ck_c40ffefe4e30b001,0.032353313868601345
ck_3b1d7648d4580bef,0.004051626260240594
ck_23981a3261674131,0.011122468631832746
ck_11667f5b9fac7bc7,0.0023378543163343193
ck_646bb3c7be5f0817,0.02155954752426431
ck_ebd0a45712dcf07a,0.01479147445537924
ck_baf43bf1bd963f9f,0.06013263238149267
ck_e0ca2c819658f6b6,0.9847945633391706
ck_f0d6633d0834fff5,0.0292133319487328
ck_91081be0254878a5,0.05511160119616126
ck_1325000bc7f35b5e,0.0017281229671399765
ck_c624b9063400fa3a,0.03190497351347156
ck_0ad6fa0e23c3bd0a,0.09314856448824338
ck_6ddb55b1f23c6cb1,0.015203026831685361
ck_dce1fb3acd65562f,0.0018734881259639638
ck_a9aa389688ee5aea,0.01511987768608733
ck_5c5284c45d9ad8bf,0.04422858063875342
ck_9ce743dd3e92549c,0.04314726155754385
ck_8342e08cc2f9bcb7,0.006896251255794594
ck_25e551a0a8d2fcc2,0.05876681785317665
ck_d4fd0e438c97e0c7,0.06864234372101223
ck_ac7fe1c344190c50,0.01526772479875671
ck_ddd65711b5651f89,0.002207249138556949
ck_ec7406cb5cbc8f10,0.005933615056670411
ck_1c65e8d5be3b9c60,0.2628847902818844
ck_38ee42f15a573e81,0.027011340662998054
ck_0e5385c70c6de025,0.007457350555061619
ck_d3137f0f7629040b,0.007418073047975031
ck_9129c92c12e0c8b4,0.001134314156237787
ck_c86520a00e50a926,0.02923396996509963
ck_87f82b2b5fee757a,0.009232784187854521
ck_643abfbd7548d0c9,0.04075884528703912
ck_be51f4e5e6b85768,0.048271703589342393
ck_132c16312f37810f,0.005295964126062168
ck_c78c096ca8cb33ac,0.0026026978086157743
ck_2ce5afbc014763b8,0.07057501161053961
ck_50ed8f4e7ae6710f,0.005199120804694672
ck_5a4eb535c9a11993,0.0106636963965287
ck_9b665ef46d785324,0.005250346430221529
ck_e066f71f8b296b7a,0.003970850549884021
ck_560bc6017870ab06,0.003658759726366405
ck_fd78f8a8663646d7,0.010355411638520329
ck_4af5ec61ddbde1a4,0.020610998230825697
ck_c2ed04a9d218410b,0.006306290094441016
ck_2455d43bbdd2bb69,0.010814150564268871
ck_56eed7041add49a1,0.3467437327118684
ck_5f0be7b468a72333,0.007052094141299087
ck_19660cec756632ca,0.004441034908613241
ck_fb90408f4892a21f,0.016169906615196107
ck_833a65b86a5d9bda,0.002008086272409401
ck_2ac36e1dff211d38,0.010796873615942244
ck_c00e70606904539a,0.0019828734535166296
ck_ba8affe4b9505a95,0.4719227325338579
ck_0c3dd22587b08018,0.01888055038783206
ck_618c4e5cfae99dcd,0.04787520029174366
ck_c9690baddfc4177e,0.001179868519383158
ck_59fae092fb0c4aa3,0.019277588871681576
ck_e03b7d0fa0b28f4b,0.00829287449890643
ck_d451d24c780b5884,0.009099546382135414
ck_e980d325b8dbb8dd,0.0005913752901934405
ck_cff18e2d8c520272,0.002340742115541321
ck_a0e46b67e986ab56,0.013723932115010752
ck_3a469039a5b9d963,0.009801840579741684
ck_12cbb211ebd2b437,0.044584931963471075
ck_b8cdd6d6dccc4554,0.004291532742319218
ck_794ba5921cef50c9,0.0429716282186401
ck_2c7667f64edec2b5,0.004981559886769707
ck_7262b4e0c29c942d,0.00878844707673668
ck_5d818522cbfe2a54,0.057512625537860636
ck_de39c1947fb675ee,0.015587373220283725
ck_c021495606b4735e,0.006042584812867792
ck_1fc03ba33edd9e67,0.048160660434649914
ck_a6fe344bbf67f14b,0.010940542246768284
ck_963762210edc5694,0.02602320928979146
ck_d064428b7e7dc409,0.008459474731851041
ck_59be61b53d971611,0.004439967373429544
ck_ec8738ec663cd2eb,0.009566765827486784
ck_59d086fab5998646,0.017228680082408764
ck_bd32dd3b2cbb7888,0.9917816856640496
ck_ce0166addb93bbad,0.003971477076257063
ck_7c0fdfbb447cdc04,0.012708140802084229
ck_cb1bd7635968ed8c,0.14250850361950215
ck_66f94903177f20eb,0.008104837535766553
ck_1d7cd5dcbcdafd7b,0.2900208153161283
ck_5e418a7c04437b4a,0.041473053053423935
ck_631ea1ae91ab333e,0.023044406926052485
ck_0a8029e79a5ae7ce,0.024758536861619967
ck_c4cca8278bdad9b9,0.001246458013502282
ck_4dec3df58077a257,0.048546921575009935
ck_609c249edd88c565,0.006407856754767456
ck_02e5f9cbbbf2f078,0.009423485619425517
ck_32e486859130458f,0.8685170060609895
ck_21ed2ea6386c5a07,0.0014694461816687056
ck_1242aa4496576a99,0.004682120755058928
ck_475ea9aa6d3898b7,0.04512954312423854
ck_fe1b1adae3be70a6,0.5659326231439679
ck_c5414d7a8031d4f5,0.003849567500938239
ck_ca1f6f01868e978f,0.015299468219755231
ck_5eff0208c74ec714,0.020752345503111592
ck_a315c9619a317609,0.02279063056974788
ck_2b87683c90acb852,0.036252987711002944
ck_7cd9f39c50748ed0,0.007637901162073432
ck_16a06d58d71935bc,0.05956188641329943
ck_d116e0e7c19b878e,0.5819027477993859
ck_931510e384b1d0cb,0.012243563512874804
ck_e7651fb87bb24132,0.0021531576606429364
ck_88ef9f85948e1a01,0.002819429434575693
ck_17bf38d51115a8f3,0.004407560668257777
ck_2659d1d3762a2825,0.01741058546379916
ck_a7285955e2852686,0.027956786923315713
ck_f2c33d5b65b321db,0.028681806305201438
ck_83e5979334345622,0.015529772704518826
ck_629537d8b4d0f395,0.006843764731864021
ck_72022008a92c9386,0.06415652460587905
ck_2973b8274f0bf69b,0.03485232774334399
ck_565e3418d2f4061c,0.010485493994203067
ck_54bb53b8f8ea32ae,0.9894617621645481
ck_af0a6540ea7a36b2,0.004354400688481163
ck_888651bfc2c8cf70,0.0069135254698459905
ck_1dedcb48ac381a1c,0.2160687227874562
ck_f73273e220296be8,0.026447261042648555
ck_8424bf65223a5a9e,0.003989949382506065
ck_337b930fd149a696,0.007293911740522947
ck_8a4952de8a123ef8,0.003990277830180024
ck_884168153c9c0c81,0.006512148811406665
ck_fdda581aec411010,0.001693691767317669
ck_2b7cadbc8b180d32,0.7996260909153811
ck_8aa8b9968233a1ab,0.00195714553034208
ck_0af18b3ce015d294,0.004564086446739838
ck_8dde670a735d1e90,0.15822836932898035
ck_62f46226f244139f,0.029692925833729712
ck_f948e8a8fdd79b4e,0.017922650374865078
ck_fa00aa0f3e859904,0.02278123133593458
ck_fc7935f784a4f249,0.0076563252278483065
ck_e7501307c0698e5b,0.020908635053740885
ck_549ed417f2834cee,0.06181396480974034
ck_fb2a35571ec719d4,0.08610454668216808
ck_25822068c86c856f,0.0014943156695893386
ck_8f35d229b62c8f23,0.006416845932267391
ck_bdcf049c1e7d0c95,0.003938019565244889
ck_0aa9db36eb16422a,0.002100491214632395
ck_42dcf92e9e016922,0.03890096775065949
ck_42341cf31c08c981,0.012828580348937548
ck_0b20bfc515ba42a2,0.010558457466137755
ck_0ec820b670d48098,0.0014953677112489352
ck_1f0bafec397da8e4,0.03745542998714321
ck_82f07504ab59ed33,0.041253454492340295
ck_337b24a474010abb,0.9936884430035983
ck_703703bda38fdcf8,0.013756201887343703
ck_01e7960c63dca3a4,0.9115844313182833
ck_be5bd81e3715cb8f,0.7572200564545373
ck_197f8058cea1fbea,0.000972231535227303
ck_eb3fb1106f2f1b21,0.05710589679440927
ck_658b4b54be09a4bc,0.9781446957009299
ck_266ce7ccf41ccc50,0.008885787450162093
ck_110608c3b03d4038,0.5593780403870257
ck_1be8cb95d6d9bbf8,0.001442253471693244
ck_8e16a64a776afa82,0.4583109233328314
ck_34bd190d37eda534,0.06124735476956116
ck_4f521611ae14ae66,0.003710844786170809
ck_d839798f9520363e,0.10535231068223212
ck_d1bbfd246c0ac9d5,0.03095012303622866
ck_f19030e6e85a6776,0.05816546794554159
ck_cdabe60ab59f9d5a,0.003586605797745054
ck_bb84b2b30293f566,0.6033150061327263
ck_427b91925952cb40,0.03536200245971984
ck_1078b1e155b5b640,0.01270764794131632
ck_95fdc264eac72fa0,0.003395919466058101
ck_e35eb857c61548b2,0.8044321943526236
ck_69bd0b1abea7e1f0,0.29342920095728586
ck_59de511b20c842ba,0.033714016123947574
ck_168e7ea341a36b80,0.0034933985823927156
ck_4937cfa6526ea138,0.021661021483933868
ck_bb1a981306b750ac,0.08460059524859029
ck_f42a43e4c3f34ccd,0.0023677514822739417
ck_c7ae1d4b3ab38185,0.005165114231305201
ck_bd23cf9bba1dd33f,0.04127917943008637
ck_0fd826fad7ec7cd6,0.03148922426961117
ck_f143641bf3dd0414,0.0434049344533164
ck_ad6d48c20a3688a7,0.002534951731214187
ck_7bda5b5b927b2905,0.05730187845706807
ck_a337eb38eefdcc88,0.0738611537005702
ck_403da2a2d800df9f,0.20800353054482193
ck_aa01d5aafde73d0a,0.002739809033230054
ck_494954023f0eb309,0.03251069621526867
ck_1c6820fc38135ad9,0.011924861029624628
ck_0e0bab173622db9b,0.04766398802658826
ck_547090bf35a3b243,0.011457603038637815
ck_d69455220b21dc9b,0.007419842598100648
ck_90b4ac695b9c6bf7,0.009070430808535333
ck_8d2afe17c0082e6a,0.027448803593213538
ck_926b81c0ba528eee,0.01563702028765852
ck_ce36b0c287bd198e,0.03314210655468365
ck_8026e017909aaa6c,0.005172869536054607
ck_dfba788f35d4c372,0.004216322472605341
ck_f09f9d0e0886e0c6,0.008118697273626982
ck_4ffe0366df388604,0.009053160806622105
ck_75bb521de55644c7,0.008830866045305176
ck_81a960fddf79ecf1,0.9125924376506865
ck_8f43459991ea511f,0.0057301430116010275
ck_f878b68d66fbfd4b,0.001958554836576645
ck_e84abfc0c747c9dd,0.9404937634129615
ck_3ad3fd3cceb56b66,0.923038902081366
ck_7cf562578c7f158a,0.003995818338999596
ck_f81a97d350397306,0.0369845386485163
ck_255d87b7fb40caa5,0.026000740135922584
ck_b3905153b9eee924,0.008757246758133193
ck_2c80a592fb4cd6a3,0.005909467692961397
ck_57deb202d4188a29,0.010604140846398241
ck_e3cb5f31d8e94448,0.9032413565007746
ck_0db62d5f7f75f80f,0.024235582716168533
ck_ced9163ea85589ea,0.059854041952904675
ck_e16528edc694fb33,0.8538981034772098
ck_78cc5ec4940fec3b,0.003994747769632345
ck_31742076e9a998f8,0.04807348264035808
ck_5ac335f02280271e,0.03315565469355746
ck_7cc2e091806cfa5b,0.02892249856848989
ck_3152c7115257f084,0.01445994238251387
ck_ab1b9d019921bca7,0.008935544071365474
ck_c33a762d98f9b290,0.0019998949795409114
ck_b16a7c51b6f7a6b1,0.045137224696851656
ck_97402a153348e68f,0.005894954974889564
ck_95391029a21caa24,0.022421290683181015
ck_c2015a1200971fe9,0.02902122764811463
ck_ed4427962c68918c,0.957045609236337
ck_c5e4a17d3efb19a4,0.2563730126509913
ck_8aec3d3dd51517c2,0.0029199819448473144
ck_f5178a658225d8e4,0.002332909814751521
ck_8594f165e95316d2,0.0018257472828826352
ck_f0c4aac04076a6dc,0.016237721444690777
ck_ac2f7397801036ef,0.017442687189727947
ck_d1ea4bcc407c7d5e,0.012922029462983129
ck_cce8b6657a538fe0,0.02520617067285917
ck_66d0c6d6b67a8d58,0.003479564462028885
ck_1a6b30320835e57e,0.01660916822929743
ck_8cd274cc85aa35d1,0.027788339378572318
ck_ada46085a78280e4,0.012023199425063979
ck_ce1b06623e4a815e,0.005961319292083433
ck_45e70c8a9686580c,0.040370292835376055
ck_0084d8ab6b1044f3,0.004513259184160321
ck_a5f7b6fed6df2aba,0.07444267571445237
ck_94940d783e7988e6,0.00786976901689083
ck_00f9ca84d1d8ae7a,0.0025427071926310482
ck_0deb56f3f6452818,0.003373678998275019
ck_a58e900469dfc3f0,0.009701336524691602
ck_028c41b195280980,0.009274334104141985
ck_7661d7ceaeb19f97,0.017168641958517538
ck_6957905a65c47879,0.044792927879109434
ck_f7c6c26ef3c4ae06,0.01262248387244797
ck_8777beb11aabd66d,0.01296115523835083
ck_7db098a17374bbf8,0.9523317835983136
ck_66aeb00e44486cda,0.1389292643725443
ck_838c52cc1d315ec3,0.016489532720917653
ck_1745847cd4e5dc83,0.028007896187385892
ck_201687857ec8b3cc,0.03348124204444778
ck_81818169208a8cda,0.05080141780768964
ck_3303fd3f64632c7c,0.05178189252577103
ck_edf1096809e83ef8,0.0016708857921081243
ck_235ce9603c7dccbf,0.06407844497580885
ck_9df7e153868bca13,0.005816731875178039
ck_3cfeade2cf270fee,0.01504214509825393
ck_982b0bf2e2b6c4f7,0.0022466681641055627
ck_faeb0da678bb86c0,0.005508648256263067
ck_e86ad2fe815b6ed9,0.008489344353526341
ck_70d69e5d1bb99e85,0.014757789727846613
ck_7e9a8924eab779e6,0.9799499630677344
ck_019d5891103e7da3,0.005607416131100475
ck_14f0484b3817eda5,0.018029929871763203
ck_85de63d278f0fbae,0.001247841016055428
ck_ae91b4cff57fb3bf,0.010808545705896688
ck_2a6d43b9f883b78e,0.3360664703082903
ck_7a4e3d553e8ab5b7,0.13167998364287095
ck_fdf89dc69f700f84,0.25200304913409155
ck_f92e04024bf13558,0.001476096827399956
ck_4a522ca2dc4831a0,0.0011612618970147353
ck_68ba25dc3385fea1,0.11467728023381663
ck_22128a4f0d033422,0.013811238308241078
ck_5b52ee0a13c71590,0.003414995423715519
ck_59472d17debedafc,0.023289952252308954
ck_9dde2c63acda3ba3,0.011796053373589134
ck_7510b1023cd08531,0.020688884431213327
ck_071ddaaf2e4e3671,0.013924904173394096
ck_1355db6f4010232a,0.012258574223735184
ck_0a7adc2f27f98510,0.05945144581910469
ck_68250033717cd59e,0.0064657838803061805
ck_7c12de74de30b788,0.34845470586466826
ck_65491367584c730c,0.03949466263554405
ck_e9047964952bee70,0.02065901235298166
ck_5567779d6ba184eb,0.0194176081047804
ck_d6ea026357ec6477,0.016473255335969866
ck_cd7dcc884e283746,0.05387418698484182
ck_0bd77fea8ed75a15,0.019253158500996417
ck_e80883208e8d0453,0.010056236670786464
ck_2ad0ecbacd5acf8e,0.8542702115015651
ck_6c1dbee7e8fdd5c8,0.005337863380702449
ck_ee4d9a7449515908,0.005006974039009322
ck_636111f7f030496c,0.0068767833174029425
ck_2c629c657f73941f,0.021529122956390298
ck_c1c9d3842d758420,0.08699162826961272
ck_e4df7faacdfe8c40,0.04160058732142199
ck_94e8142728e44380,0.029467757204558163
ck_765aaf42c5088545,0.011660351859866991
ck_e0f845159b6e6a4a,0.017872702344484948
ck_5bc07deb82edbad7,0.0029975091882053105
ck_713159c5c6a7a4d0,0.9936299000002786
ck_b08afc91d9ca55db,0.012253700250729749
ck_a7bc323ffed2ea97,0.16486868647440667
ck_85ca825f905a34a1,0.023734286018693308
ck_33160c443d4b3f19,0.01911506491686771
ck_832d39c590a3ca75,0.8111268625842765
ck_7d1661a34164406e,0.9814429795113955
ck_c2466fc40fc9d5ed,0.9871586216341688
ck_ed0e776c0926ce67,0.05906370106217869
ck_cdd2ebeec75bfa69,0.08642371398097706
ck_d7877684c7923ec3,0.01013550518433519
ck_7384d4d2406aabf4,0.009707002563771893
ck_b8e5244e650aa81b,0.02365217897094441
ck_25a1ea40b2d59254,0.00293254863868913
ck_b9e5b318ee4de68d,0.004867864607178408
ck_620d7ae27af83cea,0.01010211343887664
ck_40b4e264d1a12b83,0.8307871541611896
ck_b694c803b62862b3,0.005663562031573636
ck_cbeca201dbade3e5,0.030639057004463437
ck_f9b439c9161c3e52,0.0034837476396014874
ck_9880410fcd10a28e,0.0037506818583629524
ck_74928f5f91aa12b2,0.04636989992299872
ck_b6673bbe61d2680d,0.014240541935559129
ck_53c8315b5c30acb4,0.007748006782810772
ck_78f01d78ea79642f,0.020772956384292923
ck_8582490d6e365a63,0.012859060373566752
ck_af25c72d16299258,0.0030832158048630888
ck_7905fe8e257b0449,0.11117719336183599
ck_0d16d9349e4a9e08,0.019529081328094694
ck_31b16b8848584e98,0.019972274321205408
ck_67207e3eecc02d76,0.023163624751769894
ck_e6b95ff91116a592,0.007370302643291041
ck_c08f622bcd6de6e7,0.01625920409145577
ck_f9a68da9e0f0bc85,0.0030325768553464416
ck_4072b59388976896,0.013588166759164532
ck_8ec86e853ad52828,0.1009373008283117
ck_4fecb87eaffd5cb5,0.005909407030291609
ck_d6880578428b965e,0.20232316263791475
ck_bfc82b3c1c9f2897,0.8454114465446068
ck_c340644176ca03e7,0.02679576145262314
ck_321e740066fb05c3,0.601126461663994
ck_8929d2eb09872052,0.0363027106695459
ck_205c107cec528414,0.6365430336474474
ck_e76db7d2562f9836,0.016648890301009987
ck_9ede51c8434cff6e,0.017967814849810436
ck_492e4b89c61b7b6c,0.009183043471992891
ck_9385f5a1eeebefcd,0.042292503368318565
ck_ee52c7bf88f952ab,0.012287121400134961
ck_d8116c34302021d7,0.0010377538500495583
ck_01645ea51972e99a,0.020776257931231043
ck_7b45ed23304a854b,0.016621029812101444
ck_2096d32f3d497ea1,0.1444535321577522
ck_dfbb2056f1ef7d3b,0.01070079226646519
ck_938ce30c864bc7df,0.0014184894107106415
ck_ff30dda2c881a4bd,0.32261251864168106
ck_f88c79186a082beb,0.017938801992950313
ck_08c7bb0f9851cb76,0.11632669978995708
ck_2675e7a008e584a7,0.03743144518815539
ck_cbaf8a954281d4e3,0.9719662437820111
ck_8b24eadf6c72b30c,0.6808694002161203
ck_ffc8e3c1377d0706,0.007738414122359845
ck_5b59e859bed5b40e,0.01975139869618123
ck_7b61717f172f9317,0.910911668641815
ck_e5c30947b732f661,0.0609805407572727
ck_bc273f3ce79f7e1a,0.010226734211229679
ck_f69e93388b3028cb,0.2684525252625698
ck_3837ad850996ba60,0.018458331926696728
ck_36d78ff3bc033ee5,0.005531743101557854
ck_5e20953547ba4135,0.09046294200134275
ck_258d661e450ac870,0.008052655180177849
ck_1df66f537496ca59,0.03839296706373636
ck_361f535599110201,0.006535143165495479
ck_337e98c69f6e7886,0.010497584921916252
ck_d3d5b2717cfc3913,0.04715961822439033
ck_b1dba768dbe7affe,0.018297037218585582
ck_92d782bd9ce0d1e3,0.012215484244672599
ck_26bd0f8898afc8ba,0.001405461452095496
ck_7916e53daab36745,0.11245272704449807
ck_2caf553b31831a50,0.006691466961040285
ck_c6200734c7f9b2f9,0.9586140586703195
ck_cdc55623cb16e6a9,0.0038102084284352597
ck_57849e15b61c43b4,0.006012337405488718
ck_b7af9b2ee0eebbc6,0.04632568402322986
ck_00aa5fc3b3bc66aa,0.04485347535076338
ck_9929723f65636c7f,0.9924396620363363
ck_8f6cce9f69912983,0.017992436016932102
ck_c422ba389ff00781,0.002394850906523252
ck_9ec7f334604a228f,0.019424358061352703
ck_5d01200ba3341462,0.009939824873708718
ck_2bf10be403849c9a,0.008850372174038751
ck_6ca018259f70858f,0.007188554628231963
ck_a54dc042ebb7c766,0.10813743976408036
ck_79da63fc100830b5,0.016449682041655603
ck_67ab6f9e05c85085,0.010724216272401525
ck_fa80da579ea9afc0,0.009301863384199121
ck_4339f86c87289222,0.5429862342883919
ck_a2299b4f530be0d6,0.319648949069793
ck_19db0bf788697c2b,0.012632188160282047
ck_fa4211c4d826d830,0.0007694805407349856
ck_96100d5e8e051e91,0.006985168207602284
ck_5c3a671883d58b3f,0.0006131439705578876
ck_2d9524787cfe1ab3,0.24233332791820272
ck_47ab8e51e5b3a2d8,0.002012157612427339
ck_c924f36bc1bbbaa3,0.009265167100268966
ck_5c58e7f8fd55e26c,0.0030750237239595664
ck_a07e7409d6d5aa06,0.01914566981262296
ck_c8413898f5f7cb7d,0.05036402205313434
ck_577c816b41cab002,0.8394358616067901
ck_9f7807ed64cdb728,0.02185330469005442
ck_495d814d6d6d521e,0.0023495353915885617
ck_7aa8bc018c2b003b,0.007933348007555232
ck_7c3a6a82f3c3241d,0.005981776312244336
ck_487f7fbc290e4ae2,0.01116689295762182
ck_e556c4d36aadbe03,0.0032203762174057467
ck_7e6569a1b2455cb0,0.0013502118562755377
ck_de2924955926d046,0.016885589674845575
ck_73d60b4630e3937a,0.004059619218383789
ck_805ee564bd35ef15,0.04703273518645485
ck_0d40961e47797027,0.005711248599820284
ck_f06d00a4f9c87d80,0.0038727933435500498
ck_5ef50fb07b6737d5,0.014388995587850343
ck_16541fc15683e21c,0.0053206400135979055
ck_09fd43f1b7e2eca2,0.001998302407977116
ck_2a2c336a69b8d68d,0.057918007867120695
ck_2685f38930866af0,0.03798053617277772
ck_298278a9da874437,0.019325549484497155
ck_00bd7803f2530c68,0.0234655510861661
ck_c2b4a1d8c0b6c1cd,0.0005989184661891248
ck_2acb54ca20c3af6c,0.02691028246353693
ck_e3d4b6f681c783ab,0.030764964504411622
ck_f90293f1eba5d7b6,0.05092197652231851
ck_e69d27e8965df0be,0.0011989437014794872
ck_b7f5d10b427346ad,0.00416510055542419
ck_1ce20e4223a936b1,0.011656710467971725
ck_6b97d1ab90f6bdeb,0.010948562928533329
ck_e30e17db5473c7b2,0.0028008771987718247
ck_154c8efb19dee665,0.005810183896236787
ck_6f5bb0c930644cae,0.9973436485563933
ck_9e17699baa83d173,0.0015608796120761788
ck_9693b1eb70880205,0.007982764237786223
ck_1e97899875bb427b,0.009128074229113794
ck_558a82590f65df69,0.001887588002954656
ck_18df83242ff3cdbb,0.11308754459831699
ck_80ad4396e1084c68,0.04262056698360274
ck_0a993bc947bab61f,0.018709410239306785
ck_5c2d43ff841632f9,0.004274989499810174
ck_6e4b99fb9725d9fa,0.014905751822850399
ck_e0983999ca26c19e,0.040122531177003345
ck_6573c4947cc8607e,0.0347885397719473
ck_d879d645d6e44207,0.009719822167203802
ck_1375ad9f10688e4a,0.0035288395626054585
ck_7501ebbf4e21f160,0.013027396511271123
ck_ca60d61cd4dc3bea,0.0020294473216791987
ck_ab9ea095a5c58b4b,0.013999225801104173
ck_23756522b58df5d8,0.0018677413606559257
ck_90bc176c43d85fd5,0.18496621746247663
ck_908b663b2dda94ad,0.04333466040145404
ck_4df2fb8e4b649e27,0.006549284296906576
ck_5615c6bbdef05291,0.12071478134664423
ck_b62f3e3185251f71,0.001264317264108753
ck_38d1a22850178f33,0.0020056398337187304
ck_5b3ba20c8bb1383b,0.012777028080038907
ck_5576ffc6aaf6f22c,0.0008822782503887
ck_cf7a022178165e56,0.0022645414760239695
ck_f2c7a4c50e2ede96,0.014847398692089878
ck_285719c77eadf915,0.0016489607334243541
ck_f2aa1b677619ab19,0.006983497971569862
ck_3830c58d841e9e69,0.582789582501261
ck_32eba3510c8eac5e,0.009814731138438938
ck_8955d7b9030d5eb5,0.012084255876397748
ck_6775e387dace7525,0.02609256659827165
ck_0a0cd7f4be606a93,0.049202203211349084
ck_a9f700eee5d638df,0.0040133266837590765
ck_3d7db96995745472,0.023554174730176597
ck_aeed557007d52e9c,0.0007331675273804631
ck_79b6a86830156b5a,0.017796843401332012
ck_6a1ff9d69466181c,0.9976724373449454
ck_f11b1565f986f5e3,0.012330981856312572
ck_4819327a78615485,0.0017775186388772277
ck_3ed9e081959b2f5c,0.012576650263661794
ck_16af4be191c47d3d,0.002043238523702395
ck_25122cc0e8b1a662,0.10820438762236793
ck_509c22828d467ba3,0.041667579335724826
ck_31109c899336348d,0.12707928596092305
ck_c51131e53baa59c7,0.0060413307096824085
ck_cf8ecabbc61d3e11,0.014122835117340365
ck_eb6baff0f85ba936,0.015751900056127522
ck_777669e2243204f2,0.7875029497980924
ck_ac0ea27e692acdc9,0.020413996553427766
ck_4c6ea04ce8ca9e2c,0.006961121817668623
ck_ca54b32fca7e94cd,0.0074557919942586275
ck_4dfd8947f540eb24,0.008151620128801641
ck_95aff1fe27fb24bb,0.015627067619354645
ck_c7550723b90e5615,0.004666628433048882
ck_57b3fee69bdf85e8,0.0036529708860371206
ck_f823407ace7ff064,0.028184804186596985
ck_a69084a068bcc8aa,0.030600892403824565
ck_c7b17f7b24bef5d7,0.011120411492511742
ck_7c4e588f927c27c8,0.027956855305516816
ck_77fdac602d0c6f95,0.059841205745712965
ck_e963d8525018d072,0.01250686764364331
ck_6e8ebaea8f7bffaf,0.0009345525188232691
ck_aa42976a31cb7770,0.004330006370679958
ck_22c862a496008c96,0.9946655305261355
ck_527550dd15f38782,0.0171497171602684
ck_b3ab3c210e2c7c19,0.030215590291600026
ck_ed9c56fdb9f45ddc,0.3862238081052433
ck_b53281da70defcfa,0.012879069839541037
ck_03009b721568ee98,0.0179888028524724
ck_3d9afd862b3f4053,0.4767946534502023
ck_ad3c4be96599554a,0.008620393460739373
ck_d1c787c27d50af49,0.03376611109390364
ck_c7a9c7b2eef46a99,0.005430869204935984
ck_53036d3c6c74446c,0.2679364201635034
ck_1b1efbd9c0964c8d,0.038994754930993775
ck_d66f42a269d5c1ed,0.024102440593122457
ck_fefc49a2b8ad993e,0.01579221746345489
ck_8b3b874249adece9,0.018293504657036858
ck_193d9c87ad3f1dad,0.0012267923481344841
ck_0c6a50d747593b7b,0.009147076607786473
ck_c830f3830875b47a,0.03835147832394051
ck_79e202f06d8dfe42,0.03176532387842007
ck_5c0fe988b8aa7fcb,0.13616988098415975
ck_a8382d8345f21e1e,0.0028894799043355257
ck_8cb20053914692d0,0.05209722296475047
ck_1da2f69023ca4c13,0.0015190157620581608
ck_38abb60995114f8f,0.03592650126767949
ck_f5791fd8fd8fd191,0.014578090131785154
ck_a4e6fc391b674335,0.6871053063089078
ck_bd771efb4a7e15d0,0.006739662363363867
ck_38ba4a6b6a292054,0.0430375804492227
ck_f7a07283345a0dce,0.009732220052257962
ck_87dc484baaf5a23a,0.0014292077162606682
ck_c84ef83489badbfd,0.02337157793183915
ck_a397cd64ec5d644b,0.008138176695316935
ck_7977135c2ff61e92,0.009342713769742987
ck_52174855b243a8b0,0.035856615646563235
ck_0f35e930d0614613,0.9870068923093471
ck_b170a7db522a0d6f,0.012884258444221594
ck_7af748a23775bd54,0.12806033599460115
ck_52f641c9ee6fda70,0.0065940253834608714
ck_c3719a30414bbb4d,0.008751451197123266
ck_2baf214ad6bc0dbf,0.04797253979708122
ck_8b39d8aacfdd72b4,0.009762164147222235
ck_d39b0152116203be,0.021285925444946244
ck_ed33f8a937f9c7c8,0.010468959079170281
ck_8ef97b55a5fd6ec9,0.0025484403949789245
ck_8247f008a14bd1a2,0.0028441166273080304
ck_f0d349d68249d5db,0.0015266283205402238
ck_a544e766540861fc,0.013259853701271682
ck_9dfaca4c7c80b10d,0.06783117059616693
ck_7e5401c362b2216a,0.0023314203442196227
ck_64ff60c073fdb6db,0.023495624773943
ck_fc5ea49518e5d637,0.003310311488047787
ck_580f136ced341298,0.0022138643827259506
ck_9cbef9bc95449dca,0.008790461275257426
ck_e475a3b8ba870a7e,0.01121782892496152
ck_97e94708bcf43563,0.007005068354618539
ck_13f03ec785cbdae1,0.0015715408525967844
ck_152820d8817f478c,0.0091659229906042
ck_d20d4ba60eec9945,0.019799012965485897
ck_5c45968a805132e0,0.051657520877655405
ck_bebea2cf3063fb24,0.009262212567817632
ck_c3c69aefe7ea1d2f,0.013355425526311034
ck_02028b72f26fe855,0.012071030964374896
ck_dfadff70a58a9133,0.0021605330225353764
ck_6482ed4491bedcaf,0.007991056312758506
ck_754cd7b4a5ae3f94,0.03852874927880267
ck_3132857aec8485bc,0.000839372206909487
ck_7ce4ca91b8f9f1c1,0.008248644638465124
ck_41938582f4351772,0.02229237553366431
ck_f87d66946252476c,0.18320959763294486
ck_8053f1879a9b4e43,0.0058856717103533684
ck_93892e91387f5103,0.02154288349599769
ck_15254db133b28371,0.03784157662649924
ck_d557b9feb241b3ec,0.0010788049383706033
ck_71c3a8e4c12c989f,0.00945410429661135
ck_80e3041811033443,0.02562332041802124
ck_3380d60067b4634b,0.0019015480809522133
ck_a9c2cdc758df8510,0.045809902776460736
ck_3c0031d7514da17b,0.023804474438765454
ck_18d214b1418be39d,0.005275822725206448
ck_7ce768407fd48321,0.022528562096269567
ck_7a50abd42298133b,0.007065598566044917
ck_2db10f987d137582,0.05808404615193443
ck_e077d004cd1d80ae,0.006764857730599119
ck_1cb6dc67f9a321b5,0.050955336175906064
ck_b864f64101149c35,0.2132857685770464
ck_9bedf54df9418e4a,0.004399048199717931
ck_c47e32c47f0e6578,0.2026832735144043
ck_71f382d5e338daa3,0.00923760361206054
ck_14b4bf7be6ac2b61,0.05164996339334932
ck_5c87eea1cc07cc92,0.032137837436899394
ck_5f445182829ef342,0.029450431726366442
ck_a5d7311291caaa54,0.003831270168283025
ck_b7df99aecef385e6,0.06802397772027684
ck_3327a0582407068b,0.01895900251378178
ck_08dba09fd7dab896,0.03144987525393063
ck_f4ec334be5266378,0.0037069110420939392
ck_240f7f894c5a86e7,0.00858744226628706
ck_a9d994554fc14a02,0.000806868177691987
ck_13648cbd306eee6d,0.015614484419328603
ck_601edf9105b3c321,0.9881051977583222
ck_9527adac182abe57,0.3403772431956698
ck_4e0e80f5cc271bf7,0.002150959580027492
ck_96a89e720176b389,0.06885943614238499
ck_63560eec94b76d2f,0.0192992101326602
ck_c9c99e5b19aeced8,0.001281467397508746
ck_bc32655ee5ed643e,0.016837093545035382
ck_edccb5a93b741744,0.007988228311365628
ck_f786cbc987b70930,0.0027338811257694873
ck_0e8f26536ccc8947,0.03308693269211722
ck_b87ef4b98cfcec4c,0.023295115004477642
ck_1a9235812de4b2c1,0.01796226243964564
ck_d1ed88ea4211ba4d,0.0034445053170121974
ck_a4ddac49657a4450,0.009723822491194863
ck_d9ffca35188e49d8,0.028247887148237755
ck_3db73bbe03c3d240,0.0016590268826220346
ck_fffa0622344a36ab,0.002050374073276447
ck_148c28df51bba5e9,0.9149486609559899
ck_076cbc25c8f15fc3,0.9496396525924174
ck_e5ca550b39ed45bf,0.4975873938115342
ck_8dacf3a2061ca17d,0.020382615770206204
ck_2d7394afd61643d0,0.004391078502770468
ck_e42206e91f6a1752,0.0022121155249637085
ck_2f4f94827984c426,0.0010563771846697613
ck_edfe8e90e8f4366e,0.005670075449713726
ck_646b15f753e5e9c6,0.03136959127966515
ck_66600620149c8799,0.005832086815802869
ck_4ff6fc70bccfba96,0.6607575016465179
ck_41af3729590c2484,0.010277299661959038
ck_920a48ba8c583e96,0.003899214957129154
ck_0253b3e7be021306,0.0014652376989124569
ck_2ae6949246ea2648,0.01330866219664501
ck_db23a5100f338d72,0.011409967014444541
ck_fcb2a559474c3493,0.03073280756434827
ck_0a4d7acd2a53cbbd,0.006307721501422854
ck_c5d62b2b7a6f3bac,0.9637531735104687
ck_cf59f4fc0ea690b2,0.008177108861967803
ck_837be8126bb19250,0.0023667396294247724
ck_58955542edee1adc,0.0053519051842530075
ck_1b93381d8eea58d1,0.006982687179905448
ck_97b8e05d62abdc14,0.023573827769791788
ck_71a0d645744302a3,0.00854176188592269
ck_a7b57882ab66b111,0.0016388230237478203
ck_65f76421be648549,0.00812278138917977
ck_b53ea8713d32ca7c,0.02009507641809846
ck_991c4c924a1d85ff,0.7156588961856596
ck_8432ccec1a4ec7fd,0.9946051623214047
ck_64c1633297f43788,0.002971141444432973
ck_4291fd9c1161d8e1,0.031814624399839175
ck_5e98ed6391d9f429,0.03931450869922763
ck_c7baebe4549fdbb4,0.04749697077817786
ck_6e67225ba59fa5ae,0.019942362567439684
ck_719602def4d35fe0,0.032042647458245394
ck_bdee7c86f5ebe81f,0.009481540934483407
ck_8de38f8c7f91961f,0.04436531087788938
ck_b0b5bf9254700402,0.010225186515329632
ck_7b55d9bb1a250d4f,0.021114582092266618
ck_3954b7b0fd1d6614,0.0012790220182084175
ck_f29471fe7c818d6a,0.004477604832993256
ck_9e65a8a2f587691a,0.010981842890806398
ck_eaec5f1a83b66eb0,0.1536962569717042
ck_004fe0daecbe2c1a,0.009071589157799112
ck_d17653a4a2d4a79e,0.01813431199974728
ck_0dd417fcbf19e424,0.021979911034603936
ck_4c99a6eadea143e2,0.086613129046099
ck_74d602c907ee9119,0.0032876609152005932
ck_1aa87cb62acc0ac6,0.01266453281329034
ck_094974d75e29fb2f,0.07092824578073931
ck_5ef935ac3d4d3332,0.018682768501642515
ck_b26e4ae47c9107ed,0.1771391654668432
ck_396cea6f95186ad2,0.03333292127712905
ck_48446a9e8184c7d4,0.002004258255058633
ck_31e1ede23247d56b,0.03143402640784827
ck_7afefa349b960a3e,0.014493667434823597
ck_f5e02a3432571b20,0.04375056575162585
ck_64eefec062592c43,0.00984828269251609
ck_a1201284122c141f,0.026327113302797786
ck_1b34c420a4c85a95,0.012124210794923504
ck_d637a011332ba67a,0.008500110838929636
ck_99c0004d8b7079f8,0.009047557921475812
ck_948517bad569b40f,0.07453383790285942
ck_a28d6b1601b472a6,0.01821673292379322
ck_a0b4209feb31f5c0,0.9974073090840543
ck_d6d2c1f6dfc455b6,0.37446670793003
ck_3f9e6d356d3dd3cf,0.004055527880069083
ck_d08e00c842b75176,0.008848326656683609
ck_bfdd232a7c5f2660,0.028873845887820507
ck_2cdad03ed069438c,0.016893129716398288
ck_42317c3eabd0a285,0.6976541473192752
ck_3eb73e56751c704d,0.021502263395596143
ck_ef33c04f4c9e3758,0.037778512816723855
ck_1dc23dc870f1773d,0.012164480996151613
ck_76091f357974a152,0.010826792479195171
ck_4d9eb75e8eee90fd,0.056776504978857556
ck_578f67e69e5d2cfd,0.002857881008742604
ck_3a8ce1cc724229b8,0.0010462121684514003
ck_a96887f841e80fc1,0.028297023337911183
ck_d2d4a8f4a9f2c33f,0.009882997705919803
ck_11f85bc705dbe036,0.04386721889333009
ck_7429b3f87528e335,0.005833686056280118
ck_26df74feac7ec51d,0.03246850780625664
ck_c78b2638fadd91ab,0.024671232627204758
ck_7eaad325abe3b50c,0.0029411277900224793
ck_fd44e34af620e606,0.026937700616833565
ck_f99738dff854e25f,0.0032329777451053786
ck_1ffbce3a239bb264,0.00799648461316524
ck_96c7d52ba0a766ef,0.05431830491146217
ck_cb1c00c300af3f9e,0.014515403095573032
ck_ec3d12848ced99f2,0.009655701293228071
ck_26cfd7c3c6c7bf69,0.009298200470381313
ck_7ae86b5a885affc3,0.029426154511632142
ck_3edaa94d28cd48ea,0.008901025343056554
ck_3209c530c9812e39,0.005608230594544268
ck_ea62ebfc1f04b49a,0.009444222049902985
ck_5fc90b4668ea81bf,0.024303672191569523
ck_95654593cdebd141,0.0034783022574545845
ck_958c0bd61820147f,0.04646278854088864
ck_8440ef1386c07194,0.003844517053124337
ck_8cd1b68dd74b1375,0.11300330847044199
ck_c9eb4df91ff07f2c,0.02422433372566457
ck_c29489366c01fe65,0.8760418092933931
ck_c965fd6bec0f0ecd,0.030058752425261365
ck_84c402b23766e1f2,0.012192242700534659
ck_181f3dae03b87136,0.0456398730219214
ck_022a8ae79eb28cf6,0.9040671953758815
ck_469c17407d17b706,0.021216181639195725
ck_1fcc5843f39148a9,0.00415855281733212
ck_5debd55f361b2ddf,0.004993991031154895
ck_28cb9b03e89263f1,0.0019144598214450481
ck_f067470743d3c7a2,0.03160777574876153
ck_d5d225ce41a1a762,0.021349274888932287
ck_15b4840922195ffd,0.01134176033148987
ck_6bcfa37c717f19f1,0.02149921942681732
ck_8d501a0386c66be8,0.08043541149840817
ck_1a9d6190c57ea7e2,0.3153546963809731
ck_c49832eabdac5bb7,0.0017210702460149453
ck_b4331140b2e0d4aa,0.0074435594564570134
ck_5efbea1befdefe1b,0.17217913593405124
ck_72ff52c4824072ce,0.023269499484599297
ck_ec3715add8bbb6e9,0.0020574228533177838
ck_9822f8ed05335741,0.01827762199548844
ck_c3d7d3d12a1981a3,0.0036775220434319016
ck_a115a7919ac5875a,0.0461554346468403
ck_4dd4ed23e0b927b7,0.15030829702033177
ck_4c76efcc1ee6762d,0.020303263250317987
ck_3ad6e7bf452c9b21,0.011474514260441705
ck_dcbab304b55a42c7,0.011607868665121661
ck_24b53090faf722cf,0.008060572133633878
ck_187317383400491d,0.004797539545647455
ck_e07fd57565c94c28,0.048563896967905376
ck_740e760fdcd27835,0.0017576352790906965
ck_d3796aebda1cfed5,0.8824521908770951
ck_e541967c681cb929,0.018245778617260604
ck_431118050b834dcb,0.0014585597934045525
ck_90f3655f0c8a0074,0.0021333818487413773
ck_13cd943777651aac,0.014520166955812278
ck_66accecabf3901c0,0.023289603012065348
ck_937f0da2306b2eb9,0.007283636584806818
ck_105b0c93573fd5b7,0.84428101404945
ck_00480407160e0743,0.002523193097840672
ck_e032068be7b77d15,0.02202798151272971
ck_991b7dfd69098320,0.0019129345004930032
ck_37d47cf0f34574a2,0.0022904630258209005
ck_011551a596544f5d,0.0048157075386120575
ck_9acd98f4fe2d474e,0.12033818348516438
ck_7c88d3d377bb61bb,0.023592536353512914
ck_e2374c7136c964fd,0.07455927829087104
ck_2fa8f2577116e9ca,0.03513997564600852
ck_d07c5b0321c685ea,0.20006290801885654
ck_bc736114a31088a7,0.01098893017634174
ck_32bb42f9bff197f8,0.008052396087303421
ck_66267bbad1f1415f,0.9859577760595819
ck_19988702ccd79201,0.012106485095521966
ck_f473a03fbcdbc4b0,0.008797343482821946
ck_e3f1d85fa5d49396,0.006643992238332024
ck_c4402ea6291df271,0.02048839309531834
ck_243bd5ca8c4ae5d0,0.006584358868831753
ck_f271e855925e8d6b,0.21916422838603392
ck_e424148c6f2223df,0.005959778056199935
ck_e4d0a9e1102a58b5,0.004621009087323635
ck_91c2a5fe69b9b1d1,0.01242348777388889
ck_5fd8924732fe403e,0.1673537602015638
ck_9a881d5433126ada,0.0047632810596206065
ck_73cab88b29c7845d,0.016903094889773644
ck_5b5dea6476d4e182,0.014397578730717408
ck_ccccb17d2ca6ce94,0.08621524049191853
ck_cd1dc68e441222b1,0.8959646862876951
ck_8312c49b1431a406,0.016614940272494175
ck_25fea39897f2a559,0.014938056033958457
ck_f56200205280bddf,0.03880417201984621
ck_7336611650dcc088,0.0029238389885177414
ck_590716322ff147ae,0.03242532798777422
ck_c82364d87875a1a1,0.01945552061452006
ck_fa4b60387d744fc5,0.002329759838967016
ck_d841eba8906e9a15,0.003876006232946237
ck_d6df562a79b9d0d9,0.011278443802122135
ck_59a14d2564193101,0.003740264283779123
ck_8530158e3d7f59e7,0.005786001479970944
ck_ac68d707006c12a8,0.012421045886363764
ck_976fac1bb3dd8c58,0.02617242607740023
ck_f854fba8f4adae3d,0.07712192057842984
ck_b98e9c3ec6e7d1e7,0.008158204611689332
ck_803c0b4cf9d4bc1d,0.031142578066129214
ck_76997a33c3ea5107,0.0012697146442487615
ck_f1a9d832b700bda1,0.9381185188977509
ck_2bd96ddb8c323d63,0.9849730207153118
ck_9e5b7acf51b1b743,0.017817804477473637
ck_09169f22194fd6aa,0.023908021397336256
ck_6d69e092f9b0848b,0.018298959040870127
ck_9f83fa5a2d3b9049,0.013407173979847455
ck_57bbb19eecb4b87c,0.0032621577618269022
ck_e0e9cfabb979f428,0.005171601522107012
ck_b1ff9edc51d42f97,0.005524463561756628
ck_4682fad271d47eb0,0.9313293633155479
ck_ab33fb754c818ae3,0.04080892770307928
ck_b456f62b80e21557,0.0012296616675104566
ck_16340be3f2a7fffd,0.0026107458083714213
ck_ce66831f6611014c,0.01220610496132664
ck_4610a073bb54d1b1,0.02022762417161117
ck_fd038a7d33a9d6e5,0.003309831483400264
ck_c8198cb4c461304f,0.01781071654836493
ck_1e7de58822000dea,0.0023791047507028588
ck_b2a79dd3df560f14,0.07002825284594219
ck_74a06f347b32347f,0.011635197884578601
ck_c6fdb2972417c9bd,0.014489577516028907
ck_d7607a213b800bfb,0.05783886851021496
ck_df65967b8b40319c,0.0009447094798728901
ck_329a73dbd585ee09,0.0054894765220629815
ck_74991a9e85c3b07d,0.012190790918195762
ck_bb76609b79e0bc9f,0.020537422857686526
ck_f7fc1bd0b9ab1fa4,0.012180526047446592
ck_d111c98b36bdb791,0.00352966966886206
ck_f07e27d125497b66,0.016339023474552107
ck_093e3a7134e11d6b,0.006559945040982829
ck_862c7953bdea48b0,0.007519830627995971
ck_392cf2cdd515c34d,0.005736856415958796
ck_80eb91b0b4001084,0.04536536740137823
ck_5923f53b77193a58,0.07776058307972859
ck_8049f5fce32be185,0.6766794854071069
ck_ebc5a2c6cf88e252,0.028071180295789727
ck_9ea5872f14cce338,0.018709502532749927
ck_f7fbc95ebf584379,0.0045771146552535495
ck_bafe82c870356706,0.9649241795971185
ck_278b36c5932d9bff,0.004739309863140395
ck_6a892dd5d05c1649,0.009907698390843355
ck_0734fd90b2cabd43,0.011791774177801702
ck_9b552204498b6762,0.012921115138900981
ck_f6c909c205767956,0.025947662800667612
ck_32f590e87bc3d715,0.0004679809915656162
ck_66a8325f28be7562,0.002358111892460718
ck_b129261da9c3c3c9,0.0068473917885773375
ck_a524071c51ddde20,0.007110710644996069
ck_ba576d6d4cb6130b,0.17697552791103727
ck_8d8226520722af78,0.03724403218960157
ck_c5b0f0d4f1655a20,0.021860031408907434
ck_61814ae9b6d8eab1,0.005115826082317986
ck_382ebf136f7fa337,0.3036577304622984
ck_423ff4ede6a9f066,0.01289766800396691
ck_546ad962d04b7de4,0.8987785589651283
ck_9473ea4a01c95f9a,0.04000707276119239
ck_9eb1da8cd35a50ce,0.007978835584388694
ck_de5eaa2cdbcb67ff,0.10192540013635981
ck_537cc97d0398c922,0.09131399127061916
ck_998475a2e4dfad4e,0.008375144297769067
ck_e62eb708d2688fae,0.009952385041150837
ck_ea623358f704daa7,0.12966793392088038
ck_b911a09f328dfd4b,0.004848466697346772
ck_4b3506b624e5193c,0.030750539010719866
ck_448456f96788713b,0.025419806269569738
ck_5d5ef9e75f65d076,0.02776455927091094
ck_3b74512f774a6e5a,0.007156194830546818
ck_a032e8ac1507c6df,0.5762161040894858
ck_7e2d6b22a0ae20c2,0.02219883872051552
ck_d80283209c963f11,0.01223784322343473
ck_d1157eade2ac3975,0.022808448408725687
ck_be48f583f79427f7,0.027944863683920098
ck_0027b5d4107d65d8,0.05033848774598406
ck_94fff69584dd3b2a,0.023914641036281697
ck_75fcda73f0b43557,0.00946444468176802
ck_a1c78972e4ee4082,0.034345045080888016
ck_f0982bbdbd122f91,0.007227236499477372
ck_3199b471575aeb3a,0.006813243332128936
ck_7fa947a0b1c1cf74,0.062130088383188814
ck_a60c618b7f0e4252,0.005609424596790664
ck_722ac47c8ac9b6c3,0.18751786025603812
ck_d44dc3839a195c8a,0.08052245833663749
ck_a2c3e82fab520483,0.00708456754414026
ck_6f8ae0319c07cafe,0.0027282300312717273
ck_49886ff1e2c759d6,0.01761032005624507
ck_150a1108f936e6b0,0.00749633865200619
ck_e21f9f96f597695b,0.016455633911418605
ck_7297bff2b7fdcbc8,0.0008433150314227281
ck_ee949c71f4f702eb,0.9749195295140977
ck_6fc37dea4b4f35c6,0.13077356084617267
ck_e76257caa98dc25d,0.9663155053648916
ck_828eef2334e17b3a,0.011453205128116135
ck_604e1b8a8c693aa7,0.004531011460694726
ck_7743c9fe037d1f9e,0.03974634292178476
ck_864a11202e19e812,0.0789600262707491
ck_4ec040b9e3785e4a,0.0014696840001688553
ck_7346e4f820d9c00a,0.8770377212450594
ck_48d4d63beb26b623,0.007754649545920496
ck_c423aa6de3ed1e01,0.0018602992907119124
ck_d74b2ead8aaa3f73,0.04108598861278538
ck_1dd69a11daa7bf1a,0.021934290872342534
ck_d9143e236eef177f,0.04415888062007831
ck_f790d91e5ff0eccd,0.25772388612965724
ck_69b5620e00ef5dec,0.0016590353828714235
ck_cd32e58e8a1c0e85,0.012576652642334995
ck_064013b0957d87a5,0.994120424455103
ck_a481385c2e60dc4a,0.006821330591784546
ck_d72035cb29db3aa4,0.03459218987735235
ck_3759939a0205306d,0.021732171093010337
ck_f437a53fc832ec95,0.8447992824773826
ck_260ef2f3e6434819,0.034489003305805066
ck_35e411b05d22f663,0.0273009330327705
ck_8bf46e472f3e20de,0.16535424719968544
ck_d546994fc5d3e9d1,0.014395785558047082
ck_6ff0fc7487e737e7,0.1551619425677954
ck_5c67f27816ae0b6f,0.010851406558625674
ck_c5517923458106ae,0.005519377530765012
ck_d9735647a6b0b0a7,0.5123438218559901
ck_541a734fc457246f,0.059103548380311094
ck_2f6a639468f41043,0.003420939775390939
ck_bea2cf7a6b7bb900,0.013504536928684495
ck_7eebd0e6ad6c070e,0.007575585908512601
ck_b64c87d5e3b10e6a,0.8396696465750921
ck_9dd7daacb7833233,0.010179528660142222
ck_396e9ea9a6c6d7d9,0.013797327439149205
ck_1645e6cc53fa99ff,0.016970337324563958
ck_ea2a83ccb8d57490,0.003792648419405287
ck_e64f0df63e1be595,0.06434522005097662
ck_fa0b234481cb57d3,0.03312185366210441
ck_63379e3c9fe6f711,0.012494583235571548
ck_c67f7944896a0310,0.06952501150421345
ck_c10e54c9db29e6ef,0.9943764347184044
ck_7184ad7709ae4c80,0.019050903457409014
ck_f8b6069d7577fde6,0.004172780158678255
ck_18444be153bac1ca,0.8890925707422486
ck_d0982b4e0e118e4d,0.027055299942442195
ck_6faf3e6820398866,0.01148506621923309
ck_97e980463aca4644,0.005667959130256003
ck_630c835243c66b19,0.9774780882271348
ck_fe429ba3e1aa0e4f,0.010571275252183326
ck_1058129ed7b48c59,0.015181412579792782
ck_04a1a46f07885296,0.018076292840545554
ck_f01e94331067edf6,0.008066115220732596
ck_77b2fb17c29f5e72,0.020400982076632865
ck_4f0c5857da45fb28,0.10866525210856272
ck_2cfb9a7775e8a5bc,0.9557820599492759
ck_6846100e43659bf3,0.0025924508135356703
ck_f89719a854fe11d7,0.009845387143110314
ck_bf47375e41ca3bc0,0.003418279376893373
ck_2770b0400a7bef08,0.06010981687711966
ck_2a09d142de1c77ff,0.013438140370560231
ck_857a1f5547b9ad68,0.023819542162206133
ck_185f15b1523bbcf4,0.004382137066883775
ck_ab2aed614ec1cdf8,0.03998238854213463
ck_a9e7f3b2d5dfd97b,0.011100126490997075
ck_0eeb3d9b3e697edb,0.027063139739416413
ck_fa5830d81bc8ddc1,0.003703176714542519
ck_231ae0329ebc3220,0.004955471937771648
ck_1587763dd54688c9,0.002423033785974162
ck_9f85fea4490c00cf,0.01942623667643386
ck_a2d709e7eb91e4af,0.03741277471589534
ck_43637d28c7216453,0.0032413218574187477
ck_f3ab5dd853d38252,0.0383983919013423
ck_4a1f0172d3bf4fd3,0.01024586392620224
ck_517620ca16505af0,0.005519684863571458
ck_9ae904fbef56065c,0.002971125739096785
ck_d5ef1f6e34bb35b8,0.055583521815748965
ck_ff42557857ae3aeb,0.0008946435882437734
ck_ad9a18f58589faa7,0.006498196217902036
ck_df1a6edaa3e6b271,0.006188641758679758
ck_99021fe7225b5a68,0.1034984233453106
ck_99e52c3c2530b69e,0.9716915977125503
ck_3a4811dc4a1a891d,0.0065532826020296055
ck_ba3a6be026c87079,0.011877472692366534
ck_da6d1e5cf6aba6fd,0.015310375820254416
ck_ddc7c1f3d45fe6e6,0.015483008701338124
ck_e1b1e7a7e4a15b3e,0.006470929912493118
ck_8288f7f226e08b89,0.009761738518415388
ck_c4524993ec31dbe5,0.002721482647343658
ck_8b19bb5b23b6741c,0.05293890039170365
ck_d21b38231a8a9f4a,0.11321564906169397
ck_3f730318a9792292,0.012103523360313841
ck_a4db6e94a8f77f9d,0.06469238727583397
ck_a8cac8d480306839,0.0014966195230927285
ck_5472214011fbc2a7,0.002673002977794844
ck_7356f47dbbbe7904,0.005216503509333602
ck_16801e628e883d78,0.007369663439114117
ck_0dc1e536231c4860,0.007694391539588434
ck_7cd0634a6e60af83,0.019467123552150956
ck_ef6f8e048ae1bd4b,0.012389915314911053
ck_82f3f744209888ac,0.026197362139644628
ck_f33188c232a03526,0.120738129699792
ck_4a59f4e10bf45d7f,0.0024944278059798337
ck_d96c893721385e4e,0.002023691452074753
ck_f65ab819373edb37,0.02349976164350209
ck_21cac21fc10b7768,0.01119186485753873
ck_139b54e6ccbdd7da,0.03303407821532172
ck_d6f5c8741697abb3,0.010450637050233576
ck_a28d9bb5590d458f,0.07743111711125322
ck_ed26d906883bea0a,0.007576872178988008
ck_227602ad072b838b,0.0008179588705780165
ck_39d5f6c17c745ab1,0.0015700076696121418
ck_744eade757ba69b5,0.03013752215395024
ck_c1295d97cdf35ec2,0.00801318630334838
ck_69105f881da3c821,0.013962726099615276
ck_933789b55361d7c1,0.8107995888316205
ck_b667952253503174,0.003422549031651543
ck_7bf668e25abeeb05,0.002827358362726483
ck_91742711dfdffd56,0.011144586778625634
ck_af32a0660090dd68,0.021495166621295775
ck_2122f201e65f76ee,0.007095499525424042
ck_f48acb73a5d6af07,0.031479035299625244
ck_337c5684510cf432,0.08551055196964688
ck_f7bde7265053364d,0.00979827361749416
ck_c190c7b924edba75,0.10477340565854854
ck_044fa3b3a003f0b5,0.017529462105832724
ck_87eb43e3b9d96169,0.11624165487959591
ck_2d3d6c9364362017,0.001060097843141396
ck_ac55dc6cbcdf8228,0.012499408524810096
ck_61d7b0568ec5d6cf,0.03485351907422508
ck_89c74feeaffa7d09,0.004294519848313795
ck_93776b0c113f41f0,0.05399292976830581
ck_15e0b679931f7a8d,0.009210353178103876
ck_77b56c49cfdb1d81,0.08449014284693061
ck_73188a826b5f499f,0.00986190660155308
ck_4f463ef25325ddfa,0.5016183890528554
ck_863db2e394dc47d1,0.9621608303337567
ck_d52432ed597f3cc9,0.0037307462723812595
ck_04fb61e5739642f8,0.1620483517635302
ck_2e481d75d110c06d,0.059521467907536714
ck_3fa1a523d77cd619,0.008699089812757799
ck_466dc6274fecd708,0.005825619872346717
ck_e1790b3aa2241b10,0.7999297218899478
ck_84ad096a46e1a960,0.06306202576291288
ck_3be72c9c178fa00d,0.015597441017959294
ck_5a17c89219d1d9fe,0.018303194202709
ck_4f639f4ee6ce8d9e,0.04756065008689898
ck_f4ec4a935e51b4db,0.018739351003272956
ck_f04040a830f92bac,0.014349920632450863
ck_3e4d02a04be2aaf8,0.016668337858776614
ck_4d1baef193cfb900,0.031849667029709185
ck_0fb3153d37626b75,0.0010648694897461548
ck_88ec57a11b11f702,0.8355468389415357
ck_dca9dc465f759db4,0.006815761182115933
ck_64f5fba6af67e024,0.010919083069394866
ck_896096cb167254ef,0.0505606133599725
ck_7878679065876b98,0.02747788642803289
ck_fe8e5a6c880ceb4e,0.007891307724395332
ck_a5e036327d3d1862,0.001471990120733671
ck_310f73940fc4cf4f,0.026202800333307998
ck_46a8db16ad00b749,0.02793328426660178
ck_0d33977c3de8cfaf,0.9940881824811326
ck_c6fff412f531db0f,0.0010419045815617323
ck_bac6dadf428eaea9,0.026813478878683926
ck_1b96d9af0d7da2d5,0.0036468407445400834
ck_fa8a4a9e77799fcc,0.004525932168213452
ck_0bf48607a874b4d1,0.0014794753077854857
ck_eeb75f8a6439f65e,0.04840923584393672
ck_a209a5f7d172125e,0.012265034496619101
ck_8f346b72fb40bf14,0.0037326976835876696
ck_bccbf9fef367f00f,0.024799513471797943
ck_2d1548f1ee405cc9,0.012923873045266173
ck_e8298ff2dc1e9d50,0.0037783243289490165
ck_77c0fb524edb4a94,0.0037499394548220757
ck_28ac4c5134cb8e77,0.030551254796821456
ck_db23a0e3e54be60c,0.5012453911399175
ck_a059d00cee5cee99,0.0029684944546079475
ck_3e9e3bba8bd363af,0.002999537135268989
ck_0428728df24cdab4,0.0055946667675672536
ck_88cd35378075c84f,0.0006816511489457309
ck_0174d76398d9dc0f,0.05809240537067207
ck_3f1287e6c27de0dc,0.013259169103164235
ck_ff822700f3605e06,0.9970655177598841
ck_4563227b2038ae07,0.22034244396814665
ck_788e78065526ee19,0.03396434250678612
ck_8a16eb584093b12f,0.001543906314948457
ck_cc276f71ab6c08fd,0.05093424344276422
ck_d61d97b21002f3e9,0.028495807435331
ck_4b2e87d86a5e415c,0.039606212602342025
ck_3e6f35e4500d2f2a,0.0017227532278510814
ck_3acdb083e0d8ad61,0.002801276459518821
ck_cd655202db489010,0.0028841520674523814
ck_829cbf5ccda481ae,0.006692526470153929
ck_f5882e6f98b8b4cd,0.0012155227465029314
ck_767947540b234add,0.018230936760589678
ck_a6e8e8f535b1f1d1,0.02652833964386217
ck_58412a2674fea506,0.046696562369841293
ck_fae7e518a585fa61,0.031485546250618675
ck_9c60ae6958d68dbd,0.31687849696134135
ck_328696b8f5e54ec6,0.09676283039227063
ck_7df3f8f4f1068d62,0.0045719180097925525
ck_cfadd21458230ef7,0.019084141417363195
ck_7048bedd554c703b,0.002237589192059902
ck_50422466f145bfd7,0.0028087109758644633
ck_61e1f7168cd9ff25,0.045605981070380004
ck_733aff0f56f5b3c9,0.021022313954618663
ck_e14892e424180549,0.003345841230715924
ck_03f6664a96de7d0f,0.020664993472774933
ck_b7f4baa2cc82fe61,0.005794163089498037
ck_1e51199a075ca0fa,0.005219504970378682
ck_0e70516fa07cfb17,0.8320245911011714
ck_0f37c554a5057801,0.8786887102066726
ck_5576b725de38d106,0.013843102766308263
ck_82f360df1e9f4eb8,0.08951414516093219
ck_395f3bd4aacd7ca6,0.02412054742200969
ck_5e8e857b63966609,0.3989324721297737
ck_93470896f0804b6b,0.9168742597693437
ck_3be854e42e76569a,0.003475030712248689
ck_0567302c57a2417e,0.07076218572264843
ck_ee535461b5f05539,0.2745503893730583
ck_94a096c36162a153,0.012783987993282276
ck_dfc8f5c141fd7c63,0.009311948619013626
ck_98b34f2d704c1c2a,0.020682092660152265
ck_96dff7a09d45f116,0.06150272380015377
ck_79557434c129ba52,0.005040205514804352
ck_4596624a7c01d501,0.02243321523902555
ck_04e89fbd739243fa,0.0019254057535950026
ck_6149ffaf18872dc8,0.0019678252721247133
ck_cd78f0832a09bd8f,0.34068858366282806
ck_7e29c10d781c3b41,0.011759938501490676
ck_1f7ee7b23fc6f2f4,0.008536512721396751
ck_c49b685d2b3ab89a,0.0040409039154015
ck_84569a8fc50e73ac,0.022306367913524798
ck_b92b11d205af91eb,0.0013086382908057007
ck_06280e6d6d2485b0,0.009204299157702303
ck_3c08546dd0c92863,0.016364294456061218
ck_99d3983f907828bf,0.004911852504872852
ck_eccfd552aa652d3c,0.012359482265847519
ck_0cff8153881875ba,0.029707591153575578
ck_c1aebbeca6ab5ff9,0.008637913929080681
ck_538fdbbb3c2bcbbb,0.04554885253694052
ck_8c0210322733c718,0.012076778545828675
ck_0b0c93039f987abc,0.012822176888457786
ck_6d07d6d1bd227d37,0.11220424111301014
ck_9b6ee35e8cd0b11c,0.0023550756007388453
ck_d838491d3d4f5ecf,0.005303529254277698
ck_0593ae243a9ebee9,0.017828038099820042
ck_ef261fc09be8eb0b,0.004504866250785742
ck_d0935b571a4a3868,0.012106691843915243
ck_97d04a67a104af39,0.05139160408216364
ck_e25f70d0b7229420,0.009695840160559764
ck_9b71274ff83de482,0.9728720831031514
ck_6de2aa2bb60978d3,0.027077878816814487
ck_eda55c8fb47593d7,0.00837616935536297
ck_924e572517515f19,0.2469638931236694
ck_d6f27eacbad310f4,0.007328836761951644
ck_8550f229b5eb03ab,0.004374143155930466
ck_e3e95546a84d0ed8,0.027984692646880194
ck_3135c019696ee6af,0.9288737694602971
ck_41ba315d8fccb559,0.004249177884696275
ck_72b86e4485da2d0f,0.9609456126016167
ck_daaa995f3c2f0e47,0.029043515642027826
ck_053746067839696b,0.016957060158728898
ck_a15fe7d0f4b65c33,0.5654117791070226
ck_15de11438732bb05,0.005602872833367211
ck_2c4d25acbe3fabd9,0.009119819515197261
ck_7f08078908599bd2,0.03686450609703887
ck_e794741742fb2619,0.013572526257445691
ck_238e53b6dee8c301,0.004207045730447221
ck_53a6a33060d5c8b8,0.008898871968240006
ck_0e0919292ad33472,0.5352405341478463
ck_d86ccf148c06c8c8,0.04415221970332773
ck_c881f26c9bf9ae42,0.43911502074768455
ck_4b0947bf94e9d847,0.024698371958900404
ck_e10ff5c38bd18470,0.017109808268508105
ck_b60de9e97aad9e45,0.7319338142088087
ck_190bc849e5ff5401,0.0322328974297252
ck_e7be077aa0b2632c,0.003119418780526426
ck_a51abde881ebeff3,0.021802452501251526
ck_2208392a9f6bd249,0.02544030434932873
ck_0259da8f109017e9,0.003751959764217053
ck_05e01ab9c95449da,0.032431465662997705
ck_c82897ebffb6ae66,0.008262373179132473
ck_b4a6bb4689cd7cfa,0.008538518454768511
ck_9e21ea33018ce538,0.013941024212934952
ck_caa348f0e65db062,0.9737614934956559
ck_a964e6b5d8415334,0.4729510824208301
ck_510bfbbee37ff436,0.01619066164087024
ck_9741a82faf5c7889,0.0205979382520719
ck_e7f61b4a39ba98ac,0.0014406508361370898
ck_069d158665a53909,0.012375439581397207
ck_6426427efe3228af,0.03269063994115785
ck_ab4a8d02ec3c0fd7,0.0009097453172281458
ck_aefa0d8d933e0eca,0.03704736782412402
ck_232325ef6bce92f1,0.011296415171435027
ck_14e58c3fb26a2b4d,0.02158127249094197
ck_06e73afdec26aecc,0.14778282100808593
ck_3168f4f2778d64e1,0.008232332879869611
ck_ff3998d6858daa21,0.0009849640531587954
ck_bccff46fb0868454,0.18034913888814863
ck_c7d444d90fa86d7c,0.5711858786608709
ck_f0bc3bdee6bfbb94,0.022893232199923227
ck_f7112818a6d81422,0.06600476359829285
ck_aca35dbcb835ad02,0.02621856447376916
ck_f637fabf0f60528f,0.015546548704855475
ck_53d17ab97de1ac3e,0.005610157319385864
ck_c8c1bf16d9113493,0.04990250443342621
ck_e842fb0cf055a83b,0.07045853565910838
ck_93c0cb3dac4891fe,0.010270723040700654
ck_0c1f088e17e46daf,0.022778655503133207
ck_8f4b384955bf57c9,0.0034243096711435435
ck_09cd5c4df1e81ac2,0.07157541176209958
ck_1e832a5b2342554f,0.045509803328993126
ck_2cb763a881aee27f,0.0038560271498282546
ck_5875828b11406398,0.017040314150086486
ck_48e84b0cb0b90fa7,0.020039570224318994
ck_833688de8629c5c0,0.0015118026750605357
ck_117d78ccd5820f36,0.012904528727519914
ck_668ec61c4c39cae3,0.0020024337562403417
ck_73a7794b659d7a34,0.0033901026904986286
ck_10f90d879209734f,0.006678179569971448
ck_d1d079913aa158bf,0.007039626171915557
ck_01c631b38e8a9535,0.008424257081033186
ck_f6923088c17a04e2,0.05273802669782891
ck_b447badc9138987d,0.001022824566312981
ck_8b772caed8f1541c,0.0069685742869199496
ck_5403c76fe68a08ba,0.5129328690251915
ck_3e6833574edf1736,0.020085891105254917
ck_e527fbb9450a4581,0.818047141307886
ck_cc90e219f1ebf390,0.0026300559486072575
