cookie_id,score
ck_315fb710a0e371e7,0.0010839700187822742
ck_a76ee3b3e3e522fd,0.11807813409694608
ck_94c9a4d382689e82,0.0363553726097048
ck_8eaf9509ad9462a0,0.0012901570224242223
ck_9a88a5a989cb5bc6,0.016235209702000694
ck_15239ef0689c1a35,0.010657828525073644
ck_8de69cd219d3b87f,0.2839919272588164
ck_f92cd37022b0ce21,0.02562972682709439
ck_1a3ff7620580a514,0.010493286256191217
ck_397c03aa33a57310,0.22924833683014306
ck_a7cf6c3b322f6b7a,0.010413176757386403
ck_c39a9e75760e3201,0.004965285514495591
ck_88ab6d245228c38e,0.000654639993641113
ck_17733f75ebdea93e,0.003403229283100128
ck_58eb871e8d7bed52,0.03776984242370521
ck_e55b7fa67db1ec27,0.0025965394161602063
ck_62f5cfe22c952694,0.013768771340068531
ck_7fbb709a0fe95759,0.0041131826755651715
ck_87abe9cd066a20fb,0.04733535417896921
ck_d58e058b5c553dd5,0.004943514456268277
ck_d27b872648b71202,0.0033723260944545806
ck_4b4a3c5b95c55b43,0.0009901948021325353
ck_66dd4f4b4127256d,0.002100570281821634
ck_93cc12703b500613,0.07754138013395731
ck_d28806a2179092eb,0.9900335056010453
ck_0595c2a0c7881e05,0.014549459194348411
ck_50087d8666191144,0.13217036895611517
ck_b08b3f089138c901,0.019788827936801034
ck_fe3b67041dad2dd1,0.0016366746840725242
ck_8449a28f7d475d93,0.02620255858439883
ck_8642e3b6d84f49d3,0.01224940896070421
ck_e49b5e4f2f2e79db,0.5591434429957374
ck_437afe412ea4259c,0.031189419740763287
ck_569b83668d74042d,0.9113924561821473
ck_233a487d31c3e631,0.9946951525678122
ck_1fca72e03143a645,0.8998017416816613
ck_79205e31223df2ad,0.022457728023455942
ck_9625a64406ea16e3,0.004156565749478855
ck_079bd18dacb704a8,0.09165471437823995
ck_4db6d4fd2b49aa81,0.02894928146968246
ck_0dbefdac0a1868fb,0.002697549195652607
ck_24ff97ad90bdd69a,0.08824973001236272
ck_77f8c5042065d506,0.006559880984929618
ck_f11be8ce05382cec,0.025730174389109076
ck_c9d72140b0389216,0.03315239649717776
ck_69eda24e931fb36a,0.0007086720453400737
ck_ed471e496916ee15,0.004180663225840161
ck_ff090498c4b17ac3,0.0051512843542902914
ck_c3c19d6a0720915c,0.002402587550591807
ck_af02e1817cfa40b5,0.03934887689957846
ck_2df5a9fc87553eb1,0.006156944158946203
ck_4ac918e884cff336,0.03436966002984701
ck_ca149244b54ef3ad,0.0007992895712770896
ck_6babe5b8674ff51f,0.014406816103082917
ck_1573878386886290,0.007841277472335437
ck_3925f8565abb7fe4,0.0035323131361533516
ck_c4de808ae69c771f,0.0009156864872980105
ck_a777c813551281fe,0.014475920143409152
ck_df4424f6dd85080d,0.10990119080981378
ck_85e5494ec20383ae,0.03586045317309415
ck_f71a4094e889c3af,0.004032500084185294
ck_f2f3cf9cd23b2809,0.042783424090581904
ck_18e2076397bcc211,0.0252559548845945
ck_c9f9fddef39bc664,0.0255722860729589
ck_7e826e233d6ea028,0.002175207570205097
ck_62fd7eb46bee9210,0.011630502115403247
ck_206f8e3cd72768f3,0.043963863991193286
ck_aa295a11b0a6ab36,0.00915990057115178
ck_9a56739d81f84a53,0.005215112214012866
ck_aa075c418ed9fe5a,0.031465899470732736
ck_62b9fb3db284941b,0.011051871668723427
ck_f4f83b1403ebea46,0.020617613541271926
ck_16b66bd803288bc3,0.3107286983506583
ck_c4ca1434f3778f1d,0.9940861138541642
ck_1b823610371a29c0,0.00821124982091656
ck_c2bd5a722aa637d9,0.007866270697330086
ck_7890208951df34f0,0.013962816047942639
ck_020eb0e454524ecd,0.0026317404866769223
ck_3b66196ccf436c35,0.0070886921616924005
ck_109fc467ec0a4af5,0.08982432650487704
ck_f3dcd818db92de7b,0.03190499435693282
ck_31e7742f160980ef,0.03122560962190282
ck_77fce5f86f00b8f4,0.2612883267904202
ck_46bc797b4d07d607,0.0037468058002571897
ck_37899b1b571b1c6b,0.009152310679596405
ck_ef8a6af43fedd464,0.003838870708661798
ck_bcc8519fe8521038,0.04431423235865988
ck_90696b7182dd9129,0.009826676120134716
ck_4a24ad61d017e1ba,0.025298618737675305
ck_0acc3d8c67218b9d,0.005569891288606167
ck_05c97fc9de11aba6,0.17772907858702894
ck_f8ac3a0500c0ec62,0.006356972198148209
ck_617b65141f546a1c,0.004393598785513636
ck_9d00823bf60388d7,0.018625452000303314
ck_123c15d93f1840f2,0.13715747588418822
ck_573feefba6bf78bb,0.051073241259688325
ck_b25657bd16739036,0.0043293198474863
ck_bd26d2bef14a8597,0.004346735942645507
ck_a553418f2fba1440,0.01631012680330879
ck_89f3e380b0686963,0.010408856817232547
ck_b359192aa659bdce,0.014541503535291633
ck_02241f3dc301bebf,0.012935268690956967
ck_5ccc1a1c78cb33ee,0.07754516968151165
ck_349cc5edda1b8853,0.03802464653696007
ck_e9f228845bf6e28b,0.06647413436665961
ck_0a45d033d4e280ea,0.030840376279250233
ck_7e63168dda612235,0.004047840736054742
ck_676fa5f6aae5475b,0.01056714610444243
ck_74b502b20690ccfe,0.008129584504659228
ck_073509af21dd7f5f,0.3206266435036204
ck_498a0acd450944d8,0.0027735460864225557
ck_7f15b50b29dead01,0.037104320350364095
ck_8089fe7403c5f537,0.016181985994810064
ck_05b2b04e11d9ae9c,0.018625389592402737
ck_31e70f2f04b48b88,0.0012512050031299343
ck_994316fa5a02b319,0.0021196683884871807
ck_b76510998b9a2260,0.0160623403046498
ck_4db95c310e105d30,0.0037354206159422327
ck_6f730b77dc6cdb84,0.008263676977530873
ck_2493ee8e7b91d304,0.04017626687891765
ck_92d679d6ac7dcdcb,0.07365000177036189
ck_3a0e0200cbb185cb,0.013572769756801958
ck_0b2eeb4e00ff7955,0.034059296564358896
ck_9843d0e61c37ebe8,0.9940184077183395
ck_e61c8721e3ef1921,0.004718805792526894
ck_2e0eedaaf2980c2c,0.0065435348172851095
ck_9036b2e5e9298a34,0.005160330763083162
ck_3265442528d51728,0.010095278555682182
ck_f2ddae2eb1cb29b4,0.007804774606496782
ck_6cfa71d27fc27f92,0.008229937048325848
ck_f3199fbe84a28b9a,0.010866667097349882
ck_b78d785ca3ef773a,0.007298046409053619
ck_374865697f1480eb,0.03870410573258232
ck_06d0e4a9189302a9,0.029690143393380386
ck_9c9884b9bcaa552e,0.23045470212369212
ck_fd4cf578e87703ff,0.021134579329820657
ck_1917ef3e6e345549,0.09111383130398988
ck_e70418b00cbbbac9,0.03835072623714968
ck_a60388296a47062c,0.04263492248022772
ck_d598fe8d2c779ab9,0.008701254778643386
ck_646dc03de4c31803,0.8938056846364262
ck_e4fd8cbd842b6993,0.004966229551102781
ck_2225b555aa2a42ed,0.023455585113448245
ck_6be8ae9d78148882,0.005023761241633511
ck_4199342d3aca74e8,0.042366335964446715
ck_779581adb573261f,0.016571180787912712
ck_bb303568b6915205,0.05257927875566431
ck_17c4296276448afe,0.005285459509194667
ck_a60a61ac829252a0,0.00949552331941888
ck_6ea70950c1cae00b,0.900650592789667
ck_1abb93f6924645e1,0.036910929861026724
ck_faab769cce19879a,0.06531082883399854
ck_d5b8e74e7ca6355a,0.023676907566935267
ck_f11f7691af16ad07,0.0011818961367487154
ck_188fdf2be7c92e9d,0.9973099504040738
ck_4a103f8254b366f7,0.013338861476488821
ck_bfa17a0b1760e616,0.001608684880976804
ck_a4d7f6a5869d440a,0.9658952119263151
ck_58e20f5a3e7f11b8,0.7515104299050057
ck_4becdd3d2696c7ba,0.006301143694359745
ck_dad5cf32ab9f243f,0.004203770361040704
ck_7d9f73dc7c4f90c3,0.14071694231211715
ck_c19371047a2d011d,0.0023248818829929674
ck_247589ff532f7aa8,0.0037286721692592114
ck_7a9f241d5f082567,0.003028161451734746
ck_0a2b7078736b4dda,0.001727905695186967
ck_687b412e2aac7eb6,0.021007662870405584
ck_fce0b6855886a0b8,0.02726861717519952
ck_e291cc60920456d0,0.11324883236238731
ck_04219a7ea798db51,0.052403294162168365
ck_286bfd719836e9f3,0.09824437399302315
ck_55efc92394fee232,0.007601107289428531
ck_e36c8da1bd359960,0.03966187032862538
ck_34b0988a97d96902,0.008301661919075035
ck_e0fb11fc9dcb34e6,0.004806189003831944
ck_bcc9cbc9ed8b7c31,0.01348908013169582
ck_3df8da6f60a89a5b,0.050331575995872395
ck_b1495ee5c59a6b28,0.014905826364106945
ck_58f4c3ac61fda129,0.05362925063644685
ck_735f244b99e3aa8d,0.0156365333823339
ck_6b93bd8abf87b1d6,0.7279134068690939
ck_12107dacc6d05bd1,0.0018945967470164965
ck_f96db2a1f3448d1f,0.012596976958353266
ck_8fd91a3c99e19097,0.008494427628151942
ck_910205d25388a0ae,0.0007975986622197257
ck_d229dfa0e4442628,0.0033315452535232475
ck_7cdec61e1c488798,0.03628911682469889
ck_f66f06e24ff32671,0.017787260280696198
ck_350bf14e90b503f5,0.008800684158722186
ck_61fff5fdaadd394b,0.00462510982811482
ck_e934f984bad2ff91,0.401268932236349
ck_ff6a6d3547dd2d37,0.01022503873959259
ck_65ad9b15979e3247,0.010606519303701848
ck_bbe1a2ea5a403ad8,0.16608403609245398
ck_6f3a28eecd2c4031,0.008629072982303124
ck_a89b66665714058f,0.012404824069736352
ck_918c92182b6817cd,0.033056569926609665
ck_64f5eb4be9e7b8fa,0.22023864036295807
ck_d021fd497ea35fb2,0.020485915885166732
ck_004de16f7d8a42ae,0.01565658075442204
ck_a33d2325f86ab12d,0.012698105806987735
ck_89790ff26c844bc6,0.0072416676503842415
ck_e6e7257377c37b28,0.07034310129524206
ck_a2cc3910a641a808,0.8435415200266535
ck_646e270e0195bf05,0.00839749897348144
ck_baba5d66def0d770,0.13629268794777533
ck_67cdcdda3033842d,0.01507533255212524
ck_b5c3075c811a2216,0.04865773010198655
ck_515379973a8044b8,0.004184141902062544
ck_c0ce85fb4109567d,0.01866648955625378
ck_fef850553862aaca,0.002740314132309413
ck_55d7217b0aff9fa2,0.008975866536339328
ck_8e139f8925ef7968,0.005652243841206184
ck_9e35b908fca1e4d7,0.003175994107364172
ck_59735f4ab2ad3da5,0.02007372616084478
ck_dc569c1167ccec0d,0.6197410015319328
ck_1dade5592f90a15c,0.025507533398696863
ck_793048d11fb8b328,0.11896013554429616
ck_545b71eb4fa594b5,0.004191569723220321
ck_bd30853e9a57b544,0.009298414871026155
ck_59f46321ecf6d306,0.013201792572397663
ck_260cfe9141d249f1,0.13144974040074567
ck_3365a0ad1a8aa83c,0.005251348127058776
ck_b0ef193195a2138b,0.0026951990243884952
ck_0f909705e2e60f2f,0.0033025155565504045
ck_5a540b75c866166a,0.0086109525325906
ck_87c26b2f41025109,0.991907807648685
ck_27acc9f320cda104,0.2006057779942372
ck_a27bc31eecd9cb9a,0.01964667924330701
ck_115d86fabde77b65,0.0010250790559590832
ck_eeca179341d56f8a,0.7375197399105214
ck_8e5999c436cf037e,0.0014032910738651142
ck_510e7c5df1f95d90,0.9965776163515718
ck_f1acf73363925958,0.01613956477179102
ck_3c177f5970b68bd3,0.003981043934270182
ck_9cdfaa1c30cc9d32,0.0009399573883803866
ck_c8efa1538b37c359,0.007849277442302035
ck_a8a2e296f9804bd7,0.013211338367616404
ck_91a0ca45f429568d,0.014984713995536456
ck_5fdf8a0bdbd3ed62,0.017142263783182086
ck_0f4e2ec66d50da5f,0.004258877980558331
ck_28c53b214b2ee882,0.2518311219787883
ck_003148504557f720,0.116399305408586
ck_01d840cffb870615,0.3332342637653595
ck_555848d51f4b5f35,0.045903507397937096
ck_df20cc23b8fb8e22,0.013497720546408508
ck_f9604adde929beff,0.003763629718015566
ck_d66952b03591bdec,0.007545261944619129
ck_ddcac1ab765ff61a,0.017305235115418025
ck_347386629d96c664,0.021367247918796982
ck_ab01db9117acfe3d,0.0068340999817094435
ck_58e5359efc52e0ad,0.005105041554067667
ck_1a524b5cc8da71b3,0.10493240671131367
ck_e9287b6d909d731f,0.00537999394471727
ck_bb41a66e3d90263b,0.1521683208357531
ck_e95c8cc1864bd584,0.004557594577322717
ck_7a3f2961e9a8b6dc,0.006795512914881343
ck_378a9df82b1e0bee,0.24179716542591734
ck_42633573639a3f02,0.9673281875305273
ck_2a5a4c18c2c7274b,0.006837605869770701
ck_77549c1a41f837c3,0.012385136084453609
ck_a26704b5b26258b7,0.020285720067646087
ck_9874ad160efddf50,0.0037850753369253944
ck_9111e3a04b14dfba,0.016598397408055354
ck_651e076ee43aea85,0.0030280593296909035
ck_391639c0f13932f3,0.0013597469149323482
ck_02dbabda93c8c13d,0.0169265559005282
ck_0adcb1fffcb0a34b,0.03787609308732842
ck_7a43ef9c7b1c67b5,0.007213906156481932
ck_4b9dd69946438d0b,0.006064117112193263
ck_90bf017cdd37b66e,0.04830009246599068
ck_61c74163eb36556e,0.013539033797236881
ck_13376c59b5bd6943,0.003987538634503189
ck_62337eccb1672737,0.0072691068343164605
ck_16077934338472bf,0.0017521034472689507
ck_0d4dfd93086e7330,0.010488381951374805
ck_3865b7525b910893,0.017978721376675024
ck_7e2ae8b69ebd5675,0.004602125355261203
ck_b4384b6c11766ce7,0.010777529617403456
ck_3d7fa32dfb9fc692,0.09380876409512297
ck_f4a6a7cadd6e0603,0.07315745108144178
ck_212525e2828a6c45,0.013075192841959668
ck_33ad8d53394ba77a,0.2682098236435211
ck_a5051eafe8b51224,0.007757118174427052
ck_f65e5ff7da565f91,0.006102211499132254
ck_5c37f7563fa7591d,0.012303379735248556
ck_f1e0a006068aff29,0.014838655781981321
ck_c646cdead6fb79d0,0.014567560816248224
ck_f8b3cdffef535330,0.05426833744965352
ck_e5cdbe3aa12c97f6,0.010302581142833292
ck_986e4e61440506d0,0.06982914943931948
ck_6da9c5912e15d9a8,0.004515524375267153
ck_51d842e6dae74c71,0.006175482058095021
ck_5fc65c24e0736d5d,0.9082606309626189
ck_babb95a76c69509d,0.016430476330780666
ck_86a2d852a9715432,0.041308852616698435
ck_db4083a0d043def8,0.22026304375019354
ck_96953b8945b7d403,0.017813956505334315
ck_7831ca5c31fb3859,0.1655330338843255
ck_60ac5e5f375daa38,0.006293774283441961
ck_05d44eb1f5f085ce,0.0417115697458365
ck_432cc19c7eeaa46e,0.020928461800270495
ck_7fc513033af061af,0.08859024122828216
ck_ada6ede84c111719,0.012193947605024652
ck_6343e0d3b1c2962b,0.012845839748616342
ck_010264ae04f2e902,0.08447227749390245
ck_e9dcf535f8c289eb,0.07366448157370414
ck_37143d9cc296e6fa,0.013594694692211697
ck_61fa051192f3e810,0.029908420348539494
ck_f9f93d1d41be1468,0.7693513842358507
ck_c4f4f28457be8a74,0.0009482498301900747
ck_323a71f9452d21cb,0.629716136219537
ck_170f4688e0acd875,0.06575257016476058
ck_869b1878d09d230d,0.1393364218794869
ck_2f6b33bf46976229,0.0036150008278722423
ck_b11e22e75d9b99de,0.001441603311311655
ck_123d75ffb75b606d,0.0062461934649824195
ck_94295287a04c85d2,0.09845055318055115
ck_1b0434f096795328,0.0027885092838204105
ck_0a4e191cd0a57ce1,0.0016831788165294495
ck_d2fbd0df99634676,0.018377041669567662
ck_d51df5e9fbbbcc94,0.043239678561815126
ck_2d3d7d64a6f443f8,0.01757014194366112
ck_731943c682c9394e,0.02835786016850463
ck_5ccc0c94e5e1f849,0.02805952224924623
ck_c3476080516db25d,0.01462505562881342
ck_5010ffb1c94187b5,0.002042492753686071
ck_7ef666d67bc70223,0.02839965612008565
ck_c1b493527224a27a,0.0044254683240610515
ck_5d1e25d7acc5af9a,0.014861725632504041
ck_ec30b61cbf517db8,0.0020976814774385784
ck_79323eb5d2e5efae,0.006665772009436349
ck_4085cd3bf2661518,0.012714063162551479
ck_2ca91214c357c072,0.24266880401155252
ck_7f3132d6be389657,0.04606554008918168
ck_e7a6b925c8f39a85,0.022639192974471777
ck_c886adec7bac250a,0.02550086137361794
ck_c3f360c2d0ea0a37,0.014496682441172989
ck_a7acd5b015823793,0.011543661781422623
ck_9d64187c0800f84e,0.011092882352073834
ck_5d4ed73b9efd7d11,0.006636629987275241
ck_874eca6776b34dec,0.0031350062704153464
ck_96a9221a87be93c3,0.05718657878990644
ck_68dd79a51eabf5e6,0.02559254837695031
ck_8311cb6755b2016c,0.003530671322036596
ck_16fc77b2bcf5ec03,0.8620658298342152
ck_ad9e2088a33c8c72,0.0007195466899268554
ck_7176bbc97b1e42a1,0.0029699398603280627
ck_80dfa54b30f65fff,0.772514202191297
ck_31c54d540b128843,0.003726710522628825
ck_43ea894480567274,0.014019518003160899
ck_9c9e8a38bd5a6c88,0.04436879641968952
ck_1c2dcae19539e148,0.0695785763342899
ck_b0fa8b84e94d8ae0,0.00654456159915118
ck_4ceb43ccd0a81c2f,0.008515541405935561
ck_ba845332b730b596,0.002365219505672934
ck_73d3e8c6077f61e6,0.11900288241377738
ck_b5d0d223ef56473f,0.017945838234375986
ck_949f08f8e80e93ea,0.002728331191755215
ck_73de0b49709e5f8c,0.002515821524862254
ck_b5935e9722a39819,0.03760623015923718
ck_96247fee0eb44420,0.0027114176077977547
ck_a6def1e4b2d57e0d,0.017447928583466152
ck_aecdc5a96321a2d8,0.01415445546245932
ck_bc61c59970f8de49,0.020075442754114024
ck_c43b4175fc9ac5bd,0.432009949902446
ck_8ff7a9b23a55fd62,0.0070875055993377765
ck_20c99b645f462449,0.0036152902534867266
ck_a5ce2ae36fb410d9,0.0008506802819332354
ck_96fb9bf556842bbc,0.01580084422252685
ck_b5e4c6dbbed1b773,0.03190753032264043
ck_2085433978e72ea9,0.07162630915396809
ck_2c6b174b063ec637,0.006477312565003604
ck_b20b81b88dabe28d,0.0031708704489491167
ck_243c18dbf150831c,0.002377161279276007
ck_2bb6a17e8eee35cc,0.03873877140541344
ck_66147fb994495396,0.15483141457871324
ck_73f124f075ede0fc,0.014397227399557
ck_2e315f1b1e533dab,0.005953959619361377
ck_16c7bf94ed3e7a6f,0.0020083367571348564
ck_4a0eae220a762ac5,0.03466717593138672
ck_dc16f939c2f44ad8,0.07372457501723284
ck_817926b449754917,0.013476342485977889
ck_0c0dde42ab64ef87,0.016968515776562953
ck_cb3a40594da6a2ee,0.050678518015191104
ck_d0dc156441fcfdcb,0.028968008265413334
ck_66f0945add423e9e,0.005154398208787509
ck_a74f6a3030f5d495,0.019681624503729626
ck_1ae460f331e49ae2,0.011277823890490587
ck_2d177b2f4f0b40c9,0.2179769634514544
ck_92e474e4368c4791,0.013994372960919035
ck_3dee83fa2d109484,0.0023798588552521325
ck_80e5ea27848069fe,0.0035296968228008875
ck_ed0c4a83701ca230,0.01600106927283738
ck_0b8b7c5c581fd161,0.0018260910175014473
ck_60bf8a2870956fb1,0.012031020964764334
ck_73a54b56a2bf35fe,0.8288197152221453
ck_2296d7a563424883,0.01097477526097815
ck_bc19c383560c7477,0.01221794535736992
ck_861d8e3d88f1079e,0.07331838304183393
ck_3f090fc96c24eb28,0.0060558317326961965
ck_9a6a1f8102febfca,0.035060629056044665
ck_541b6ad5d2fa5a39,0.01755678685398045
ck_a760d38d1bc4de97,0.0023130079487757404
ck_7dca4d7ee10b4eeb,0.004901822822730353
ck_15220e78d1545e40,0.012055860232279685
ck_ca24bb0de508efb0,0.004914785722482721
ck_56b389627d8f02c5,0.9662236558634327
ck_48a6754977a44db0,0.0034016668870260804
ck_333a43ec339a04cb,0.038209178637310236
ck_f22aacaf86a65d7e,0.041218370316996426
ck_04bd8a1ffaf3ffd8,0.0017277991412719368
ck_2737a72de6b700f3,0.04115920196636626
ck_c35e03b0dd0c3454,0.014768729521538381
ck_e0571312f395cd94,0.016149034550376317
ck_09fab6b9825001b2,0.0041135160942566504
ck_18c3a095606209e8,0.011510225381998095
ck_2a97db9377d01e36,0.004646304152947046
ck_f29dbbfdd2786bd1,0.010568764053799955
ck_35d6c510ad29362e,0.3261209352347264
ck_5468fa99c945d785,0.01620977141621241
ck_6f8102f62c876cc9,0.02461891251954861
ck_91955aab3424ad16,0.003710962724295236
ck_9a43c0c73a39d759,0.018578061576419162
ck_60b023af6d1e30bf,0.7505487462277954
ck_9704c5cf8659cedc,0.030491768708352247
ck_7e5f02b51b9f78bf,0.0660696611916179
ck_7d3a88d1aa649708,0.9035275014275634
ck_8250eddc1ecb07a0,0.05390565302043192
ck_d979ef95ee44023d,0.028208789294238732
ck_5e5461dac83531ac,0.005868685300738491
ck_d1bb8890081e0a31,0.011809445483208995
ck_32246c62640648d9,0.0017905551412308134
ck_77a40c7d2f862a32,0.028085740363426634
ck_1c8b94efe9238f5b,0.003498842873191806
ck_eaf3b6d11bc3cb11,0.0044495121609111074
ck_a4a7ef3ad799c380,0.014154871302295936
ck_d5bd8f68da073cd8,0.014486609348261558
ck_6e6258227fc8db7f,0.0045714765230475745
ck_c35d444e05799db6,0.02836872256328948
ck_74665e1209140ae8,0.018198886880956944
ck_353a272478f7e903,0.011271251336107058
ck_a2c9796ea229a4e2,0.004842504803107226
ck_e0171f91cb3411fe,0.016243932895413687
ck_703499f5410280f7,0.0019043662715975734
ck_ae3a763997f8f385,0.06307988413996249
ck_f7ff94c3df5ac874,0.004216044281337884
ck_f3c16d8f747db046,0.04933102030259132
ck_7ef019ed77276496,0.0027174205314659554
ck_d6a4faadab58a3de,0.006189850699840913
ck_ba7b78d31d74c794,0.02416272923376953
ck_36287d063350ce9d,0.007139333119141089
ck_5177fc7137ff26ce,0.0020670050752119003
ck_dfd4e79aaa967b63,0.006070371113612868
ck_fb44d15fb93a7157,0.03614358546748048
ck_fca478361870a4ca,0.015971711334502807
ck_e57b94fe57341058,0.02789982174266077
ck_5448c946cc4758fe,0.015057691941793391
ck_c5ece5ffb8800ad4,0.010387887316464735
ck_11cb98211b2ed134,0.9534382814192236
ck_f655399ac75c4450,0.027803289500407256
ck_c817259019588d30,0.02213295836736479
ck_8740a14d8096c6e1,0.011295768858863714
ck_0c5ba86f4e05b38d,0.0187277863799152
ck_ccc917533d4b73d4,0.016946659032907013
ck_9eb80edfa43203de,0.005929738297234502
ck_d1a1cf4cf61d6801,0.04144076296271688
ck_b17c239f160e6017,0.015328802422657755
ck_410c3e13b48e0415,0.0024128628337582447
ck_ab553954435e8854,0.9118160350070397
ck_bdbb4230c91e1604,0.032360178649311774
ck_8fd4937eadd64fb6,0.006185667186798663
ck_e0e90b196bef3c11,0.0030067344806378785
ck_3dc4d464386f0eb2,0.14732946430868563
ck_51bbbf8f8e8ad005,0.9976312017005835
ck_c05737ab74cf03c6,0.06264234117871659
ck_dceabbe04d99afc2,0.0009469718641186258
ck_5b86fd14e85bc9c7,0.522354514422792
ck_d4febf0083800424,0.02461631419525612
ck_77d9f86dcf251739,0.010500960510810873
ck_b4dcebc543deaafb,0.07463797068021948
ck_cb856e75c949b0cc,0.0004449090829390719
ck_61b067de8ffc1ca1,0.017291973370738505
ck_c0e8560ccfd9dd9d,0.006028075915619524
ck_173e1198c341087b,0.005449434093470019
ck_b4d55bc809000276,0.018968156839506083
ck_839bf139296b5cea,0.019557722942946998
ck_78cd402a2a4f2e35,0.003720962498652251
ck_c2925c50ebacbdba,0.003244380059383709
ck_5e3bc76eddbdb0a6,0.0030492915566517234
ck_b7793edca26fc512,0.014352202667658439
ck_d79bdf04d6f31cd5,0.007898297670375068
ck_4b97d19ed946f503,0.008498791768339757
ck_37139b41c5370523,0.05183584276622852
ck_8c346eeefa9ce692,0.01027081655170691
ck_2ab7eddee2d8c49e,0.005047146149644753
ck_29da59ea3bffb9d8,0.2048637119848066
ck_c1d05ef0ec6e4be7,0.014302193457653342
ck_3882423b449f6291,0.9313822131126752
ck_5647030283171ed5,0.7071072678318346
ck_efbdcd9c181e72ca,0.006556768385050895
ck_192fdad892782daf,0.07771368952787394
ck_0bf2e13b9f2601ac,0.02455925545744565
ck_3d6046a533057795,0.0072939987935816426
ck_279a1d3a3836e5cc,0.015005742171974359
ck_c375e929becde422,0.012375682761062837
ck_a59e90219939a1f0,0.0028923348761599674
ck_4e9fba1ec54c3ff8,0.01448891331291786
ck_bcbd8588a13f5eef,0.0012498267829159017
ck_5f9a7ff990341bdd,0.0025393431699912345
ck_e0403d507519b7d2,0.003864241967428244
ck_c9490cb61aff5112,0.012259724917117576
ck_41dd44308e6a665a,0.13467675455777076
ck_76c23726cd7ca947,0.017016650621905938
ck_9be551300209fa83,0.0164364339039313
ck_a98848eec6c9581e,0.0247546989161005
ck_61176dafb33b2d8a,0.6381448389712914
ck_92de019e05971ce3,0.014154606359830573
ck_5d644224135d7c65,0.01353199872101708
ck_c767fc454fa215d0,0.005935375120876315
ck_5df85a8924e11f27,0.04080526602696669
ck_da2729307af06ed5,0.01723311509462886
ck_7c6b577174af7a78,0.007677807931726246
ck_893b8afbe11301e1,0.006052843364116944
ck_e06f6fed020ae014,0.009796168121988488
ck_386680372fb54857,0.004487210180776764
ck_7a7f3c4fe0c9d2ca,0.004002376654277766
ck_f908b527c4db422d,0.03040293750004183
ck_ec2eee6a133e9a6f,0.06070089412703348
ck_d98934f9fe0b02b3,0.0034435136442788295
ck_398a1ed77b0130e5,0.008913644523296061
ck_d960af7a55b892b1,0.006360666888835009
ck_4637e54a9f79e2e7,0.002518395924647826
ck_02b9f418524f6650,0.023241716875218636
ck_d4b23804cebb045d,0.009525231528089404
ck_35b1939c48182a9a,0.010843061381882069
ck_2dcbb71e39d64305,0.01895280641857254
ck_47a884dec960ff2d,0.017600128786397468
ck_71fd8c346fde5cca,0.0834197660712786
ck_98e1992ac8e7d2de,0.05608180611860178
ck_ae7780327e210522,0.0181610843136098
ck_e6c584b4b1ad6d9d,0.005353849306881965
ck_344b2e326a6c3dcc,0.005708888886464916
ck_9aa899a5230b0963,0.030026743659299297
ck_e48d14d5b70ef5aa,0.018982925825946486
ck_59d380a0973b3951,0.012912179276088818
ck_11318f7c041a5ba9,0.014073071761646969
ck_7061786fe2f22f5a,0.024346711613788284
ck_e77529651c416cf7,0.010555441968003194
ck_7f79878197340435,0.0037829386023085446
ck_b0a0fb0ee9ebf106,0.018959018460759574
ck_70c7679199776a90,0.019139642054671547
ck_b9facd2210daca5c,0.07070453279026276
ck_9949f53c155b8dde,0.005075097463046548
ck_1c607e24f2c4397a,0.0517747679517664
ck_aefd1ce3ce093cbd,0.0009491064457550456
ck_5a29b7018e43280c,0.002067918191443112
ck_69eb0b2ccfbe5f95,0.014539628942072268
ck_fe037765aa465c58,0.007915826088024784
ck_5e512ef5362a3dd6,0.0051868989371622745
ck_544a9e80b7fdc279,0.006958621782494836
ck_7825494e654d5695,0.020126219123993202
ck_f1f2c3c623553f0d,0.0016787654432417426
ck_52730906e5b461eb,0.6578214476254157
ck_01e0689157fe9617,0.2753405827089227
ck_9da82e567074da9d,0.021219877194578678
ck_6a17384072f904c0,0.01034609982797614
ck_8d84d771a21942a7,0.0020130271696958547
ck_39638880292782a7,0.011254362137103693
ck_7d51c86e0eec72ac,0.00812482880324483
ck_45f4c821c70d134f,0.42421647043816896
ck_0af3c13ba56ce57c,0.0017576306254875307
ck_0789a05e061b2784,0.28850861244666504
ck_6ba091eb42ffa9fb,0.07973932947373914
ck_265accb3c5c32620,0.04516283253074242
ck_179039559ff7566c,0.025656218294902656
ck_17c0a6a92b5765cf,0.007112416299711207
ck_59371c9140239fd7,0.011874065877313541
ck_f9c4f8b4ce2691f0,0.011922213304047243
ck_a2637e4872cf4811,0.13201256709904755
ck_1de43fd6c6c22a5f,0.13633034185684706
ck_6e4f31bd108571f0,0.0021992852184900065
ck_da06d97db0b18851,0.0024120192552513514
ck_e0346d5081e640e8,0.045808287895626056
ck_c1c7d4e62c9fcded,0.06339561535807893
ck_2595669e421299f6,0.030727422582951754
ck_3b6057d51fd4c7d6,0.0071271462706269766
ck_c5f8ab515840a0fe,0.012911431209979833
ck_435cb24538c6f77c,0.0675377236224997
ck_d84b5403da4cea7b,0.035857009676253465
ck_c2b61a98d1c8f6dd,0.735476404063212
ck_c9dcd92b2f836b61,0.15062246051369077
ck_9eb5b3f5f672c2b1,0.0021295003367815275
ck_e4cf189a8d31649a,0.002708367384403306
ck_6b114f2a48152b96,0.002495958572893016
ck_3fb95862b70f505c,0.03475410536964251
ck_7f780f465c29398e,0.00844912503741806
ck_ee387f9da79e67ea,0.03833478801279517
ck_fa3b1e85d27af2ee,0.034450000242717584
ck_e739eaaa7a1822f2,0.027741905137056374
ck_dfa0ac11fcb1dabd,0.0041365476741453775
ck_6e8751b571ea54d1,0.016762169384051902
ck_2d695f8358383092,0.014383617442809034
ck_e7dce27edb700f27,0.009637106975128838
ck_e322da8b213eab52,0.0023546933903541337
ck_d0b32e039abb8200,0.00495401102979025
ck_b354003302b272ca,0.00814514672983484
ck_f7485cba392bc294,0.3898520348777492
ck_d6a290ff8362c7b9,0.11093804004018415
ck_c56a44fe315c0389,0.008440730673535821
ck_f77dfe6512eae322,0.015772202392151293
ck_35fe969c58b9e70b,0.10534118282539544
ck_4c518637db2322d5,0.09779374448187605
ck_cb61902798ecc4fd,0.024114045702316386
ck_56e6cfa32156a916,0.003264206448195182
ck_343e6ed2b9d35c01,0.004071258018448498
ck_51440f64f7250ad7,0.08336470071945315
ck_295bca29c34cfe2e,0.029737852641035165
ck_dd30558576b45e7b,0.010801540968807973
ck_3a30132a57181fe3,0.039325427122647305
ck_4a733aeb833406f4,0.019032577796732203
ck_1b0b7c3d35ab1259,0.039471427758168406
ck_962c3bbf27cd4b80,0.061043033607341896
ck_9528e1d6b1707870,0.01524253678289201
ck_b3263e7f31aab45f,0.024635521013201673
ck_e69195a3c885053d,0.0015628614390836297
ck_a907fa8795cd4baf,0.0012877308954218447
ck_205c3405045bd835,0.005140297421133638
ck_e81fc223bed3c46a,0.025783061695719454
ck_363751deae40edfb,0.10234409538098647
ck_6176baea8cbebbb6,0.0034178168713875443
ck_633e6579f5c74a5c,0.8755885012304998
ck_ddc11fc481eef58d,0.034570289062634
ck_e975002c979e12c7,0.037971473738099164
ck_8e039b23acaaac00,0.03180925106722384
ck_1d6990d94a4d2ad6,0.018817613161482935
ck_e7b583acaa3171a2,0.07839411838141505
ck_c0133f60d39b2fb5,0.015828289056083432
ck_7d6bff85e7a694bc,0.003929075870500231
ck_d305b4d82f63f647,0.0018231679473930808
ck_22bd0fc71f95e048,0.050929746168685716
ck_9a65fcfc7916f93f,0.002058085055281404
ck_d61c837b0106085a,0.08251141753681161
ck_be86a1db08dea456,0.029587543286234825
ck_90489c405e6886d8,0.0030988385566851047
ck_0add2c321d579d75,0.023094625651010506
ck_482dea6eed92cbbc,0.007957789232660292
ck_c24b47184534cc2c,0.994761900002258
ck_fa04ac31e596e7d6,0.021511257924897033
ck_084322dc5a3a86f0,0.019913596972245932
ck_ccb72a33cc1877b7,0.015085689103823258
ck_afaf374009d3b248,0.011490340447328462
ck_b53084ffede19a8e,0.0018700576608050971
ck_4760216154c8cac2,0.5801312522686448
ck_37ad3a65db673e70,0.005422915346271706
ck_0c2932cc0d553694,0.01889980511888023
ck_86b853c52f20fef5,0.005460610398922887
ck_38703b7546d35a80,0.015140794688067085
ck_218b7e6e6dbd2da0,0.0032754022832597726
ck_402db4184982fdf5,0.014293086377022007
ck_f917c82af80e4a79,0.04568712693790742
ck_3c6417a233c68c73,0.0461289114754561
ck_98068c397d70dd3a,0.0169567768653564
ck_b1cbd6679c0f8d95,0.005554353877523349
ck_9e962f9bb0e7bac2,0.019257270520261528
ck_b08247c3ad567d92,0.22069954351919874
ck_3ef7a03ebb81cfe3,0.0012883844991397463
ck_5d7ae0e3562e99bf,0.037270069489900574
ck_c91a628236baf91b,0.07667425378817688
ck_7f8e816ca51755e3,0.824423263927073
ck_5aadd286d188f5c3,0.0071631369882621514
ck_a037aff5f8128c73,0.005400356346693445
ck_5df6529ce8290906,0.015206803374799729
ck_5f3609511443e5a8,0.005192034139506187
ck_a6f61864fac3c8fb,0.010955310775117695
ck_2733fc6ba23ae46e,0.014282465211155249
ck_22bfb9246646eb41,0.6563193629450934
ck_bfc2a57d8fd1610c,0.29608892288841016
ck_49839e761d0e74e9,0.008899380592076397
ck_aa4ba931dd37481d,0.003004105452097344
ck_2f9fa0d61829f815,0.013495317971139884
ck_5b82c774df10d49b,0.0016502271089988707
ck_411219470d0a195c,0.012371833776250346
ck_d07485ba10514a2d,0.25354825210361265
ck_219bef979ee21bdf,0.0024974887621618098
ck_eb1006e7285184a6,0.017749205271974534
ck_fd242b18575e3063,0.12298539985755996
ck_95188150ff059c70,0.027164057992235813
ck_a9ca2f447b984a6a,0.009158279160800264
ck_2dd39723c4088b64,0.012070480238568562
ck_aa2b4c662ff213b6,0.01994296473208757
ck_1867b1199c864db5,0.04777833584060784
ck_850ec97a5a0dab9a,0.02462066918987633
ck_562320295fa35875,0.008987036129268003
ck_bab5759b07fe2bea,0.001873624013474605
ck_b9f1465d803e57b2,0.10730611375693493
ck_8f21f2690c32c691,0.06262136351277153
ck_df87d6f61a63eb21,0.0131465361667903
ck_770475876d0e7e6a,0.004935773189240889
ck_b4c014d5c0cc9eb2,0.00360247416543955
ck_3add4d23124c9290,0.004601949338196664
ck_bce5b7fecfb6264d,0.09037396366940117
ck_604c17cb97dc89be,0.053599424243200536
ck_e52cbcd9aafd26b2,0.003713777001460238
ck_0ac9114076f5bf3d,0.013122011220799614
ck_dcc125b178b79566,0.0014312861603149377
ck_4e333c09f0c37dee,0.020510944182407488
ck_ff7e31ff8ba731e5,0.014039545993820037
ck_8d0532d24f1070d1,0.0014143341687394453
ck_3689fa41748a6f6b,0.05408318315526372
ck_7509eb97c1948b16,0.019620863544280675
ck_a9161cf1ca22a6bf,0.006023680955792185
ck_bed3e3db135b782e,0.03246534950549034
ck_9040edd974ef8e3f,0.632330190202322
ck_fac32d76ed40f683,0.02378250698541379
ck_3d7b1078e2d57c69,0.003005467359635924
ck_dae09c4e074af5dd,0.01805232649294056
ck_fd84507228467b40,0.03156212051898051
ck_e2a2ce9b8cf44c63,0.010056025320588117
ck_cbe716f351d660d4,0.0082241275314089
ck_cba4162ef29a6d27,0.01331067791785196
ck_4f1e962ff8a29732,0.004141082166711925
ck_39a81899dded61e4,0.003696143875412148
ck_25382331551d22a5,0.044733912514118346
ck_6d64e1c07b19856e,0.010218715489625083
ck_165a868bdef28ad3,0.030617226709780794
ck_88774ae52e30e877,0.019078377758743183
ck_fc7a9d0643570053,0.0014274018018060263
ck_c2017120b3b88a46,0.007262016069957984
ck_d115ac6b9fd62a7e,0.010441020710101844
ck_439cf7d51ec7de0f,0.007590422856424291
ck_2468a7e9e68a0927,0.004883978982783625
ck_7c418947124dee8f,0.13451214233373712
ck_fb0cf32c4a56f740,0.020915374044090624
ck_694eb6c43193afd4,0.048239213256561414
ck_993beb188dd4abb6,0.012510450410073724
ck_77fa39d3b733c226,0.11105545664486233
ck_49969a9abc47cb69,0.024882723860281047
ck_d3f44bbe2f7e9b2d,0.045313732830381176
ck_fcf5b8216d0c18ef,0.001971804571509578
ck_daefe1e2d2bc362d,0.004343972494989792
ck_9c9287cb28950eb6,0.04184033437451428
ck_c1d1a625b885a975,0.014241566664826113
ck_71b37fe47490b4ba,0.0036308933124882697
ck_5d16e257c0635f7e,0.2815154962706981
ck_15918075563eb074,0.0025030429500591434
ck_9a15fdefc47e8d11,0.054344951583807935
ck_6f04d047d1dde75e,0.0009766338667644063
ck_1af2c0b3b8d202c1,0.009752501197775772
ck_174be2231c5fd2b6,0.0015085273710285735
ck_bb0713a2a1d65982,0.01732625462620592
ck_0daec63bd5b0729d,0.021798256813798534
ck_c0b5cc3e8ad2ff44,0.020218568360104373
ck_35bee1fc12664644,0.1403774853023001
ck_a1c7cf63467df4c2,0.00339414176990388
ck_ecb1e15f0b185ceb,0.07174672870062483
ck_f280d31f54a4710a,0.020630911969253228
ck_30f4b2ee8abe1342,0.04881725706661419
ck_66bed631354de5b7,0.008892894036646472
ck_c2d3ecd7278eba2c,0.002672209183863834
ck_e901dec0e09eccbb,0.0042753850404527016
ck_5d038ecb3c8748a3,0.011891853342456824
ck_283c5bea94b21e80,0.004228052163921681
ck_7956c251b85f009e,0.7358914121244777
ck_9f5f81d771146aa1,0.0011975330468640953
ck_9323e6fc1e168eda,0.7671529403664414
ck_10495d3a635b8d69,0.04536407197227258
ck_1982d571cd36eb0c,0.02113293849887108
ck_4f5d7985bcc2eda4,0.003737989020817151
ck_7df526b2b4410bb4,0.03732595281233132
ck_dbb498b1a346a402,0.0018995039199324556
ck_ef059997563e3330,0.0052690512271268974
ck_02ec4e06709e6b82,0.0023236727213252505
ck_9782c86ba6485f88,0.001967065790031561
ck_d69de468b44143ca,0.008126962898259092
ck_6430a8792f400e0a,0.002678492204438626
ck_8285bd3c90af94f6,0.03189961376990722
ck_985c9ca112000e9a,0.03865807042539407
ck_e679fbf4f4f4aa07,0.00859941964123261
ck_016e8c8eaf9d511b,0.028639714618756036
ck_bc996c523944644b,0.04723865010275774
ck_5b8315726f6204e0,0.015067662962148252
ck_78181f8e998e442f,0.0026280052898016736
ck_71c68dfd011dbbbe,0.7586893676735291
ck_db32c95ce2b6f502,0.7611032857215851
ck_755010362a9b1bc4,0.0034525308257247244
ck_114141d85256c9ff,0.0010816432172656416
ck_9d1a5cf5a3b87e48,0.013080537758230436
ck_ab640420858ab5c4,0.14164410521891813
ck_97a8dac48dd62488,0.3185661636234774
ck_879cc3166fe1bada,0.002509484054039855
ck_b0ed11080076e381,0.0025644068358071253
ck_7334a9ec656263b2,0.004001218823225149
ck_6494f0ef13ce44d9,0.0069338866699871025
ck_724e459b9ece38f4,0.057585569418948844
ck_7fd8b1470401695f,0.503171977657816
ck_292f81186358b0fa,0.008337344110915154
ck_fa7de64d37287615,0.03496603377533076
ck_d00e09e66ed6458b,0.1250579294219252
ck_b8d210e741be186e,0.002966522201117671
ck_3db59982cbae4410,0.06573913940918884
ck_69887d0a9aaca6df,0.0020466780024643127
ck_4feb21e2fb0b3977,0.004688182067172305
ck_08c6cc1e143475e3,0.008658342125025996
ck_fe6e168cdbb46b9a,0.07143267186609645
ck_07f1734be7fac56a,0.022515276627629505
ck_d66d59981307db93,0.01999794296689849
ck_f928dba0d587d7c1,0.0026578784441194164
ck_786448fe3004cbd0,0.0017010232583418165
ck_29ea329fa40ace62,0.015577841384998523
ck_7ea52b6f27edcb73,0.0358278052322275
ck_18bc51bbf3ef198e,0.04025758182246558
ck_44950df09ff14ded,0.0035585637465078363
ck_c1466b52c0a10b93,0.027100469207665977
ck_6cdac067cc4db5c5,0.050525348256221056
ck_53f55c6e8cf2d432,0.0026808517466910837
ck_95945f48453ca532,0.06474872780680663
ck_87cce4126e215153,0.015253456801567453
ck_1ecd5516c92caa4f,0.0016211735840331082
ck_819b482bca14c068,0.2606390174977873
ck_a61a879dd46fc9f2,0.008342583242415245
ck_af70aa32c009c3c9,0.02301604322307642
ck_f4fe78e249092ab1,0.01936386947555116
ck_12c46bc52bf45b36,0.02729375172313924
ck_f05f5e4b40afa52f,0.05112588338760618
ck_0f8cb09d3f4fc980,0.05021306010009024
ck_80a64a7f0275a71d,0.011256149894695477
ck_683af7b1540a0b22,0.04021373639588816
ck_51fe0b613c076cbe,0.015333632963519547
ck_da1a2450219dcf19,0.027660032329560505
ck_2a7eba01ceba6c2c,0.040331959720406506
ck_4e329e29dfa743ea,0.14705536674062186
ck_0274d881d6db82c8,0.012056840785177662
ck_0af5b7d128035b35,0.02149307147376425
ck_ae0a7be6b0a0ea68,0.014473257045377056
ck_de5bb7a4d091386d,0.10658010403624969
ck_2bb7c17168a9d17d,0.023168200372589036
ck_0ffdff7b2f5fdfe4,0.012222394585336584
ck_718a8390b3d42d7d,0.006658868168619159
ck_7c4f12d70f184533,0.0011857182521986605
ck_d3e2c26b8adff099,0.01950138719043254
ck_ac9d3d9754104cf0,0.0024891993398911314
ck_3b1766a1d51f8f0e,0.2163966450488481
ck_a9bf75bea912027b,0.053937169578801875
ck_687eab3ffe1f8cfa,0.02009480896765001
ck_25dd0b02af5b2f37,0.03381377851811793
ck_1747fcc466f0ae38,0.0017737397498678168
ck_f6e9d14dfb6f3c28,0.03449657560254374
ck_c6a7bbd0adc4d5f3,0.04393875127071011
ck_46656a23f4456d22,0.6884760533733002
ck_7519260415c2998e,0.013626627015708489
ck_754f30ea19df857c,0.036013937230114174
ck_ba88a244d5f7380f,0.015050254257379294
ck_f268416945316815,0.00948745940009113
ck_21860dd2159dff28,0.003438726505977443
ck_7a86ef4e2beaec38,0.0007277786880273251
ck_0414507baeea936a,0.008145803698011088
ck_60796eb60fc3043e,0.006495262184967626
ck_1e0841ed17fe0562,0.014973339524708848
ck_0d641d32658d6e0f,0.004242629758304688
ck_b36086ae6d87eec1,0.005102566579241547
ck_962e65ab33b5c311,0.9282100460294784
ck_b046a42684468e63,0.010178444203135257
ck_ab3426435b0017d6,0.030191261429066335
ck_fcfe06e44d09a344,0.010049101864408147
ck_0f6d916c92189516,0.02141744055569152
ck_d4c8f0d957c3965d,0.027929030264257845
ck_2ca83dbd728af019,0.0054295867001893285
ck_2857a4ce9f72fbfa,0.001684888103400466
ck_a60e6edc48e3d0ac,0.39690093617520944
ck_0cbd3b27063d4415,0.05158849156456695
ck_612089ec90c37219,0.012819567304725978
ck_ec4e597f17f473c6,0.003032981657233291
ck_1c93cc58f314bf71,0.02831847281875937
ck_2b359a979520276e,0.0048557144075243
ck_1496568ddc3b2d56,0.02937608945113115
ck_41d91dc9f5063566,0.017354578415506902
ck_4c5ff58afe3d7a67,0.003248103202493912
ck_81709736281fa3eb,0.001692428409350254
ck_d89abbab3d4957aa,0.007812026720343317
ck_52453401f88935da,0.042293536496135965
ck_a477654d34783e06,0.0043178167941691275
ck_72dd0dbdf808cb00,0.014521189470556944
ck_c183dff3781746cb,0.06391231388114804
ck_c8b7f241810b45e5,0.0015963177653793795
ck_f88028c3f306bc70,0.04270559709944284
ck_91d48d69e4f5d9c2,0.004658245406101375
ck_b74b9ba6d7c9aab7,0.07863987229186213
ck_03e904682dc73bba,0.017209862102480745
ck_fc6fed6ea96a004a,0.013738271489422462
ck_51efdd240e34c642,0.036092540483831495
ck_e78ab4ff52b5fd2d,0.0070228772694835365
ck_4af7b97c24d89a45,0.029694207894491426
ck_295c0072eca7f7a2,0.007895195006940685
ck_8abd1a50a9227463,0.03148172563734597
ck_ecaa6f13304e3dc5,0.0018658036478226175
ck_de436e7b319be1fa,0.9946030651104351
ck_c802cf8f61466027,0.0020254817864436272
ck_3d83e0a3c1cfbf8b,0.009634033265903553
ck_28d2003c2d16e4b6,0.001532819858611056
ck_8ddaf745bbb9cd62,0.001646748363381894
ck_493b6256091014cd,0.02783530409106355
ck_a2245822cfea997d,0.002497468669840483
ck_f7305b3c64cf8a03,0.05414836131511648
ck_9937dad93a0ed3c1,0.006219170218451153
ck_d654449f9231ad76,0.004273704442182568
ck_850e2b59bc535490,0.032496234436853996
ck_e55e5bdfc0242aef,0.042297663256183816
ck_d35c51e981b98c5c,0.012751269597806378
ck_27cdf9c5e6f0915b,0.023142093509213535
ck_d328db1e1052d820,0.020303707056358304
ck_0ea30eff5f361cba,0.005096511087161949
ck_9994323f97109f4b,0.9618756399121332
ck_09054e97bdf9624e,0.0016838979125111532
ck_723b4afc388113c8,0.004609208021185271
ck_588f6e6a6a6d93e8,0.018851859124663927
ck_e1d563fab4d6116a,0.012692131284455468
ck_53aca610e20598bc,0.011276141659459643
ck_c8131ddc7ed33448,0.007229401367717825
ck_899f88464305824a,0.037898058316646985
ck_1c17c65804f8889e,0.005680031888989561
ck_45a16ce12893cf9b,0.0117391827944901
ck_f9d481aa4f9b2808,0.32193694068643486
ck_1d5d74169cf892ef,0.03634928076955754
ck_aba32acb61c1aaca,0.04047429034778452
ck_ec4dd3675a8d28cc,0.01775246267998499
ck_5dcd443fe0bbdeac,0.0018789457940490758
ck_3a47e3f54475e854,0.00339343174961086
ck_a9aa5c344c315532,0.01995440076136317
ck_9652283c9f61fcec,0.0013927394900575532
ck_752dd3d2487f78ea,0.00936608448858842
ck_a821980ac4db9943,0.3506612697446415
ck_93e0d6befb67f7a1,0.04497157902425273
ck_e7a3881c3e36bd51,0.20904523662027677
ck_12631b78f8a03df2,0.0020568127774297108
ck_57b8226610b48854,0.009174689656748839
ck_352657008983fd4b,0.0298587074886804
ck_0841a5c24fd3dd28,0.024527594339480895
ck_db9b9d5d30f74070,0.06507145466846766
ck_a9dded7f6294e44f,0.040202554124450986
ck_91a16336ce3217dc,0.03978272188011001
ck_371bd9388b287677,0.0013364151286553543
ck_f285e5e1912a7c62,0.003371998175431391
ck_368b65fca69fc415,0.04924312444160617
ck_d27a73596b6500c2,0.014041170940074552
ck_2d963f9b2c4d11e1,0.03902421135008749
ck_7c500e219af39486,0.008171489330183475
ck_7d025dea5951cba7,0.0038483033849500557
ck_32f632706608859e,0.01725734327891548
ck_53816231f3ffb48d,0.004766415044263764
ck_9dbe184e81c1ca8d,0.09809300193161935
ck_d74123617f22a21e,0.006231418402814665
ck_275386782b1606f8,0.003937762322001402
ck_0b0e79d33e50cba5,0.002742152939981145
ck_ba93cb604f792915,0.05728685929651373
ck_a86cd653472eccbc,0.009645615110318364
ck_87771861e0447210,0.08843197291190837
ck_212380e0371d8a6d,0.019303779283341985
ck_ef0d702d7b0ed745,0.004955137877010535
ck_2b8f33e22f939372,0.6314952015834104
ck_480347ad92037105,0.014744637960008418
ck_20124c3a16c53ce4,0.01223767141467473
ck_c9e1e3229baae708,0.0193294838155404
ck_b1befe967f7a5ebf,0.050836810317796674
ck_4672167d7c989bbf,0.06443156561575761
ck_f0c44ee5e3a42e3d,0.013642917623344738
ck_c416357d20238a4e,0.012139563135817091
ck_d0f470f8078c91df,0.008384887869607236
ck_3a70b4ee59084715,0.0072734166123791895
ck_179ed66cdfc1ce27,0.00476083454721872
ck_387e5a7f163c7837,0.023481128683421355
ck_08fb463e69f647c8,0.9907690806182049
ck_732f725747393ec8,0.024662999614219253
ck_7cc5e0fa3ca5a713,0.005413697918571772
ck_ad4a4daa826ac68b,0.05889255362079194
ck_472e0be7a3b533bb,0.06722950539425267
ck_7190177963eafdd9,0.012184667240603096
ck_647ac26c5900f082,0.0074620138998113174
ck_272ae2179bbd8e58,0.005925133840596635
ck_09b0d8af304646bd,0.0008062038755700348
ck_ca0cc8ea9f344408,0.009412374983824802
ck_332ad134fb909869,0.007635631269982768
ck_fca2798914627dc8,0.10271995649485541
ck_4450b55f462ae134,0.0057841349586160665
ck_d67d9dfb60b286b9,0.0019464879736624612
ck_a9d2bb4f2bde7052,0.003843321427831177
ck_929bcae878a3ecb3,0.35399159718295603
ck_59a9e000fa275e1f,0.03627564960337952
ck_57f17254e2688637,0.016154987243485897
ck_0508908697f60ce3,0.17248431055183766
ck_946afc2943298d26,0.0037637031270686995
ck_7176d12b18f2cc0e,0.021443786991721305
ck_5c47b49c26cce286,0.026786109833245638
ck_b6a2bdb2d335e1d0,0.993830749691042
ck_1d58f6caaa4d012c,0.02063671879458743
ck_71c917295020ccc7,0.005503269163540125
ck_bc89644ae3688995,0.013267248389709834
ck_e7c212f16d6df272,0.01579851575424284
ck_c6d2e11a368184e6,0.005044028005158546
ck_eed7f1f7548df15b,0.010345003193318622
ck_75b69034000ca7bb,0.03860927932159912
ck_38da3bf629458682,0.0031472037112589887
ck_90114c891239d821,0.0019296720358733454
ck_8ee08f6777cc155b,0.017958440433019453
ck_bd86132499defcd0,0.01765698236671591
ck_b95fbf2b5640aa82,0.007455796565924366
ck_c530235393360e3b,0.011877942807332419
ck_be52a7ec43241ba4,0.055921755990442495
ck_d96eb3cc55f2772f,0.009557801800270924
ck_dd34f0a844fb115d,0.10588839186014098
ck_17cc7b411f448e66,0.02247858334603728
ck_856ea65fa27d06dd,0.020136600880315582
ck_056d5f0301c30902,0.07492650417407733
ck_e662b14b2bab23a2,0.10276527205664401
ck_209f574c8d92274e,0.0053848252457103655
ck_62720b81617896cc,0.009220005554693326
ck_041614694b77e599,0.008640829527768443
ck_461e3f7b97db8d16,0.05202228899058034
ck_1b74b798eebeabdc,0.012137042019637995
ck_0ed2739384f1d644,0.020880144576283403
ck_5a4d19f1b83feeb8,0.00470928226805397
ck_463937167965a1f8,0.022104875230940152
ck_9d7151dbdf100e0e,0.018188281250174496
ck_20a7d1ce6cc27312,0.002971019455821654
ck_6031211ff118cf0f,0.0030180909518677003
ck_a6fc92aa91e99b77,0.933758558958071
ck_0aaaa9d2f75a0518,0.06594781064952376
ck_ec26e327cc1848b2,0.008384674669710329
ck_0e6bebf8ae9b9b03,0.014741147518472407
ck_e107537a4cb738f4,0.002803090788814092
ck_e8ea56e122a5a487,0.04825405464956087
ck_98149ed45d38c4d3,0.029960582833018244
ck_0e719b3a6906b8f1,0.0008467775563898434
ck_0c6e7bd357e4a348,0.0018386237590952467
ck_d3b2b250da61db19,0.8021506426249999
ck_8bb6b0a292754576,0.22578396357579872
ck_87d70f5fe48a6128,0.02819366484360737
ck_ea9edf9c107d429f,0.019457632543660265
ck_059806c52cebe4f1,0.20715810212022853
ck_a72d6df666e1c21c,0.01247494611679487
ck_1d2b80ab6c4944b9,0.0079984351681749
ck_60557f077abc42ca,0.07617610933309898
ck_e5f5cb7dd6ce4a37,0.019389885758800608
ck_4c4a939154446053,0.003189797233754328
ck_50ede3eb561a202c,0.026331369785968298
ck_6d03a542922b2ae8,0.015598845950729499
ck_d6fe761ed0db3270,0.027876671150530823
ck_7f0cd6ea3096f985,0.004424753821063113
ck_23edb6d938a3b87b,0.005142662478561185
ck_799aaf9f2b9ef621,0.012703777111915417
ck_f8f6a03613b6dda8,0.009727783106525343
ck_7cffb189f4f514ec,0.9807418849177773
ck_c081e1967dcd811f,0.0462194535198428
ck_583d6ca78c97d91e,0.58789175009321
ck_9332bbc7125219a7,0.012815244004391848
ck_956b5af6d7d86c65,0.5415325305854247
ck_2d634e3f24681c0f,0.014601436507503576
ck_7b35d218ed0c5a60,0.010928268622554986
ck_ca5b1057f8248f73,0.01695720901442285
ck_ec5ea81cf813597c,0.013853250472089688
ck_eaebaf4d28400fb8,0.02394116135095387
ck_ae2ab6be219219aa,0.002100589137539236
ck_d99a8b4c820eb46b,0.004771456785590364
ck_bcfb7ffb7cd428bd,0.00626291906330723
ck_3dd542c2d31be2c0,0.010786642053982963
ck_c7dd84401e29a7fc,0.0025536389936773604
ck_c4bcc7cefd40f8e2,0.002148095774215917
ck_c251898b5d51e3b0,0.014664248034362054
ck_36d37be780c1291c,0.001825715927189721
ck_99b4f266b61ae7ee,0.0179486551251105
ck_c37f03995f0f0169,0.0011197833369726018
ck_65a23ac8e44eb901,0.005237814313031248
ck_644b1c1149eea9e0,0.020973205983453487
ck_9cf44eb0237c2429,0.00611555646280337
ck_20541686a94fb71c,0.06523710680864295
ck_c18245be844680f3,0.009926027996455799
ck_56de216eda6b7fa6,0.000798349305323979
ck_406c4442dee45cd1,0.0016863444702825783
ck_df1585c7d72a96e0,0.0035821739329016484
ck_b8e8dba20676d87b,0.019777864380060715
ck_0ee6965e68efc177,0.011236005592151335
ck_c2a5c54ad8d0d297,0.01691490264483321
ck_bf6fb7e6470e95cb,0.0014035085537137033
ck_27fa694569140345,0.001595198907212679
ck_e04166b0ce66393a,0.0037009802063407266
ck_8742114f4f0cb22c,0.06480177608803943
ck_6eceeafd56b42576,0.11057566105511896
ck_34f9951b0eca1965,0.01842025321380202
ck_384ccecd342a24ad,0.004009103020626342
ck_49c98bebd1338879,0.0020818610469425227
ck_6c26c12071c91ff6,0.005879740927651732
ck_01e5986ebb9a78f1,0.024742396680144572
ck_121db7ba3be29ee8,0.024590888207941093
ck_039e6d5a330cea1a,0.09990798435285098
ck_ae8c9163cf957d7e,0.014647415033110114
ck_3f5e8f3f1df0c8c7,0.06370712568964838
ck_b1c51fdafcd80122,0.016282220326938178
ck_12e2b5ebfe8986b2,0.0037081213004328275
ck_d55eb81a4d543c59,0.01764261979833938
ck_f85155ca5c312c7b,0.021383135639017926
ck_133d8a1ac7c0e301,0.9845064750599455
ck_04212a9bb9b28696,0.9967472806705021
ck_4cc11c7d3ca61f73,0.0035907295800348296
ck_2df4854186ec515b,0.016788513477277167
ck_aa9b28e7fc43af79,0.42311934901480486
ck_47cad6c3def4c9e4,0.002712054098813855
ck_fbff7b5da8111567,0.009016517694463738
ck_bd25ea782e375b22,0.032461269399201735
ck_7989376f8cf64a9d,0.007565895911288788
ck_675c0ca1ebb1051c,0.003199814282328476
ck_1436f6e11d4008f9,0.00911227631109781
ck_812cb3a4482cc618,0.01885063277860861
ck_6e606f73a1094afd,0.011853751200325054
ck_1b708e2a4a0584dd,0.022163860674013127
ck_a60d6b324bae0330,0.011281182712541766
ck_706a4f673a9fda3b,0.40610790864728047
ck_a75ece9a9044eed0,0.0028922149722045375
ck_9aa45c4e03c8c57a,0.014406873113629471
ck_9fe9bdce982b312c,0.04951818679957168
ck_c6fbdc5ba68a8466,0.011651430334700575
ck_ed0cc1b1c28f9511,0.03689329448607519
ck_a4e2607b4c8021e8,0.0009849936260263345
ck_e02f93f51cc8caf3,0.006051877924391765
ck_7084ed3cf20781b7,0.05617446330885473
ck_cd4c63155570d6ea,0.0076758896927063315
ck_d1b9e5d32d2d789f,0.0048224250836100165
ck_68f56f6560a7a933,0.0017932679053784353
ck_8bedacc6233c6269,0.01726517108365329
ck_ab7cb50407d6b13e,0.01499508534201343
ck_f17ed7e0fd687742,0.08225056561429826
ck_b0fe4b92fc70f72c,0.003144649861846604
ck_84d62b8196da2452,0.00977522158329273
ck_9e298cae167f4693,0.0024154318370928733
ck_405b20ef9ad0ba5f,0.19106787663652408
ck_813e02e1ababd177,0.019010510078103296
ck_f234ab47061ba7c0,0.0012400089718231327
ck_22b587c18363899a,0.007981769083470504
ck_4e862c2f48c38aeb,0.0036373987408535712
ck_b89cb90a420c9075,0.006646631700134373
ck_be2251640f27a3c9,0.20570780497750146
ck_46bec0bff167ed3f,0.03640410592169986
ck_c0032232c2868328,0.008019476685406566
ck_030cf09525dba4ba,0.002924109200195442
ck_6ecf56236789fc09,0.9712606933675756
ck_38d4ed52cbe6d123,0.027221189656058246
ck_2d923d957ffd4d53,0.008542011029649871
ck_3af1eb88728ed8c7,0.021002809707408324
ck_2f8120ca80a1592c,0.021593577670376105
ck_6cabb1a133f0b151,0.010942503816387296
ck_bb6cf7e7b707731d,0.8918916106812941
ck_c8307fecafa90140,0.018719793620246058
ck_75f968be67f46d24,0.02015258675306409
ck_df6fe4ec5a233213,0.007524143609530328
ck_b53e88c0e927d896,0.0011895950248015754
ck_f0093064aa28f4d0,0.09335680998369891
ck_ec9976cabc63ff92,0.002037314949226966
ck_30dac0a58c5590cb,0.1166462141230441
ck_348a525791ae6475,0.08024231638872475
ck_b898d912d1181ef9,0.013565164182991352
ck_f5b1200dc6f95760,0.010346295163800145
ck_54978a073e7a0b1a,0.008321208179346003
ck_55933936536a4071,0.013421222749721608
ck_d6ba7ffd2ae08863,0.01384493548600237
ck_404e2217fd87fdd2,0.0027213062818429983
ck_dfaafdaefa5716b6,0.02583887898883581
ck_556c62e92d4e7e5b,0.07573486459645414
ck_7ce44f4e06d58111,0.18568346906633065
ck_465cb8ce232c7670,0.005996826804155654
ck_237508ca4fb37268,0.03134252807119552
ck_ba4a6b9aa63964ef,0.012972609459330358
ck_4802a0a7a1882c88,0.3807595452863177
ck_9478dfe4114c30f6,0.0036153347760819903
ck_5138f6c575dec64c,0.01365303537631206
ck_aebb42afe430e2e9,0.007431979075568413
ck_004efa95555437e9,0.005167316201010783
ck_11af112667c98394,0.019002301506024718
ck_44e9a18a8645c9d3,0.004120667305550902
ck_2605fd571219e28d,0.0014496687608790775
ck_dfc933493561d84f,0.009127599732747071
ck_67674348e68d1f25,0.008359117734400363
ck_dd97429277a2fa00,0.0502149466473005
ck_d3eab7a06eb48348,0.05772337778069326
ck_0b9fcff9667ec05a,0.008893977404530073
ck_fc4bfd6e739bddea,0.004123706442946383
ck_43292f70a03ddf2b,0.03495237951487286
ck_5ff6108056a3fef5,0.009173788636093153
ck_767e0be086b5f601,0.046251066636813075
ck_b8465b1a5666155b,0.009709574017380648
ck_ab2e3fc56f5b3aae,0.02255526417431522
ck_1833c81d693c1e07,0.9386554384566708
ck_0308e0602b856445,0.0026085080153898507
ck_ccbdfe744acff8bb,0.021866844497292932
ck_b294aa27a0b586d7,0.0018877229909355841
ck_a3747201f377626d,0.9822408264331478
ck_edde1d7d1db24725,0.03842847167476854
ck_ae3b47d6e1063704,0.008882995814513565
ck_3aabf5e0f4defb41,0.006338028652080545
ck_f034adb57391f3d7,0.07550379244411368
ck_533672fb40531607,0.07586999068256461
ck_2a244f1ae08ef83c,0.017285270888124035
ck_a35d81bcc54ece2f,0.01794327425213185
ck_78a61215675b38f0,0.014477950786148077
ck_e013d88ea7939616,0.020150281071439416
ck_e5018f9418e0102e,0.034659958893755956
ck_d4e024fcda401a31,0.004237390425927714
ck_f736cffbdb82db34,0.0007164269401122119
ck_1507f5aa50cdf3a0,0.011537522357193393
ck_18270fee7c8fcee8,0.005811887068208027
ck_95ffa1a805a1c9d1,0.005954947522356267
ck_11132d245b94d045,0.004597827891376931
ck_7b93a622e40d8b14,0.02545871140273181
ck_3854c08d17704347,0.049588974796096946
ck_7717fcb100dc4b5f,0.027864851703769324
ck_ba54e0a1c328119b,0.5581583145745675
ck_a7afdac4ecbf2de4,0.7101716600290421
ck_ecfb771ed2352085,0.014133962517245458
ck_68be4fefc85a6b64,0.26179208071012167
ck_dac7c50bd6d0148f,0.008269405518139046
ck_87cf36a03bd63c24,0.16431758341603
ck_8adb40b168b59d7c,0.0236662506123064
ck_8d2f62930777416b,0.07261318349238582
ck_9958b58da9e3c21c,0.028515563391953345
ck_9440335375701f44,0.01705806419955956
ck_e2f88e202b6f700a,0.014586109449673966
ck_4c7c50684827a2cf,0.008268735137351888
ck_8a6ea4a79b1c7a8e,0.012133024858323115
ck_186dbff4b24a3bbf,0.12055788628613896
ck_220fda3c11c59b6c,0.05458361273394408
ck_3acccc69f8b1fd14,0.04604557213057567
ck_9de191bf79afd676,0.013658760745909215
ck_6de6b1663f9457f4,0.002052146836137589
ck_062754f8b79b86e5,0.001845626127445818
ck_aa153a89a52f7eb5,0.011806945603856606
ck_34a6bd3be642f15c,0.00976902491026801
ck_9371c700d9830326,0.035781768794092554
ck_a99e0c258ad7576b,0.005957438117876969
ck_0a7ba51d626e932a,0.020731955268776935
ck_852c50bbba1ead13,0.10916815537059572
ck_43dc13b6b6d31297,0.05739923023455506
ck_7d81b59d615a6649,0.022966525033198633
ck_39a3f1da060e88bf,0.019700616542470892
ck_6fb2d142c09ed3ed,0.02466260814545622
ck_6e5752b87324b58c,0.007547431892521595
ck_9441d48a12e8a4bf,0.0653927771976215
ck_09e9c51eb538b255,0.013002309997036828
ck_8d0cd981ed3a183a,0.01424893312413807
ck_57c07c45269ca8c0,0.0045111506401572625
ck_ccfc9ab888ba933d,0.02474579615789487
ck_9658a6ef471053f0,0.009987274495184453
ck_dac3852758f4ea89,0.003453319581740978
ck_b1ed2278f5f14d82,0.028242909223869166
ck_333544d173524f70,0.1283437474456575
ck_fd4582e3853ef23f,0.021489957012876093
ck_614d936cef98db04,0.0030367873574963975
ck_6bc351a3d57aac54,0.008493883566133346
ck_af5842fa7202ff25,0.011990571257899046
ck_81307759252571be,0.00484886469457625
ck_b4d2f02d2cd45720,0.244628877757604
ck_1bd753a4681946c8,0.9708314629966108
ck_46d8c029d46867b2,0.004516887025876959
ck_b7da6640fa2f49cf,0.26040024348174995
ck_9ea3d5a5a91fef9f,0.051280910887832404
ck_7b922518f667f76a,0.0007184507588319703
ck_2a5b31594206eb30,0.5641693858779435
ck_d9506476ad3f9e08,0.01663335059283865
ck_c8791f7ebd4d93c7,0.042551560590277426
ck_b5a3e20fd210017d,0.01039430635417395
ck_8e54386f4fe22cad,0.01806752786605976
ck_75296704f5806f56,0.018528000952202542
ck_0fbbc7a6af300368,0.005716011634939942
ck_d19bf4dc0627113d,0.004218810401045439
ck_7951bd4eb99a0175,0.002067224591571621
ck_059e4fac6b7f704e,0.01180476798439755
ck_2ce8931af02a2ce3,0.005448402385125405
ck_9e665618a4860306,0.003081775484274297
ck_6fce5a893613fd2c,0.001336289262766146
ck_9e3fbd04e3532f32,0.2729154614898353
ck_55f2ef0de3420e3e,0.030954373669900892
ck_8d87658a6f5d204c,0.6313586226472415
ck_6d6ac1f5dd882aa5,0.0012312402491259466
ck_55d0c7012d7ef236,0.036873165083606836
ck_7738eb085e5753d6,0.0064725502034565395
ck_0e6e05c3cc8c8242,0.011264488013164452
ck_8d27ff8383d48132,0.005239570205464466
ck_9afc3bb849f3a64d,0.019277267953566078
ck_27eb86a9898cdfe3,0.0036822140466164334
ck_1d40e4fc541abe93,0.18808244772363034
ck_4fd9dc00e1913587,0.963425866207286
ck_b26cdb2b7b165d2e,0.034215720797096665
ck_a79a27767a02e31f,0.04560983251490355
ck_f0c18cb9f951a71e,0.015641880406262007
ck_50460e0189de6274,0.9143170302804904
ck_5e5280539257c986,0.004994967153525685
ck_eeb854318b3a6f0a,0.014586041636514953
ck_943f66f28dd24750,0.0007018945445010129
ck_984dd7452aee372d,0.0671427737274873
ck_ecaa6de0aca5e9a0,0.03387802432041395
ck_8f1cbc432e2774f8,0.03406853954065762
ck_d91d9f8445b9769a,0.4968946460220201
ck_73c18e03e3c7612e,0.0026653820995458798
ck_aded05ada490da20,0.019870042762355874
ck_f744e208183971f8,0.0022429397602122124
ck_02d4cef6358ad3b7,0.006589132311221597
ck_08ff5bd467226a5f,0.001984005678180971
ck_f824b326d5089885,0.35267010502651214
ck_3420f2fd520890f3,0.016123391778284906
ck_1838cf8d00f5b1e1,0.009933983069539066
ck_a85182ad90b6f1e1,0.001365151511321165
ck_fecb39c82c43e76d,0.00879264472088432
ck_162513e73782929f,0.03396502396369377
ck_2c27b77c59d8f23b,0.0396456506272809
ck_4221e07b17388fd3,0.10404189356549504
ck_adfb8472d5c3d669,0.03294354104416185
ck_0742fe64055d686f,0.0015478603062593378
ck_5060aefcc8b6f958,0.02320755726134852
ck_643f549b4ac78a26,0.22812054756236375
ck_dba767885bd6ad69,0.004050272344745716
ck_0dda35c0c64c7073,0.9650875427345077
ck_38ea56d43afa5660,0.012041768454080478
ck_d813e15ac91f487c,0.0835158843502648
ck_4c840e5585a7b167,0.23592005412461364
ck_cb8551453a7bb929,0.006042902165835055
ck_05a00b1dd5a03359,0.005984442224227785
ck_837cc7fd48453a01,0.013034292498979302
ck_49dd816b31fba6b6,0.6497063202695915
ck_86a61d9a39768e87,0.01205776546834348
ck_cd0e76f0e7bb38cc,0.027952555202957266
ck_dbe58392635133ca,0.029061713884031816
ck_3caec7dd6f8d02c9,0.020631998606251773
ck_bfd9bfc5b6ab4a54,0.06250814568942875
ck_2103399bdb2898a6,0.01598186540707564
ck_329f7de7279e74c5,0.009008015968732392
ck_9bf0d28119fc42c8,0.029659756271907027
ck_f781539b1042dc83,0.003348355746577494
ck_9986c7d781ac6b4e,0.010035646958282313
ck_a627734880aca848,0.0012213159904842096
ck_2106e509d77fdb4a,0.5923881223471654
ck_420d1a9c604293ce,0.01613793716166637
ck_fce0610c527e2b56,0.04107751523531933
ck_073da541ec3f9d3d,0.015020346715353312
ck_aa5f3ab48c17fed8,0.19161013831527607
ck_0fc1086e1c9e04b6,0.015940179035398495
ck_5c33bb46c1a5945b,0.03629541965585193
ck_500948a8d4bd8e13,0.01396056852182238
ck_19becd44f2c3d2b5,0.019549315115734933
ck_7d0fe77dd5ddb656,0.020724612403305608
ck_f158d9e5f101bb35,0.026091056864984363
ck_cdd7c77823c2257f,0.14475690148653253
ck_6c7b41374f9b2e55,0.00568926350352484
ck_417090dbffb1a63c,0.023954911155594207
ck_dd0e17605f970319,0.005629943279982369
ck_3646515079e6be55,0.016166960718093325
ck_89c8b06aa8c84b2d,0.08540618828779578
ck_e4d6dedd97233c07,0.04875026731206021
ck_bc82fb1895fddde5,0.00295205385350355
ck_88a8b1d442ca3686,0.02685397598857598
ck_5791f8f76a629a4f,0.06656379704373835
ck_9cf5e88e97c8c7ea,0.025056755805892242
ck_58fd684aa5a6f289,0.00043753314532418697
ck_9800c21dfbd8e811,0.005843226861224902
ck_8ae64df60ab6ccda,0.031835484441636856
ck_e535fb0f0c00418d,0.047149456138082455
ck_48011996d54855ac,0.3419193785642194
ck_ac79c72a8fe3fdef,0.050572527007094865
ck_b8cc2df5192bc49b,0.024278304050665202
ck_e96a5e1f08f8a867,0.0027728994454488437
ck_84df6770549e43fa,0.006477209955424677
ck_e5f7b99ba6ec5767,0.018359659952993684
ck_8347455ab53ff620,0.003937927441917916
ck_a84f2cdf695a71d6,0.006968521036456671
ck_90456160115f9ef4,0.004144749828232354
ck_ebd178b3f3a9c50c,0.013832623067244487
ck_e1140be6157bacbe,0.002086059213235336
ck_744ffc11d32b96bc,0.011631015875428655
ck_e12a9f7d027e3387,0.0072338395085961155
ck_cbe525da0b69f18a,0.027253004690673426
ck_aa59702537557ff1,0.03355049472918099
ck_0348cc6908f7f3af,0.001211979527413331
ck_120e995d50956bee,0.04961973147763159
ck_9fcde1ff46cbbea5,0.0020881249941144256
ck_54b0b070689c50d6,0.001569276503974537
ck_966a167758fddfd4,0.05395215953181715
ck_d5194f2e92fd6427,0.014064277262407835
ck_2ee84f3fa27f2cb8,0.003747361235480965
ck_57d0a7eb7eae2eaf,0.033111367561956394
ck_6a2c4edd82e10969,0.0017325752670618723
ck_96e4d38ef670eaff,0.00926199048052283
ck_52cc2fd5095b169d,0.008964680674904059
ck_4b088920f3a844c1,0.03091830274466005
ck_8f3ccbd20d59f1f4,0.00525850756226523
ck_e5e5dc431bed6f9d,0.006674301092942095
ck_e8b5bfa6838e28d1,0.017133774348471117
ck_4bfeb78b47b7c6a1,0.07742623351133929
ck_a705c61bd679496f,0.007615377263771584
ck_731869a0c39cb2fe,0.020764703586336808
ck_259eb102342057ea,0.005697311112629608
ck_47a6005fabc33551,0.003305381647322777
ck_682262b455a9edd4,0.0015299059038596384
ck_e839d104854945f0,0.004270168019687994
ck_761989aa4c47d746,0.035012648379814916
ck_44211dc210139ed3,0.007120678262780761
ck_9915ceedf63a5289,0.11814360348607482
ck_da59ab47cb6284ad,0.0013903235491715257
ck_e5cdbfcca2456652,0.007975640029464095
ck_13f2560c6a1ec62f,0.014162574405536825
ck_a0543e9b3abe1001,0.06259384244424876
ck_11c7a58e09e6547b,0.019289739433638056
ck_69587a134d43a4ad,0.062242969288058725
ck_28dc0de0ae291f37,0.021175313159871423
ck_298922703c5bbe05,0.07011463882730552
ck_fa5ba9ed9ed6a343,0.035968450353127804
ck_c08e64d424e56c05,0.03471303245983465
ck_598e036a28262aeb,0.038540774931661484
ck_3f7c870510083a51,0.0054079818795496224
ck_364f8203a3e98d36,0.617706650965885
ck_7333cedb61506ead,0.010513936409514178
ck_1d96d7fd65f208b2,0.022177800004111854
ck_63133a79f23e2627,0.03143138819645071
ck_901d820e0b72abae,0.002432724624767923
ck_5dd80b3c01457bd8,0.024531749905086657
ck_c0b8067c144ed6c1,0.01650880371172509
ck_cebb8aa8c8f62c60,0.009644003746090809
ck_79749eca42ff1f5f,0.014922088319387157
ck_2cc1d9b587f6da31,0.1357265474063593
ck_ccc7916b56d42195,0.010044818730149077
ck_e43e53cc7b8b8e41,0.023779577410770723
ck_4ab74a6e7450416c,0.00704971632668369
ck_6e44024e9de301c6,0.0021353478818221896
ck_dd78cb6ae2866cc6,0.01855866324906742
ck_c363d3b050baf3b8,0.030924267000162833
ck_2d46291975f0dd08,0.0025806468168210303
ck_76ebeb5aee42f041,0.02650288641290534
ck_8395f004cf4d4c08,0.0021795453224794
ck_de7259c3741db179,0.020895144926266207
ck_3938e92585df2b34,0.01475242587110024
ck_af69bfcf4f07d932,0.011100892643825874
ck_1723900ab9afe374,0.10153203981106156
ck_3d58628d1c853c8a,0.007768052806490007
ck_12a074db100481cf,0.03439426151595154
ck_8716cbf892c50e29,0.012177842926996762
ck_fbf7351958ad9615,0.011946464310998673
ck_a50370907e6b397c,0.06646241723764057
ck_937402a60df0821c,0.001612745702000057
ck_8ce9c5807acbef48,0.003845978978062951
ck_acf7d65eaaa4c31c,0.0026555726285500923
ck_ec3eb6dd0967cac5,0.019589897665608355
ck_fc832b0c90c9bdb9,0.9366762017276168
ck_8129e81cde280131,0.011162306916718344
ck_52c0ef68aa2fb8cf,0.01269063643305776
ck_06f042e9b1b662fd,0.06085209968493974
ck_0bf35dcf7b38f650,0.0018311292849417747
ck_615763afc2e17a7f,0.0013285287476822684
ck_e72db9d4b2fc9997,0.9895626747146122
ck_13757bf0eeb353e2,0.0051471587920517
ck_abaf371ec8249c4a,0.060612805459584654
ck_9b7167da0920c37b,0.04610282316862864
ck_2e824b0b27494a17,0.0915904945088489
ck_9a0b605e9c3220c4,0.025676219028912324
ck_a5276af466b681de,0.002257425986248024
ck_9e0383e1fb6e214d,0.0630021151446671
ck_6a27c44b691dbfac,0.004792434444556707
ck_af39767cf583905b,0.01242204614852312
ck_243b1b9fdd3f9a74,0.002076006996078544
ck_c0422e638a9c6046,0.02075413905149914
ck_e0f3ea3373dfc4aa,0.022518512922753996
ck_d56ee1654378ffc7,0.024945512324593636
ck_20cd2f5666719baa,0.0017181401728262055
ck_4dfa1c1e9b69fcc8,0.020988162503937757
ck_5d22e9ca1d15180b,0.668592632994359
ck_f4a7ac178fd55f0e,0.004705125289353892
ck_fd5609bd23a1eaf8,0.007298606252620801
ck_49c3bf13dc9471ce,0.031143305458690686
ck_724085c3452d4693,0.3268129517367792
ck_e5d1462846154a75,0.042813039163910785
ck_c69ef0f3e7d6acf9,0.04426921695438159
ck_a2d0417791d4132d,0.011686929845056487
ck_00a07fc2a9183c3a,0.001966518620529668
ck_781b8288e54ba8f8,0.0739490848745931
ck_d74a62ab3804a81b,0.011247304473165196
ck_abcbde211b6267f8,0.048545819291836934
ck_16dbafc035574654,0.006164492315506923
ck_018f780215ecaf38,0.01096276057006588
ck_0b259620eac51618,0.005074274247211862
ck_4f875342394c110f,0.021430832574721337
ck_399e45e5fe9beaee,0.01924962453579213
ck_36224a2d394ebfe4,0.07856003059117515
ck_c189b551bd111332,0.001450947491485163
ck_125c5a720ecb177a,0.049909971738066106
ck_76d010aa02eb477a,0.0010082268630135524
ck_1071d14c46c92379,0.5373650605716531
ck_61d244b2cde483af,0.015397448203860686
ck_2ff1860da2004c84,0.0027697191194515996
ck_c5b583490198672d,0.009617196893306828
ck_1294f7af22fade11,0.11211337120514078
ck_e3a22799716df39d,0.008323191821186298
ck_c77e22834ef97005,0.42902261117764384
ck_73d3689728270a2b,0.0034125331757107634
ck_295565fbf77ef885,0.002473274453823567
ck_80c0a7f54ff4895d,0.0023990897379452354
ck_f1ef5cf7f10b16c8,0.016304816952840306
ck_a958b2461ffc21a2,0.10980209527902773
ck_0e7899a57cd617d6,0.0012294343607842742
ck_9d4fed252718f58a,0.013109611585228553
ck_83c2c34add971d76,0.0033244855575958955
ck_9ccc030ba2de9fb2,0.024890674812186958
ck_cd691e3466fb3742,0.00619261048850202
ck_49df70f908dfd069,0.10763971422756931
ck_362ce13eec1e33a0,0.0033656656004053126
ck_2452a30397dfc54c,0.00815910040053622
ck_a443d49c2b4863b0,0.013531134002085395
ck_c8b2e2cb349dd0ff,0.007720595988740144
ck_354909fecf5da8cf,0.00899108645765968
ck_841f598bbd54c83f,0.023132996594220304
ck_cd6fbd4e8724f994,0.03802625479774226
ck_e0b3158111370118,0.018618262432228982
ck_4c2f2eb657c2c60e,0.003785480412263374
ck_ef346071f0b7654b,0.014520939837865971
ck_f3bc10e3decefce4,0.0020184854348317335
ck_189b6fbe9b9192e7,0.011109684966650657
ck_5245cbc5ff4d4fa6,0.01888564969160174
ck_cb42e3be6fe87f60,0.004626501127062099
ck_966d4d713cbc7792,0.00422825654948589
ck_1c8c969667cbaab2,0.6712340381380105
ck_d35e3aa9ef5d405e,0.10633629694796203
ck_a1c39df50a5873b3,0.02367773252061165
ck_a152165caf295b51,0.018758192273268456
ck_891eaedae139828e,0.005065978572444214
ck_1a46b56f4734d52e,0.01094045000890733
ck_5e36042cfad96c99,0.1593571743670517
ck_02a8582c2603e675,0.009420786102663135
ck_6def9d0429e4ed4b,0.02970617443548338
ck_e137400825a1e3e6,0.012994852764448717
ck_d91ab840848a54fc,0.002206810293432163
ck_becb6e1c608e0078,0.0021426035235976556
ck_6fd8c86ac719d7eb,0.07993514419230482
ck_3ed4d13f12fd9d0e,0.043191837479660315
ck_007337aa99a4891e,0.0010188789313736184
ck_60c3d8306527a08d,0.002288309654668655
ck_95458880a54df0b1,0.1899064282288317
ck_b48cd8593533fc1d,0.6397237080764829
ck_021c6a4a7e3f1f0e,0.004299763541064899
ck_764d40f865e710af,0.01824152116027373
ck_4b84357ae8ec7777,0.006834572017647158
ck_3397c7856b4669a5,0.0017858954106862892
ck_920bb003b42e6310,0.003860944919669691
ck_8f59f11b512d5b7c,0.08450455809818239
ck_a3acf4b986afa98b,0.11493553678792504
ck_e89d25ed7bdeeaea,0.008309650354618846
ck_70e6bca473bf6902,0.004990962614926462
ck_186161ce152836f5,0.008089123264717292
ck_9191579254663f5d,0.005470569087933556
ck_1e6628879e9d653c,0.009962949193884279
ck_b498fa91a0776ff6,0.01481325219650037
ck_cfc2384f22954830,0.04051033903628559
ck_17673a1c2867888a,0.0012935784319021973
ck_523dce06515b072d,0.00875571374722819
ck_c20638a325ead2e4,0.00507950078421867
ck_d3877e1f907cc148,0.040140129945811114
ck_e9a2495dea8675e2,0.012830724851452787
ck_7e561caa5fa1f3f1,0.019004599466813273
ck_455672e652fe1abc,0.9089055505264604
ck_7f8f864fcc90ca82,0.02259675117987073
ck_1ad36046aaeb816c,0.00767244599555872
ck_de056e37c82e8e00,0.036896263988793615
ck_7484c214c889fe7f,0.018424106175157676
ck_32430e678c4f9f53,0.00859535279789798
ck_6276ece8f80ea799,0.01787613113584578
ck_ae8e5dc4b725bc25,0.013406288582151408
ck_f01be92dc78a2dc7,0.013218075226051092
ck_233397a8bd40d38d,0.004686987155502923
ck_f8124911450fdf31,0.8696608190244948
ck_aa0a3179f1111674,0.008000933080733491
ck_2366b29ed9887a5e,0.00189245552445407
ck_1f22f04dfc08cf27,0.004915909566569499
ck_b62276c3426d680c,0.008709399371230029
ck_d099fca88691f66f,0.045121845064602435
ck_166bd1dcbaf4d6fa,0.000996906142859026
ck_7b1660e942436e12,0.03227789732500598
ck_4a9a791a1d409a3d,0.04054014520671308
ck_b003e5b54df65db4,0.021512674791171155
ck_64b4dcbf436f0b75,0.00846747313780819
ck_26e9a7bb2061a58e,0.04091724748603138
ck_08b77ad5f8f73007,0.023847637076928854
ck_366616a725afc6bd,0.015597421032068338
ck_934fb5064b6eefe2,0.0029134063404811714
ck_c6abd5d57b1009d2,0.0017451633522394098
ck_edcfa9e1cf29d813,0.03208106801987914
ck_c30201ebd003fdc7,0.006978286316764655
ck_c54643d94d3ce355,0.03355411085142386
ck_02adda6e91e49650,0.022286171902607285
ck_5b73d7c5255e58a3,0.19123867729504757
ck_129ffae92dc01408,0.0028544173524208153
ck_fa321945ebedb916,0.03238739968265113
ck_8da980cb2e1e2bfb,0.010267468382282308
ck_0576b00d728bdf19,0.01782783688827388
ck_c543d82e22b3c8a5,0.0027685085652904414
ck_0027ba644f9ae2cd,0.2325650291892971
ck_8dbf61df902a6bbc,0.0045279315949936965
ck_90eeca1cda79fd41,0.0026751955357036004
ck_86d7127391d4e01f,0.0014379875988783167
ck_73762038c7ff2f6f,0.0039016465749042925
ck_a1484e6215fac651,0.518421073409755
ck_cb83b9f806e90dc6,0.2787587989995376
ck_8c6f059c95872126,0.002298587682648559
ck_3174419a81e7caf2,0.006432844774559654
ck_6a0f8f8fa4a3c2bc,0.021423772443887795
ck_b5777605668bfca1,0.0025744397402770076
ck_27e4de495abb4d15,0.00613977894419405
ck_7f6fa79c7a107161,0.01285348312708194
ck_c36ed9f8e6792ea4,0.016903945862157023
ck_67a1aa88d2ea554a,0.028807327877715325
ck_09748dfe4df3d540,0.0050384632599993736
ck_27fd85b1e38b675a,0.001496217266321112
ck_2369689bd795ee10,0.007812011593151537
ck_4eb1c12f7d092bac,0.0010210187465917154
ck_01fbafc42c8e33f5,0.011867307191688535
ck_93c4e05699b3b7d0,0.012801048363417602
ck_afc484d1b6907983,0.004310785172656616
ck_1b2d9cae92a1aab1,0.07072473786737671
ck_73b729cb161487f2,0.00584576427921385
ck_fe3c1d0ac090d960,0.08975637367047523
ck_408efac1d3885ff8,0.035928060143721824
ck_ccb4dd9d0a48a76e,0.0073519555560149635
ck_2987eab34ca7805d,0.031126823460032566
ck_1dbf1f15193197db,0.040282488206183645
ck_4ed711fe4053e74d,0.055501709798500665
ck_6c54adce174f45f4,0.005157757251620519
ck_a6c740041faf0bd5,0.00838313625439923
ck_b05c4d33c4f43639,0.025036439914679853
ck_032880f1114dd51c,0.0425014426606017
ck_22311b037456a76e,0.001531046926172423
ck_5866b413549765bf,0.0035673264779168003
ck_0e808afe2570ecac,0.017629477641031233
ck_634276b05f4381f8,0.007875487089844875
ck_5d8773badd0d4740,0.01910302140534967
ck_82b5b79ce3517102,0.8457069163489549
ck_b378b8d8100ee4b1,0.020717481021874054
ck_54e581f71be5430d,0.0028787104479586776
ck_798ba4b8aa544fea,0.0017597731245114236
ck_3fe86b6331ff95e3,0.0927364648066995
ck_81275d9d4c559e6f,0.005796849853126703
ck_99a4e5ef02d89493,0.023072756362738943
ck_54e2eb018d947790,0.009250567807558414
ck_966901ea9c77cc02,0.010383450396683177
ck_27d69ff4e0cb428c,0.05394480556171223
ck_2cee2dd7bbfc09a0,0.7719945822949177
ck_4136b00924695ab4,0.0005157698595753117
ck_59a164c40c03a45f,0.0043668147762246185
ck_3e24b026bc66789b,0.0010996163831622535
ck_8105bcf69a75ee47,0.005355984076149227
ck_7a1782cefe26a456,0.036250443750789285
ck_970c7dc195161272,0.0019379997029105515
ck_a48ec0c00ae20e82,0.047698121113140785
ck_54b374ade34e1dc1,0.00902864456956202
ck_74e5dec189761d14,0.00432750770723708
ck_4717f24f2c6f40e1,0.11275994161237984
ck_fc8cd8a8209e802d,0.015021966469688534
ck_71db4131d7efe218,0.007278581009305165
ck_45424ea6f0bc4650,0.1055520933898652
ck_3716c6181a5035bc,0.012708998877761255
ck_26de14b96bdad4f6,0.00542657118983472
ck_99c0a41ac9c73857,0.004067855686193622
ck_645f15bbbcff3b4f,0.9866168384563857
ck_b7e25ddd41514d4c,0.0026917504800947024
ck_d5c14e877ca7b755,0.0052735529474981216
ck_05ea4440dac6cfad,0.016541622958430157
ck_c58bafff7b1955cc,0.014468667517405002
ck_f0cf85b67a9b840f,0.01656179684102858
ck_ce1500a7f0d03fba,0.001931515210029292
ck_d4972a775aadbbc8,0.008565746545408738
ck_3eb6146c262e0fc3,0.001498709414299311
ck_afb23858a4ef42ed,0.9627253550774144
ck_2c1def5c91c52a5b,0.16905173206183138
ck_72e550559487b919,0.00463170067753464
ck_0284dc2b4f856b3a,0.38869574854695277
ck_03be334935e999a2,0.00916167762177718
ck_e35a4b4a3cb4cedf,0.010506539442104392
ck_5abe57dfff4b735c,0.01039606034139326
ck_f5f87f772388efa0,0.02048831618114111
ck_5a22cb36d612236e,0.0037321355224038013
ck_8ff1e6028e764472,0.6230813555308452
ck_2ab28149b0986642,0.02630625839274965
ck_c88fc1bac79fa6d3,0.0729023806816356
ck_5b137d74bba6b1b4,0.0009135281468516843
ck_11f362dca2dfaf5a,0.02448929032161825
ck_7f960541e5174565,0.004290945402446936
ck_d5458ba39ae94498,0.015004363626090011
ck_0a921a73a90c2e39,0.028272518609593043
ck_6ad56ef40086dbe4,0.004885605811501433
ck_b68199ecccf2350c,0.0013876690962192754
ck_6dac66c8198c07d8,0.007878557675740638
ck_9b9ce7bebc235fe8,0.004407757843183783
ck_6b817117d87063a8,0.018151205120722387
ck_900d62b3184378c7,0.003341626419370078
ck_eafe9b89857149b5,0.004226996406900271
ck_e74716a525ee5b24,0.0017883118030570088
ck_4e9a6f06ab134102,0.015918203701830058
ck_b0d33b5a3716661d,0.00892411611751169
ck_8703543bf3134306,0.009103479423121284
ck_923d6a0f83accef1,0.011790705253550497
ck_52e37e2170532e2a,0.3890889516568262
ck_c1c5ea839c58958a,0.03093095255381296
ck_660f0006780e87e7,0.008519651759788263
ck_830b2c5d1818ac07,0.05312695453909001
ck_b080ff636932d1f1,0.0018302096273871105
ck_38730aace405f2ae,0.9892931205722146
ck_9790138467a06223,0.0018686979072025998
ck_10de0b0d86b17839,0.004437659431034348
ck_c3e37a4d3382c32e,0.001378954589021962
ck_dd8edfefa1eba531,0.0013586194179709653
ck_8153cdadd300d234,0.001012781765686653
ck_74d0e7c2c6b63d36,0.9061676374182395
ck_c478aae3031bb328,0.006065115143509274
ck_cf301f2194975866,0.010431410301677279
ck_f4de03f44e3a5bd5,0.009092279258544764
ck_b06ce826e593b210,0.06980040877285108
ck_2fc70b6baf6a0e26,0.0027268080205812752
ck_d208494cf5c90047,0.0674952843449924
ck_086d29ccae565e5d,0.0035753918748346824
ck_d5ef6dc116dee408,0.010716841923944873
ck_fdf0c5b722d83464,0.004517868144047487
ck_de8494b13adeffb5,0.009621142255295425
ck_556786868599143b,0.020079344042843478
ck_4940e78cbdcfecf3,0.013327275680865622
ck_d32fbbfe32c00416,0.022548054090820908
ck_bc7710f7e9fae649,0.003662281921870714
ck_416f7ac57da081a3,0.011662376197286915
ck_6fb39b60c67d5475,0.00142964819155622
ck_e40a156511345d6a,0.0028428479811199135
ck_49ab879b5aa7fccd,0.0684880544212759
ck_bb643194d1cbc47c,0.9853656671471965
ck_b3ce8f1bcedfa043,0.010444900230037009
ck_558ebde8c29132a4,0.020025851948724152
ck_e6222925762273b8,0.07115000635278612
ck_bd80546b4807dd59,0.024690537349642702
ck_bd21164bd2bbb635,0.042237749351047
ck_ea835557d7043667,0.008028324678473014
ck_1411a80a157ff39c,0.007495944084451287
ck_ab973888c20c9120,0.08880476532402361
ck_95b48972061abe82,0.00507268053909332
ck_fc4a43f8876bf10f,0.09852429143332041
ck_f34fb7ccf82f41e5,0.009598981762770162
ck_5af9934a56801ac0,0.008974312088091747
ck_fc7445ec76389a58,0.3728735996338588
ck_1eeacc26f02fbba4,0.05395438238868729
ck_4f325dd15c9bd45c,0.037470537140937704
ck_5009a6c8bbaf15ba,0.0679848255032022
ck_0f3de7f074bb33af,0.00950173559395415
ck_2cbc2f93a32eede8,0.044580708812557206
ck_4bb90a61c21a303b,0.014187312283092987
ck_3ade9eac7d7b0dbf,0.08992282736478954
ck_4859a58629622915,0.06493167718946444
ck_5fed957287ebca03,0.0023495376495493
ck_ec01ae5351500355,0.00139147810953986
ck_703b41624ae6a5b6,0.003951659349736365
ck_97c38e7f61c27e47,0.01124005907238719
ck_db2c0908150cb2cc,0.03894478002161733
ck_64ac5e6fed86ab60,0.8289071512032712
ck_da1c853b0a061e83,0.016531936998818067
ck_9a36916b60178ded,0.5540911939468288
ck_3715bfa7fed2c675,0.004245282963053671
ck_dd3feb77d7d4f6d3,0.0076731188678914675
ck_982ebb24174a4ade,0.010908147853945113
ck_f6b7a10d47dd9a1f,0.008101517980587811
ck_1f56fe99f250cdf4,0.029529110408790655
ck_deb3ac0606d6f6db,0.02027830561380917
ck_e666629e5a41b39b,0.009493828119649527
ck_756d2c13d02b3e09,0.018465630361824588
ck_7bc752ae7cf5d55f,0.008468260411164148
ck_fc0cc4b25e6a8194,0.009492389094574144
ck_9b2b0e286de78a1b,0.02057130535513093
ck_24b0803447211bf3,0.012568971272348734
ck_82eed68d05a42128,0.026329618697674653
ck_c8a03c516ed5b05c,0.047714352683617636
ck_e914974cee1bccb1,0.01263120278262887
ck_0c533ff2d0f9962a,0.018077158754836904
ck_c12805fa5d970a83,0.06500478849907793
ck_fc2cb29918631f10,0.06501860206653527
ck_c20e89afe575549b,0.004080195978886962
ck_e1ff9e31becc27ae,0.055560432392691365
ck_18116d0ac08f1996,0.9433567049920836
ck_885a83975cea5e64,0.004685114038997613
ck_a0c3059a959ba5d1,0.02555131135847441
ck_75257ca7d7da2861,0.02237461906983412
ck_2210f7a0d13bdbef,0.021711840220120328
ck_9cbd9ecf8374f65f,0.003694486038600816
ck_18f67c00ba21fbde,0.013344972972998592
ck_2d28f14d3973d8fb,0.002306774159349239
ck_8b3401b44aaae728,0.0033715757026927624
ck_9d8e9ef37797d3af,0.6448239789041368
ck_9f50920c894f64e1,0.009789000962774312
ck_4737e0d56c6fa0a1,0.03461716157759836
ck_52c311f29ca3aca9,0.0005981364887418264
ck_6a4981bc721df37a,0.020395785082187985
ck_823539d936c55fc6,0.0013382729293580605
ck_df5aedb4118020bf,0.8976037411571683
ck_a911a066ff0f7b56,0.028210651428544797
ck_684609767df4a14b,0.050153976212693074
ck_f2350bf355dc919e,0.007727258259635197
ck_8452b6cf97c65a5e,0.01020655446349691
ck_084cd84501012218,0.7556430151256104
ck_ace6b72e5bf3e93b,0.4045224392776384
ck_2afdd69094c955c5,0.029749549513495996
ck_fa7d5be26bf7b31c,0.320115757765354
ck_4b041217690fca2f,0.020693360247002007
ck_9fb8e3d38cdf276d,0.9261519200426174
ck_c1ee56d65a42f59f,0.05504815446376361
ck_fdeaa1cd085691f0,0.026956664057223436
ck_5de33a7a87e9aa62,0.022043613743175382
ck_7476e7fe1ff45545,0.022337586205895592
ck_b0a947b498e47018,0.012422600707497037
ck_e3894ed88a7977e4,0.002135749136314817
ck_c7e07ebfb0bc15f6,0.05670168244290773
ck_3a3daa8b376f2a18,0.0021563487871187094
ck_87809324c2675b0a,0.014457850440447898
ck_7eb4f33260f1dcd4,0.01702209973417133
ck_ab9f0e08af030060,0.017012935115720967
ck_5b8fc4a76f340797,0.058443346555217754
ck_0e7bf10ef49aa818,0.07293426880762553
ck_a44462a3853ac67e,0.9925367204968877
ck_2d14bcd2e0fc043d,0.003056128443025852
ck_df1f2dba802296be,0.853602115069509
ck_466a7316eaf149b1,0.05689675100754179
ck_50df50af592b0c06,0.013035917035387787
ck_5f9e34c849704b95,0.005457334561597778
ck_7836bf6def26aa87,0.048601544843820045
ck_ba175b1bd8efaabf,0.002553903970013245
ck_1a0aac7f7b94b1be,0.2170437393325469
ck_6768c4b2aa8ce586,0.010835948220304691
ck_eefcf0ed15897898,0.012081892318060759
ck_7a6cb27e390b6ceb,0.015409803960952874
ck_5275be4e1577c1c7,0.004209763570103733
ck_6bc0e5b8c0b7d2bd,0.058422794849047374
ck_4874bdec79f9106c,0.02611958762970788
ck_a678731156ad7bd2,0.2739201744022827
ck_db906debc36a5d1e,0.0536605574669462
ck_e87897767c612942,0.019684369710511455
ck_45ed5ee496ef8a67,0.0221981354753049
ck_ae20e28f9854f3ee,0.025301183075978815
ck_9ee044b73943a90b,0.013322124566444524
ck_dab34cf6f0626c9b,0.023778007821381175
ck_64a02b7b96149810,0.0018086066215858374
ck_c417d06f3e94685d,0.007830684831424713
ck_3e0149cdee4cb294,0.01918073749838799
ck_0e6046fc30f81705,0.015085177758295088
ck_c383aeabd53e9c89,0.033436483156443514
ck_2ef76f1f36e8b869,0.08819531974009995
ck_43948784650bb9ac,0.013815144491307078
ck_bdb966f43ac350ee,0.028956581341486164
ck_5bea0e0ee0b094cd,0.006197441868101585
ck_dff090f03ca5529e,0.00505597359357814
ck_a4691b57f837d88e,0.012111054256639147
ck_99ee90946395d74d,0.7355243816675179
ck_cc81dbc83a8879fd,0.005701694816097539
ck_f3dc0725621b3a35,0.0031703966081357794
ck_1bb212d1288b9689,0.02324929522275363
ck_9e7278fc7679f002,0.02645572534540097
ck_3ded7a8720d7e311,0.00829287092075103
ck_798157bcdb9453e1,0.0027145389099550053
ck_9fba80f56f357fe1,0.011506823971913483
ck_f1e1c8491f16f912,0.0040930884206604
ck_7b1319a5ca2f63c6,0.9655815396503387
ck_124432fd5c92af7e,0.6503769921823158
ck_148cb0c723284dc0,0.007208193729285279
ck_b56c62c950eda009,0.004135136383106188
ck_a0498755cd8d7188,0.002446629371029907
ck_5379452a9d74efae,0.0032821150078066663
ck_6c2453229d608183,0.016479720262537148
ck_f9d8b4813a88c1e6,0.012255425916283709
ck_c2c7d1e45a521857,0.0389430962334642
ck_4364a83a11743888,0.005444540074538998
ck_2cdf5fd97ba75e06,0.13381178203854416
ck_71bc01291e0533a0,0.014691073222762533
ck_a725d7aed2a0bdc2,0.0016339096513356163
ck_a9b0c4dbd7db6a91,0.020496283294839573
ck_a4258806a533efa9,0.020789664672871206
ck_905e460591d9a278,0.10391426245498814
ck_20de8abfd8960ee3,0.02339518478732976
ck_252b0a0f1119b220,0.002396223057201393
ck_95e4bef65c36af1a,0.0012741863968660982
ck_5ab68b434ad53fea,0.007295728688141459
ck_13677a1957078827,0.0016324502043066854
ck_d251e9fa09e542dd,0.9953273290156307
ck_700cb620f300dd47,0.017093622657341073
ck_39a68c55a1bd3ace,0.2460081852170199
ck_61a59a7944d6c53e,0.2905203160310798
ck_db6d1c6d31da967a,0.007319560754162022
ck_650020c500b1b50d,0.01389621947157934
ck_d812eb6930192793,0.0023694190131951865
ck_92f6ebc11ebca89b,0.09507002041992405
ck_d87e26eb5bc84b01,0.002107276259195584
ck_66439e697695224c,0.0033597168664713127
ck_f21efd504faa654c,0.003182371704956176
ck_15eed0f5652f0352,0.003922929151770617
ck_bcdbf57d98dc0d27,0.036405558792353694
ck_873ceb8004d3a9f7,0.04176713485128797
ck_70bef9ddd4bab005,0.002415020665458007
ck_7560f1891d66f294,0.001181647109061801
ck_f439f16f8693883f,0.01364903877220842
ck_14f9535e53f9c7a6,0.01581578451583914
ck_5984be472d2bc267,0.2816846945434327
ck_ed01be7504dc4187,0.0368727474574798
ck_dc3d8b5c17b67ae9,0.002790627399341863
ck_9dc23031b6b494af,0.022232483644056618
ck_fbdac0221bc03f66,0.010777068806072742
ck_863708a99b92ef0d,0.037534736026847884
ck_22b52654776a1ea8,0.7895584988493973
ck_a0714f98001efa0c,0.015081700511563432
ck_9c56114f84e9a541,0.024777114241383617
ck_e155cf506b2fb699,0.003232740077091568
ck_65ed7e72f24731e7,0.0021668413629538537
ck_822d6e8e43befc72,0.3038624230184089
ck_b1182471d9ac6b26,0.0015302837302037507
ck_821446adc95e6da5,0.010010438454540225
ck_ff182f033134dbb8,0.025030614628471594
ck_9c5feef7647b0588,0.005952059488559506
ck_df935d8bdd44883e,0.013570173292065262
ck_01eb24c18ad11fca,0.036255832076282295
ck_00d6730134a1eb51,0.010167469171375378
ck_79ba8e85678d0224,0.00693930496977628
ck_97e3b04a1350f6e4,0.01933987126644143
ck_74e9747954a46eaa,0.03773737202638777
ck_397d5fcc9972f909,0.022721436160841102
ck_9ede89e8a43c3f53,0.10838727293306015
ck_303b33910d67f306,0.002571422439711493
ck_3c17841636f6f7dc,0.00641284741673576
ck_78730527f8ba1438,0.16730318922152965
ck_5ee32bc6bb5d1d4c,0.11181806545041714
ck_a13fee8cd925d0dc,0.011483659802560392
ck_6f847263379f2e43,0.024421138876135656
ck_9b9d9e579e7b55b2,0.08788382180457964
ck_87c1d0a79e79c84b,0.015176188012437163
ck_bfc453eabb472f91,0.008302217848814016
ck_978c21bb5fe3171e,0.02701286141711884
ck_dd882323474431d4,0.04895394909308185
ck_533c4f7400d5ab22,0.21912746682008405
ck_5f217bfe28954e75,0.9833652034150782
ck_ae96d35465b3b4bd,0.010141527160383372
ck_512ebe97c0af94dd,0.22905049327310795
ck_f558fe02bb0219b8,0.009723555067074133
ck_84092e23d5ef4d51,0.03745516291113635
ck_17d3022ca12eacd7,0.010146064031260855
ck_8a8f81bf3558fd9c,0.005951437734662829
ck_0ada6fed1864e7c4,0.013739651979778063
ck_21fe7bc59dcd78fb,0.003152795448568802
ck_e136e20c1c74fe38,0.005633295686396133
ck_e7a530e09d113dd7,0.17145615186770616
ck_7cb0c9ded4d63027,0.027926953645724374
ck_102db9615e722c9e,0.0297332513927393
ck_129e39ddfde92eeb,0.0015587229281744251
ck_d730ff21bfd7769d,0.01006894646619029
ck_54459b45d2be8459,0.0023851711595613925
ck_7f1c20319eb60aa6,0.9906774279190526
ck_939fede90473e412,0.0021828516935893656
ck_e0f9506a6d5f4a1a,0.0032162465637897656
ck_9a4967cdf49265cd,0.2076853347008797
ck_b9eaf03453ac7d5f,0.007069672361597998
ck_522477be6376b450,0.010639832119604056
ck_9b6282e3bad50710,0.017448909961967032
ck_a0e3a2facd508e49,0.03322457280759491
ck_97ffae702f7c3d08,0.0030268145040611193
ck_344a95cb7115ec67,0.004710932140197819
ck_1f2760764afa45e8,0.004757014534606205
ck_720cd658d11ea428,0.04485542896528977
ck_04e32ee9834c088d,0.7735077390534182
ck_2bb1389e5e72c8f4,0.03300375146287646
ck_961e7dbc217cfbbc,0.004470090460870094
ck_f3bce4eccfa6d6bb,0.005324386700966628
ck_e0ccfa0d689339be,0.003947990305573216
ck_98217aeafa0bfefd,0.017439880505345322
ck_a02aeec1914c158a,0.02749369462679211
ck_20a17e8f206a14c8,0.017426115425782308
ck_114c32aad4b6183f,0.048386580166097676
ck_79f5198f0decef20,0.0028864861100619393
ck_2209de229b4c71c5,0.013025261963074769
ck_6ee939b7f396975f,0.006351260553677066
ck_202f0c14b07ace01,0.05669857446556549
ck_fa24db9d416ab904,0.005352000361857367
ck_cf6aa24b92c4d33c,0.3958642682830712
ck_45f57fb8194cefc8,0.014304700632912613
ck_d5eb179dc45394c6,0.019357302042438098
ck_efb24be983342f75,0.00729697534562606
ck_245f5d62ead5ef28,0.011030914678316614
ck_15fe2a47fa7e92ea,0.003013475890666791
ck_b6527a85fd682554,0.015588115697125142
ck_11f9390a11ce9ff5,0.040852925502068586
ck_ffb4d892c5158201,0.0012825337471411822
ck_d4c1da5a1427fd6a,0.04027959815260041
ck_2c041b1efb1c5063,0.005617443644984557
ck_ecc18f40b33be769,0.08257812119889857
ck_0525349f3945375b,0.07182995402907488
ck_0bfe62e0c7eab9c9,0.024266849749247338
ck_b7c37d410b1646c2,0.019740331142614042
ck_4b15b0746318cf42,0.17450248028403798
ck_e5ee006ecd8ff661,0.05450372527572985
ck_ccc83cf66365357b,0.02221652011586522
ck_34a33ffe8339f66d,0.9093392573098678
ck_4e39e3b165edab58,0.7039967053312362
ck_1a71f8081ae00190,0.979473457502493
ck_ed8f1200fc049c40,0.9853079856057924
ck_8a5a57858e8c77f3,0.011532802111357923
ck_fff9fdc2adf5100b,0.8350128268970111
ck_c76f1bf40f3b787b,0.0010598163306464775
ck_1a6ddfeef82b1b1a,0.006659602775078644
ck_478d2667aa9896d9,0.010738869550832702
ck_641c8e7694b21f3b,0.017931444375612813
ck_293581d879f6663b,0.6257135948271725
ck_1bfa8abdb22be8f0,0.05184130881071247
ck_05ab5b03d0bf9ce4,0.3680873792623959
ck_35694db37f0cde7a,0.0005996182759801371
ck_fe33eb743d714c03,0.01180631645520034
ck_abd10fbcbaf2b038,0.005981959613464333
ck_46d51648c1bf80e5,0.2690103711943415
ck_5c8390017fabfaef,0.012715330887798314
ck_87d55ca333f22072,0.001663850278673069
ck_c39c6a1453e2b92c,0.001042025776796803
ck_69ff1b0aa143a168,0.0011371835950318256
ck_e57c79eaab35ded7,0.005953047555230068
ck_463ae759e2b6ad1d,0.01158791568271785
ck_0dae4a7eb587f3ba,0.02210842078057065
ck_9b12fb56529ebc4e,0.017688307613805937
ck_1af547077ba2dd03,0.10364028749401902
ck_de13de941bebc7cf,0.0014581150492242174
ck_83dde7da2bf647ac,0.0012101146756397776
ck_c80a94d4660041fe,0.03388223957014419
ck_f39cfeb277ef6528,0.0009036465605700943
ck_1cec1ed1512a2d3d,0.001661178121853671
ck_7955a359b6448799,0.0024667388124374767
ck_8c0955dad13c3ca1,0.004598904844323978
ck_6d4cd2de601a2308,0.015514490715374469
ck_f4536ba8dd2d551d,0.01802985495812211
ck_b379c198d6db2d62,0.017045061958148908
ck_76ea90ebc74bcdc7,0.02446262540328876
ck_734f06bd4aa92781,0.0263920190060853
ck_677e1d0c14cbf569,0.006196821859679836
ck_259271c70f3fbcbe,0.03285056856818341
ck_c0b744eb9e7d4eb7,0.009839915939656057
ck_3d41faeb96802f68,0.0021824398244235472
ck_8f604fa70fc3c8e3,0.005341190410242081
ck_0b3c3bea0e0ed339,0.006648513367440377
ck_be5df076b8a86409,0.00306928525935801
ck_6a475fe324d7d790,0.03682704943194795
ck_3ba3fa5387bacee8,0.0005917378181781547
ck_324b9939d9c1c31e,0.001389287892682048
ck_a7fcf7b592f68ca1,0.021382577898822277
ck_5b2728f7cca414ae,0.001252096034127116
ck_5f4a25ffd0b85a47,0.016797944909479307
ck_63d4f5076fe4406e,0.0023247244394931756
ck_af528d66c86f0cb8,0.008868810385771815
ck_ac7cdb9b8da7b5dd,0.024898616475828576
ck_3bece63711407e25,0.0256168451567445
ck_d4e0b2a12fcfc35e,0.004005882787635956
ck_ee3e7c9d3a9c74b4,0.06758147168348855
ck_50d7c4dab837bf66,0.00812716519600226
ck_ebcb93a2990fc914,0.0785102517521069
ck_2329cc9702cdf7a0,0.03554457059028313
ck_db1fa53d588bf99e,0.010607525559650992
ck_44e57a0bad5a0745,0.016852640155555765
ck_472c81a144f4631b,0.001804680897104719
ck_1658429acd5306ba,0.011438276988449202
ck_466103ec5bd9444b,0.013232106849313053
ck_9757163e25262b74,0.029019222247878767
ck_34ed59bc2c9b0186,0.004707721681697776
ck_b7bd3a7f263f4f29,0.027994315907837557
ck_149662b09d632e41,0.009180071701336707
ck_a9ffd6b3957bd41e,0.003525892395895197
ck_ab80466ef615e85c,0.0024265600932886324
ck_f2c824d3473db24c,0.008123050446271683
ck_a4a01fd45936b078,0.02423791962070331
ck_8f6ce158c2902877,0.0014271734533039951
ck_5189a302cfa7cefd,0.001193224928693196
ck_430a3d03be588201,0.009585117240004298
ck_b5f9dd00914b4db4,0.005937144790057039
ck_52dec82e9cf6135a,0.00524116440414529
ck_95e444a01e2ab4a5,0.024404339840668025
ck_e37cee7b123692af,0.04747696980601197
ck_d68d42858a55adff,0.03784530375379217
ck_3abfc010091d679d,0.0344634056300681
ck_cee4e4e1b62bf82f,0.02453069459341286
ck_9ccb17c35e636c5e,0.010532683387284318
ck_f72a5a3b0d6c1177,0.0016008490646659095
ck_7508aa554fae6afb,0.07267394944595848
ck_003aa842b7ca1d77,0.45048617819590536
ck_83b2b192f41ee2bc,0.35879359469844574
ck_64796b6b2c3c7f06,0.020478973756944543
ck_6438ae81d43cb196,0.011578192831322904
ck_2bd73d9098504760,0.12407558119354546
ck_aa8b9b36a099e4c8,0.01884110709593069
ck_e5ece47d0dd10526,0.011601107930318906
ck_16077ac345472e6a,0.014437574300414483
ck_a4d6e152b0076964,0.004932517492466134
ck_d90b1d03ae151f62,0.015013320765302984
ck_18b36d342b530af4,0.009047575864054646
ck_2a01e610348b84f8,0.027804315235046017
ck_0a93ed76bf36c8b6,0.018391866063026976
ck_3d56b477fe2370b6,0.01651133025243263
ck_17ab3068fa303682,0.0030193037366376945
ck_592a3520d841d11b,0.007416504531339141
ck_84d07028b5fca2f6,0.031109630213363458
ck_f4a2bb10afa85743,0.00551372534855861
ck_4fe4b072f03f2c1e,0.0020770448291043487
ck_9ad08fcc183ea1e7,0.00196079711086726
ck_130d3848b9dcdb05,0.01037086678711159
ck_bb399ed6bf28c230,0.04287570114871074
ck_a31a64a39a2c4941,0.008418039956598358
ck_c49f25dfb39909cf,0.056136868210971226
ck_55f50a9ae2db8ff7,0.002614013024113349
ck_09faa4e771cf876b,0.011292567261947802
ck_df520a7a6e405889,0.04988908846107278
ck_8c8c98cc694ac900,0.03881540038888898
ck_7f0c4f609673ef62,0.019623610592668535
ck_f51fe59cd445d2cb,0.014370833593535635
ck_b3fb83f0d772a831,0.010810401617242487
ck_d6e7e257751c299b,0.0017949216522629044
ck_0d362ddb4a1cb6d4,0.012840200820990678
ck_a574a08edaf81781,0.0058001431997898355
ck_a823f5bcb0e4b9df,0.0010442894114220784
ck_f792586ad0381eac,0.019920918242290222
ck_54bfd70022c66983,0.004553248917758245
ck_fe0a9372c9372de9,0.006760914540575914
ck_5691cd6fdb6d8147,0.03521216601496944
ck_a95f212a02433d23,0.005463406705187919
ck_f5adad75e1c06731,0.039224211319982764
ck_e09c97520eb0533c,0.01799861664413804
ck_a1e13c0d58560340,0.0011614559916865639
ck_cacc2ca410cbe80b,0.010253025235023633
ck_c0dde2a6ef1e08c5,0.0023755237269892085
ck_a04403073c90ce38,0.0014843923698039994
ck_03d3026107175dae,0.01775327039852947
ck_50176dae5b1b716d,0.0019041771238448957
ck_6c084bfcb38e96c3,0.027186750483733434
ck_36d2be9012f7909e,0.05209485466883659
ck_958acf84c6137a22,0.023055339447664983
ck_114722e12db90a73,0.0068945089804975275
ck_203c2a22c0c165ac,0.018909494862008654
ck_2c44ca550e5cfa82,0.02510034216115745
ck_df0a8f20ab8f14f4,0.02893287044887934
ck_826a27ff7555192e,0.010883115297011192
ck_09a988ebcf062297,0.019264635248422826
ck_5c82444b3b9160ae,0.016576769505901916
ck_f6a4a7ed27fe76fc,0.05841993125206656
ck_17de46314b5c6a92,0.012479973108182878
ck_335e63101b1e6c4c,0.09428552588139444
ck_c5eefc0697451de9,0.042072009129223244
ck_49a0efb5d4067b6f,0.07390552572843359
ck_c1f4509c8f5dac5c,0.003514243338158935
ck_57658eda1c59bc52,0.0021896367057674376
ck_0d5c0736ec76385a,0.0013741279428642404
ck_e0239e6ae30795a7,0.028403506536136346
ck_e4459115cd8e5e4f,0.009564824166855298
ck_bb4aec09d4968dda,0.12476164581667407
ck_a1b4c96faed3e0db,0.016861318179276996
ck_8247b79ac67aae7d,0.019817025519783
ck_fe2fc7d6e5d83f09,0.0034689224426772756
ck_f6aea576cde8d592,0.0006923979417348495
ck_b7e7f7d0cd886412,0.11125731874051756
ck_ca7b993e8286af7f,0.37476786490316105
ck_47de038381a9cd65,0.013969434090876847
ck_d38f941d09eec820,0.03517537592821157
ck_d9ba2a6c0d926b4d,0.006073068737175932
ck_cda72f597330d0f3,0.0033814800305730667
ck_16d2d27fadeeacf7,0.005608266172366594
ck_be05447853d423a9,0.0016532782536438533
ck_cd92852d7376a4a8,0.002081640446696084
ck_2faf7ecccc9fec58,0.0011698004329659497
ck_db8733fd92f20cd7,0.025278921566637882
ck_a9989a3a94c26634,0.012544504636653516
ck_957fb25437c75e41,0.05638173381864559
ck_e6a6caf6e7de17c2,0.005887183510669662
ck_f7bc569b37e8bdda,0.008328852291824621
ck_703b375dd86a6124,0.021713204540260277
ck_d3cfb3603f2c6ca3,0.042662818678928086
ck_07cb2b6f2a4303e1,0.03482918443265524
ck_31631e2028d4f855,0.01578801876634644
ck_1631bab0ba1256db,0.016211722519752225
ck_5fdafeaec036f016,0.011961317492418876
ck_6eda4c36aecad602,0.006461881052126456
ck_bd1bf9e3e29de281,0.04467594833830163
ck_bf378ea558a4125f,0.5257763066848491
ck_7aa2deeda0e57412,0.9914463580073678
ck_d229cf7f5a3f38ca,0.008050090663062365
ck_9e109edd124492a5,0.0034610382543281727
ck_779491819995625d,0.7725403810497189
ck_b89c6fa2ad0a12f5,0.012600682203283885
ck_1d01b4a609918c4e,0.8972859686576166
ck_714c5d7cb17bc9f2,0.012147979482598558
ck_269f1746f2609ed4,0.006172470544988795
ck_4be03a2aa62b93c7,0.00124318562305974
ck_cf920313f6dd28fa,0.022790588669217897
ck_fb00aae4e17740c5,0.007290507789665941
ck_085d8c42739e2b10,0.9878874121002582
ck_c72a7d0d03cf3e17,0.08446575723487085
ck_8f6ca5d3b17eac6e,0.00290667073736816
ck_d9573100bbff4014,0.2328278459686009
ck_79d6793d1d0cf43c,0.0010825644730131168
ck_91fa5032f7aff0f1,0.13252479428755412
ck_87110d84872c0fed,0.017000680167845377
ck_8220da627e9992a5,0.0023466186185373823
ck_2ae44938847f3852,0.007050407745126228
ck_b0f191e44f9b6f35,0.0433874452064298
ck_3049d744b527f4d0,0.010941999524933202
ck_47d3e8d1dd3fbcef,0.019492389968654253
ck_ddf787359d2b5deb,0.0009110888751784304
ck_b27a9e39726b26d9,0.0012803128229846399
ck_80c4e9274cf976b6,0.9710308758110388
ck_c6afa913168ce8fa,0.004924430879103869
ck_52427b3f8478db19,0.022263335445883426
ck_3b810f15ca0eaa55,0.006319878897878913
ck_0c9e420f97baaa06,0.773679889711088
ck_f8540cf3a8b2f8c9,0.022464333144662996
ck_1402d24dd623df72,0.004130103248048924
ck_eb4f4267e24d042c,0.005356220341642849
ck_6f661b428d6fb8e4,0.03400171892772048
ck_519a26ecf3d29c90,0.0038424734523306407
ck_e886ba71d4a6fd73,0.035243532931430774
ck_437f9ecd2016a1a8,0.008637814314359175
ck_f01af1b0c977cc06,0.005189279472219029
ck_614f777c2eb5d537,0.005706820266523346
ck_b804e784cde9af8b,0.007741503987996355
ck_c2dccbc1b24b137b,0.11091820598880445
ck_1df4a1781a0f6999,0.022935156630793634
ck_bd2cdd53fca26171,0.012286246544827621
ck_424c254249a109f0,0.0327513345634884
ck_cf2ca4f286e289ba,0.05401747959423868
ck_6c33cb15b0d8af54,0.008021911002776612
ck_311d395fa9b8550a,0.01854150725337393
ck_9f792e7e721ff7f1,0.004437760235542413
ck_4c37586080edb7fd,0.002201359834879995
ck_7c4f42c5397113b0,0.007048988446781689
ck_fc418f53ce4aa579,0.9622984813940617
ck_1ba28fb7ef726ce2,0.009171932993791833
ck_d932f98bf6b83956,0.04679280748310358
ck_248b3659a9239240,0.04582789848087648
ck_6a92cf5f4cf5de38,0.016449756900295077
ck_65519d0fb137e0c5,0.004742391407797961
ck_ddc3fc99eaba2064,0.03152226913335375
ck_7310cda3bc65a73f,0.006570140545175044
ck_c01c85bd631d4054,0.004059076782261599
ck_b4954d16b9749829,0.01037332637508272
ck_f301f6758e170d66,0.01897401179487576
ck_9bf95f8c47e7c7b4,0.004662581754037372
ck_c91b7fccf6aeb4a5,0.038846580992586296
ck_785fa45e86bc5e95,0.017370047935412622
ck_2a65f1cc23f1180e,0.0028262984784261863
ck_a49a2c1f881a3560,0.005591731904311131
ck_def344d68f06d749,0.016802851293675876
ck_abbd1465fc730d78,0.005713191229403988
ck_07a5610ed28162fb,0.013225358207597055
ck_7ecdee2d7127be8b,0.018164114788223704
ck_67858bc00e81490d,0.0013541064498056382
ck_b4ad165ace910222,0.007538357169602463
ck_30753ffe481a1b8c,0.42239931204636977
ck_c401a26725b17177,0.0012077740899859401
ck_819988d8a7f26415,0.0037190666124070006
ck_3364a1d9261b3638,0.008438106109770926
ck_c484c5bda389bf20,0.0006319886353083564
ck_ae416325fef92c9d,0.9753074390906984
ck_5517b9a865960542,0.00417333975630849
ck_a0e96fed380440b2,0.004930815358517431
ck_e83409471d2b0b44,0.02262318065619645
ck_127273af97d7827d,0.005891333860118355
ck_aaa9861c91bd14dd,0.00570730316358853
ck_a378c58294001a36,0.960679257807344
ck_abb9d65ff1f95b64,0.0563214023353591
ck_a5ecbefa849ae569,0.00911700406110594
ck_aa9953c0ca2bed7b,0.0005932957634168327
ck_40bc6de252865f32,0.003388072342908544
ck_9fb11688dcfe1513,0.006556581243689225
ck_ba68841ca2ba073d,0.036440775835720085
ck_1d3e561a7d20be0a,0.9813846132185653
ck_99a92d710a29c1d0,0.006439281754960291
ck_ede2e887697ffac0,0.0018569659505620177
ck_e6de67c0d82a7b83,0.03746177266538189
ck_6b38763bf5ddbcef,0.025029788498400814
ck_8dd44eead7d765a5,0.018438273763099394
ck_30bf5b0056eea9e9,0.23638700347523006
ck_2981d16f8a51a8ed,0.0177147053796547
ck_fc60f42c68c7024f,0.05752825857873026
ck_8e2b2251ee224aa4,0.008966931887349167
ck_1906f0dfaf6e9bad,0.4705075634938639
ck_dcbe6814fc4ca0b4,0.09012234959132134
ck_f7e958a286ae3b57,0.007871719106158491
ck_713649668a7ca824,0.010848035117400713
ck_6f73cdbf9305e2ea,0.01140904011066605
ck_dd1c490050cd9051,0.009861960897511872
ck_e30db36e376606f7,0.10166616024201316
ck_740d8fe8028b5a2e,0.010327827020138007
ck_ebbc9418cd41f692,0.0023556983561954237
ck_7b3cc6cc3f250f39,0.012877648344017504
ck_1d30eef7110809e5,0.13429418276380892
ck_77e0589ab339ca66,0.007623856890532309
ck_15ccbf8ff7d14086,0.01121795839147974
ck_246989b0c288664f,0.025883811883668017
ck_fc2a6e27b10b10e9,0.002242216916923112
ck_8afc1112c12f5402,0.006179360868768133
ck_a76e8d83b9141364,0.037008175644713606
ck_51d3e8dd7465c015,0.0020361896020077734
ck_e7b4016909405981,0.0014751298259890616
ck_e7a3cfb9bf908e80,0.009131566067282316
ck_2bb49dc2388cdc1e,0.0029954233811315496
ck_94f4266ee7871345,0.0050073262996963965
ck_b2c896beec146477,0.008718579855671116
ck_fcf5d4a4748cdd53,0.0028595077567289172
ck_fd0483639811f62e,0.12855447060690683
ck_9a21d183524734aa,0.04278192795579422
ck_1df4b46c0a4c317d,0.023743165660398115
ck_638df9e8a22dfe0b,0.00610093859896726
ck_65acc43a6dc3e65d,0.006826930295417451
ck_7c67b73196e3d0d9,0.008920715933050495
ck_b0ee3a98175b462d,0.0033755968389570148
ck_20fad010969f1abf,0.0022223555200123085
ck_54b087bd873af8b8,0.006767020414444919
ck_8007824431fa803b,0.0038662992993811233
ck_23aab322810b9fec,0.006690327291369074
ck_c8001bdb9aafc8a6,0.013122422239796806
ck_3a34c3ac83cf84b3,0.004634213398069077
ck_60187ac2c473a662,0.9548559876003071
ck_6a0ccd7357979f0f,0.08123993019282502
ck_27f20337bef5ffe0,0.0201891556281541
ck_f9fc468915afe49c,0.04516106108582097
ck_1eabc15a94bd9009,0.018304729163533873
ck_26896c494b2768ef,0.01231493344708153
ck_348c874eaf0354f4,0.015928942840725376
ck_be9c46acd216b45d,0.03079789653731495
ck_a3cce46d15cc20a2,0.03237513046646189
ck_70804f60d9704128,0.07306640232824708
ck_a019151ca8e7527a,0.04989922695623182
ck_571133b2aa8ead51,0.030956044179336534
ck_0afa4449f20d5196,0.006309562804581162
ck_4d503c41cf4e5034,0.012356327693028708
ck_d6fb9cc5171e3e9b,0.6179514361777703
ck_05ed92a7c3e10e5d,0.03657556398993911
ck_bfb067986660afe3,0.05275887832260398
ck_c1a31690c8573226,0.007769450898877621
ck_cb88ef3dc1f42225,0.0037825392652813487
ck_21e3b3bd998745e5,0.05479421692692278
ck_cf52e46fa54e4540,0.0014019993625425827
ck_b72c7ac4208052ab,0.059630616137372736
ck_e6465c56b337e6c2,0.00649518420808766
ck_5f87eb05d18186c0,0.009711665440759746
ck_263f6c5ff26b5e98,0.004354806255739205
ck_e0b7e2c0bbe228d9,0.0018172767861334561
ck_b657ae3c146cb7bd,0.002208790668568607
ck_abac514d8167ea58,0.0710913875411387
ck_024dcab126876002,0.024341729313600242
ck_5d8481e2b38bd99d,0.018536071584627653
ck_edf229c17d25dac1,0.17480359063673692
ck_6cb7c97b72d6b5d3,0.01312705044224497
ck_c96ae2c28086a059,0.04267126597852787
ck_2f241b97c0f8389e,0.010696460082593258
ck_9158bdbb63ee8987,0.004515970004397704
ck_e7b40b60786c1530,0.007210526996059655
ck_66d38518f68e6194,0.0017157543154821546
ck_8c9b57ad2a991416,0.01041756497588428
ck_cc91bd7152d3e9ba,0.02582545397329407
ck_0d846660c7957a88,0.005873256671726236
ck_60896cdac2212bea,0.05738798668409879
ck_dc4db8b932df49de,0.05561355384324368
ck_2dc31db181150e20,0.01035087830413425
ck_2f138fce1171e277,0.02855207601216508
ck_68b8b859a6ef505b,0.01486494485891957
ck_c3fe0c6c5e1f40f6,0.005656482516878561
ck_15886fe84866de92,0.042747643228163254
ck_ea269b35406473e8,0.001755584455135452
ck_3ce7cad1f69b71d6,0.024218022256001163
ck_054ed4288ee58d6e,0.05394867266052984
ck_3d4913a86f207fee,0.053803316419078345
ck_23ff85f9d2355e8d,0.013864131454626467
ck_d87ab3261322216a,0.0009592944855423028
ck_fac046ce336fe39d,0.009661588485891777
ck_beb97e498e6cf8e8,0.037208938678526135
ck_1f517e0ebf397b51,0.007853631113754459
ck_0af57ebaa45877a1,0.003166287376289659
ck_f99bc1732ce5e999,0.019526011018177046
ck_abb056a9deab275a,0.031187625268249454
ck_0bfc394c5faa65cb,0.01639308965149395
ck_ddc865af1dd5670e,0.015616512461583824
ck_68b5542459638b56,0.027161521839469335
ck_0b1d84252c0b46c2,0.008095602773999034
ck_520ec32c4f253604,0.03325132811093552
ck_79ffcfee599d77c7,0.01566632089875636
ck_eb224c0fd146253f,0.05969811458002001
ck_0e477084434da450,0.0128236915372906
ck_07840bba5570785b,0.03188701188765428
ck_6b67fe8e310ab865,0.01211967973469126
ck_e2a1068c2fa22525,0.014012903459719006
ck_b9c6b32f6bd92a3c,0.0030331827698654584
ck_c1e7d1021ae58f00,0.002068013388670616
ck_5d7801201749ffde,0.011049293186771355
ck_c8806749e263f70b,0.0012636418920136097
ck_c9eeab826781dc91,0.01868868508127565
ck_309a432c160a17b3,0.007685332158461332
ck_b22e3337b8e3dbb2,0.005059068410531779
ck_79c30169c71b8033,0.8475475785360308
ck_5a6593d954085775,0.002673087106264596
ck_70b9b79ea1aacba8,0.02470177804761821
ck_63743141ffa11f45,0.01511687329227219
ck_dfd3dbd0d97a642b,0.0044076037492997286
ck_635646a661f05b4a,0.022090903797565977
ck_4b123d6931b6d0d7,0.059527877932296455
ck_f2b0e7a47f442557,0.910364845121789
ck_1b1df006b81d38ba,0.010826405462593227
ck_360237c1bd30f4bd,0.009282959680101009
ck_5e84bca0e362da20,0.019171277448687535
ck_142dba210ed2f3b5,0.018414908735181684
ck_a3564236069e3524,0.05880034608864282
ck_cf36d8b070ded782,0.010552322492124587
ck_ddd6625c5eddad70,0.0018183408386011214
ck_ad54292a0b2f44ef,0.00915586130975491
ck_45cd5ef6b359e9b4,0.005492516243960984
ck_982c2392238b7be3,0.3233947764061358
ck_083e4ac78685c3bb,0.009232786308283628
ck_729cc0b46cc2e546,0.11920478725685899
ck_f2b8995fe5402759,0.0019461901163828343
ck_73e24f5a8da289b3,0.024696921915475064
ck_bd85f30c36f5998d,0.0614489463620554
ck_ee4ff3aeadf912c1,0.002797497354314011
ck_63d2978706e193d2,0.02490750213860683
ck_6a0684436a1e66c3,0.3164366355576136
ck_182dc4a2f5a366da,0.0016653019143613643
ck_e6fecb82fc2a82de,0.003562070001207721
ck_cfb06f07394dfe64,0.000837554331454224
ck_7bbe1dc8add17ef0,0.013558633200994093
ck_5cacad76e02c8e3d,0.9349289167663416
ck_ca68dec0c7df5a12,0.0064283842080959845
ck_e4c0fc52c82065d3,0.005642408548234806
ck_f9197b070416f443,0.0043296837715778675
ck_2a07c7021b71cf65,0.0223612976946585
ck_4fa85cebf707de2c,0.0012160535281139223
ck_0063d2a9507467e5,0.005688454570927753
ck_ec986285fff05b7d,0.0034885714323023044
ck_279d43303708109b,0.009664593870815393
ck_a406bf11e48cf8c5,0.07905342565828304
ck_064b2aa3f0bfdb6e,0.022627037469062465
ck_95790440bc4bd2d0,0.01269104855308309
ck_70066eea13b4c34f,0.011668990595420195
ck_19468fe07e26f992,0.9702268566327936
ck_86bfe328e0a533b9,0.6278011366744749
ck_ace3b96c977a7560,0.07682635234194407
ck_642344e5c652d8df,0.018109857921763117
ck_074be35c951ae10a,0.012075440539806567
ck_f14dce41036486a3,0.9908619122156667
ck_5cf67a3a747e684d,0.05716212286360075
ck_f7285b92648c1c81,0.0037911907981062073
ck_bef3193f124fca5c,0.34602269960497734
ck_05c4dcbb45de1f8d,0.002876139251901527
ck_d7c28eaa05bb7144,0.012712195417050253
ck_320df984791a1b99,0.003940867339464044
ck_f45bad1606fa00a7,0.006132441626160178
ck_6f81c199e986d9fc,0.008319280855692515
ck_d0c9633fed57c344,0.019419794590945345
ck_a3c25d6cc7478068,0.006495490756776411
ck_4185506d12cf9fa0,0.0018879372929847735
ck_7a02ee1bfba7353b,0.01360527725917761
ck_1b52590757c0fbeb,0.02401220952818733
ck_a0e5656e1cf9cbf5,0.0045135242411019185
ck_ace21f6daef94f6e,0.007721287363232183
ck_646d8d0834782d6a,0.16852093594695747
ck_1f136a4476b5e775,0.009797789494481141
ck_325c7643cce02da3,0.04253822766819583
ck_9b5e7fe28208f5d1,0.004955568507013343
ck_05d81b1a150f31c5,0.0023748585451849216
ck_0e9ec486bff403c5,0.009112217907363905
ck_ee13c091bc379188,0.035277568273753404
ck_f7a7f8f5903617c5,0.01296380015688783
ck_96c3a3517153390e,0.02204365665474944
ck_538dad7f096458ad,0.004952713483047301
ck_8758fc6622bbb7df,0.04222583430804939
ck_f7e53af3c91fec64,0.016983643070564342
ck_80b50fad7f255e1d,0.005283857744310018
ck_9645e7adc08631b5,0.025003009556939793
ck_e007aedbf37d6ec7,0.008545212574686857
ck_2951d76c41de2569,0.04909202194139766
ck_9439bff87e616d4a,0.009534585591490874
ck_a73045e96af0e4fe,0.00875860561385992
ck_7b382e533e2e925a,0.0283378380054961
ck_730226c2d216cacc,0.013342914798521788
ck_bdf837d761a7cec2,0.37145820885233716
ck_0b34197335ba3341,0.008787146972753332
ck_49170c4b31a20f5c,0.001835094099484005
ck_cd553ba6589d8bfd,0.013113526029406457
ck_56b992c6f136fa5e,0.02068659028183753
ck_8beae3d7328fa41a,0.028584254504796475
ck_1a065ea906ae3d6a,0.004092532889859816
ck_e9e3381d5e0e5051,0.0031925162826727223
ck_a6d4f998dadc90c2,0.9491257775581635
ck_d36733da917115a6,0.02777455636622141
ck_e738e920bbd74a7d,0.018739242275943913
ck_af65eb885a51048d,0.0014894090656076132
ck_73f4eb09af29b1c0,0.044564832084040676
ck_8fc641b1750a2542,0.03639888908333441
ck_41b954c7a948c060,0.003652251009227963
ck_25fc3010e8a0f6d7,0.008806089910034662
ck_a2624e0387974e0e,0.02511544806156682
ck_5cb9d7b2329d5ab6,0.024766120922049988
ck_6c83aa1d100a7cd8,0.03742444547203298
ck_67025c64588abd1e,0.0028986146505377572
ck_f5dde68f6f0468e1,0.0034029978597025006
ck_46bfb2cfc29a6d2e,0.012891349407004713
ck_49dddb894d33f6db,0.08786631092097297
ck_f738b633b8862d18,0.0010160910500462595
ck_3d6c3c00d854f5a4,0.03693323190042594
ck_cdb8061d8d1a6c5f,0.0045262321740712486
ck_5e1b81848718bdc3,0.01919812163243545
ck_8def763034187436,0.019356725473250187
ck_8f8e4fb9c6190272,0.0036077687034754067
ck_368b968b5f33431e,0.0033081437035399042
ck_ba7e347251ea399b,0.009357588772011826
ck_9075432001a64e75,0.00805055600073374
ck_73c5371635aca173,0.8818026389476843
ck_81793387b38047cc,0.0037290957575416925
ck_0cf220816e320ac5,0.005046858795256026
ck_820219bb9c761b52,0.21623297602966446
ck_70a932ab39d86a24,0.0012538810830541544
ck_2c4be237a7ed79c7,0.0031429652145793657
ck_acc764b49ef02826,0.3037673983870192
ck_74c3c3452e4e7cce,0.0034668420724131704
ck_34dfb57e5bf31d2f,0.04291248406143833
ck_6ec39903f765956d,0.04496779785425718
ck_5986119e7d81e831,0.018848588765177535
ck_2ddfc948b8eac752,0.3229810207105016
ck_921ff5ceaf40a968,0.01931648848654365
ck_fb3b68b4424b5f92,0.04868702543878657
ck_c3db1b3ad4f16679,0.0039063844891843065
ck_124a197be41687f5,0.048151272103972034
ck_c58d9151834f5bad,0.028362217792743852
ck_389607982eb6b701,0.7849457887227624
ck_fb0c138c003e933a,0.002863372313485898
ck_50d0bb7edd8c69c0,0.0461149074935931
ck_c6cb651149dc9a8a,0.0020727005415126817
ck_81e21354e477eceb,0.027200753528210754
ck_7696e38b3e4197b0,0.007489859887360062
ck_586001d3ed9e7fbc,0.0022858970023440246
ck_bba413492dc46f2a,0.015174939592088234
ck_95b894380ad2702a,0.10456407586776098
ck_277621473369614f,0.994645013403326
ck_a50621b5eeca84b4,0.0010554421151527259
ck_bfa7ba218b988cde,0.031021660711532048
ck_5ea89567dfe78e4b,0.014228284686077309
ck_6c679602a6476ab2,0.0069423058028477225
ck_d3885e286b3b11d2,0.0489462031655918
ck_cdcf6671b37c9c92,0.014599328118168253
ck_b5c93e6d34f8d366,0.003393492704178274
ck_c24f61925dc158d5,0.09507035537497843
ck_cd09375e6c81d2c4,0.017656380997471632
ck_a95afc7a00303a26,0.018404567009903974
ck_8e89ca8b39f3f8ad,0.005105860189240003
ck_9a84b396aada3fa8,0.048592058331089955
ck_5124a2e415384945,0.06412966278616083
ck_d66bb1f063357f99,0.007772132030044031
ck_0fd9312411b0ac55,0.02383301783194828
ck_ad8cbe6e27e47ede,0.018904426460299405
ck_8398adeaf41f9cae,0.01590537254686436
ck_dcf851e7bb5855d0,0.0027940463444552977
ck_9affb0f26776b642,0.0026579907765751057
ck_f0424b3b36bdbef0,0.05039369835253856
ck_66746d1090d6d9e9,0.0018596795698565811
ck_e5f8c8a5824db594,0.008072616290797249
ck_3e91dcc209431984,0.022752838025844522
ck_126a82e8d42e5ce6,0.002395567670996815
ck_38e4a74ab256e2eb,0.022410858609010743
ck_1225a97fc413a419,0.024211627505207473
ck_9b5ec0f78e160e65,0.008247874849556398
ck_7c5529bcc079600b,0.02044580993092459
ck_29640fc2fe81c251,0.5126314627077894
ck_160e9ba0a3f7c1fd,0.005915218260900796
ck_bff090cb4ab76b9f,0.022956132207396403
ck_aa06ed358e43db69,0.09593317509104328
ck_7264486eb512d84a,0.003561602930396937
ck_f5a32e6160b28379,0.005067832815932798
ck_4ba8bec14c2217e1,0.007308952601784007
ck_610815786d729d2f,0.024497324008972376
ck_e267999226b6321b,0.0012171875689167308
ck_f3996a3c8eea1ea0,0.014630652409742363
ck_e9b75ed7567a3f23,0.01893778730806768
ck_d21612d48bb4f7b8,0.013711489022638761
ck_1f871df76c6a995b,0.1295772841186888
ck_953bd5de48ccd70f,0.7688013794015016
ck_02a9104419a6dbaf,0.013692936969237905
ck_1eeeee651e05d535,0.027378945959453047
ck_e2ab04136a442a98,0.00658855402380267
ck_f0d806624ef3d359,0.007598741602451019
ck_4b68b38c1b3326a3,0.00561327529396393
ck_74e60495f8861156,0.019363378069637303
ck_398f3f4cf05c721b,0.002428191326094536
ck_f761b7650a0c1a85,0.015114066238423002
ck_7dadef33f5e2d94f,0.9669441479394381
ck_6ff6883633b8c7ba,0.0016565139018872837
ck_4d2159603045109e,0.01319128780902683
ck_a38bd07a5fac5c9a,0.00247109965182025
ck_f517f06551e69507,0.0025146938629042838
ck_a7ea00a1760ad561,0.9932177923023217
ck_31fc51d5a3dfe16a,0.01796708937362048
ck_bac5233623b25ca4,0.0066475991926453
ck_385188ab27784fe3,0.03865289566465581
ck_9947a323bab5cacd,0.10848756415283298
ck_7973edc9f22ee7b6,0.045718838636313805
ck_f97c477986043755,0.00309306274306293
ck_1a3fd2cc4b4de196,0.006494836977238993
ck_e18ac29ea62cb435,0.022358387526620272
ck_9720a472a3e0140c,0.0027763492055757517
ck_668c7fc7d7e47c0e,0.047983539394291945
ck_214af0806470ef48,0.014369605557698653
ck_a46c1773f01f0be7,0.14022753684426686
ck_f2bdcfb4203ffdee,0.034456792161816366
ck_40e84e6ffe788a4c,0.022084330763026547
ck_dfc6f5712d8d6678,0.1485647780965193
ck_01ef1036b2e66a4b,0.012904863748998652
ck_3acfec10eec32f9c,0.022126955381659787
ck_084a85145c15ed77,0.013442140076622373
ck_fcdb4fe2f095fba1,0.04407871333950797
ck_023908db0a193076,0.09035861910959468
ck_fec0ff92fd622253,0.01339549556824105
ck_c009c97d5fafbced,0.09702163121679629
ck_eb9f0c06ee017ee5,0.007935370209069597
ck_d7792b429620fc24,0.004748260500874162
ck_5e9e149a3b69c726,0.029666648665570432
ck_ce927322ef8f651c,0.016516317768136106
ck_b8fd61a8e82bce32,0.9598542716862956
ck_9aafc33fba1474cb,0.006598807984066817
ck_ce81ff9b8b35562f,0.008730878182446984
ck_25bfca1d8eaa152d,0.01404153914893936
ck_170c65860e2a7e23,0.005215493698630955
ck_952da7ca9f33decb,0.011572568941915141
ck_1ebd574406235957,0.009879476787560036
ck_589109a188adc2c1,0.003305684167127453
ck_f0cbd5383bb07778,0.03417892659242771
ck_242521e261148fba,0.005937152883305052
ck_509cece86a558de4,0.006594205568784218
ck_0dd7c5925d28755c,0.006430990320825163
ck_a7e669cf1c3985aa,0.015234938221542472
ck_acb84dc2351eeb76,0.0018967573379483976
ck_b837c7dac2a9b931,0.020140448035503338
ck_18eb1f9181f95df4,0.0047409038409329425
ck_b0b9047dddb1ec84,0.3252256973898197
ck_43aa136bdb0a2832,0.43489305272391793
ck_3e47f8c56c811700,0.013766591110152864
ck_77c587d24695ea15,0.012214057547389997
ck_20578ac693ea4e93,0.013363955093097974
ck_b9f6040eebd1605f,0.06826434185236618
ck_ca9d86f65cfdf018,0.00893436018921249
ck_a4fa8833995c716a,0.010937913229667572
ck_f589f1e29301b5fd,0.011057102611400691
ck_961ddb8ff55d868e,0.0008988226172281155
ck_5662492a54e6688b,0.06194767676724747
ck_ad48826c1c26eb78,0.6523834323660364
ck_621c9ddde6bf2eca,0.01686964340109858
ck_417a3500b2c717b3,0.0344701182816922
ck_c7e129058beb3ac1,0.013734475288546875
ck_ec1c902b9b9b9c5f,0.12079261800351439
ck_317360ec0a67d27e,0.14582482863176993
ck_3e3ea5d8c4a229dc,0.05854595825534168
ck_d11d27de7bf0b973,0.12499755802638207
ck_d37d56e931105db0,0.008076729237165977
ck_4863077723cd6ce1,0.0014347444153304987
ck_479a065d5903e9c3,0.00479470774664036
ck_e66ae4fd586fedea,0.0027071481611529724
ck_192bbfd0d5720134,0.009105413474061824
ck_3b436cb29af99f3d,0.013602904891012724
ck_7c7ca54969eed187,0.029153250251446237
ck_826ee896c9f1144d,0.17667639204021787
ck_ba1f6dd43fc8a0b1,0.0052842096804460925
ck_49685deb63e4e8f8,0.009199530923356953
ck_687ab5d5554bfa79,0.0125551763875419
ck_41346ccd9242cc8f,0.0022193903047243047
ck_8f8e5e2b9dfec3d1,0.015784187421426746
ck_94d5ce61a0c50465,0.021944773240808898
ck_6b954c75aad8c012,0.03294351738089937
ck_748af92828c9d288,0.0050248368883167565
ck_dddd14091ce812c2,0.01357390220868566
ck_723323f6870fab59,0.03197407719498359
ck_dbdf8d0708cc6718,0.008265144028825562
ck_f04938570a154de3,0.003748426288155561
ck_58afa1550b3b5294,0.011590606267210342
ck_3b150afde386ecff,0.06631097335481034
ck_666b95e75d99ec4e,0.8972438196541948
ck_e00332597cf1eb24,0.015439320917613533
ck_9a9e3dac79280d7f,0.04421255735032359
ck_e8d37262e859d9a1,0.010083180509609768
ck_895bb39d24bc1c4c,0.0015335715262861523
ck_b367449195e36499,0.021111579989184285
ck_d23f9a50d1135ce1,0.10753007414631016
ck_670dc4910cf476c2,0.0011595340874332723
ck_3ecd8a5ce65e21ca,0.009452013525477584
ck_8584fea2df4c6317,0.04300005500278002
ck_0789ff4562202b20,0.015588027502247456
ck_749e0e50c3907be8,0.0026402587945485146
ck_c3ff6790cc6d7e34,0.009926993475234456
ck_75fb7e56432ee4b2,0.005957208265067377
ck_529fc3170fd11abd,0.028871945671501864
ck_34a69b3b4a681796,0.11255232500594942
ck_255f0e5888ae9e23,0.061901428222762636
ck_65be698386474170,0.0017513278785588596
ck_5eec9ed855c26000,0.0010940858068191196
ck_5ab39bdc9610f6f3,0.8219914015889647
ck_1b5b75762f033462,0.013639373071979504
ck_d3e208671cf37f91,0.8122679346234628
ck_5068ee554ceff971,0.016565274798342938
ck_d7d50fb57fcb2d0e,0.002967983293258666
ck_ba6e1115fceaa067,0.0470499360499183
ck_d07bfb16a4a7dac0,0.9012316483147578
ck_ead68310311690c8,0.4818166661589955
ck_ee53ce862bc9c111,0.020070740534866786
ck_97e56e6037024dff,0.0016843796102495338
ck_80b04344c98ec072,0.017369658635041127
ck_5954f45a2ab45f43,0.01090549622867311
ck_18ddf7e836256e3b,0.007985601232320026
ck_89a1a780144d808b,0.03152674182035958
ck_a7331e8b808c39aa,0.062389794439359186
ck_a1fd0ad03ff9b776,0.02209610663736856
ck_c0cf50eef030b401,0.0018999346161980048
ck_074f20921189e7d6,0.0078014210032173615
ck_e2aa7be60794593d,0.12117037961808043
ck_72771757dfb7f7a8,0.011956618179775995
ck_a9cd84a6dddfe584,0.010738421444030932
ck_142c00f9f8557504,0.02510815761520412
ck_221b5d40358230f4,0.02180927587016484
ck_a2d7a563f520b7ea,0.002782988182363033
ck_66cd34bc568d95e0,0.012610599473402668
ck_a17128972d3e507d,0.01132207638276752
ck_bda299466bb2136e,0.014488879240655565
ck_2b699066665abe8a,0.02106629327789523
ck_0ac9848bd4ba0c14,0.0015164019385219313
ck_98d2f9a6ba3a3077,0.7865469139960981
ck_a872df31b28a5f7f,0.11599365210411042
ck_7e73e1d44ce82ed9,0.012673998690526066
ck_1a415416f620d49d,0.007921209373954389
ck_c95c786d2f8b8edc,0.006973938809167263
ck_e45012f22b7f91d5,0.003341641728653672
ck_aa0b083e2a6813eb,0.02169050347432277
ck_4666232ddbf77756,0.007187927490724764
ck_e08e9c8ec5f23d8b,0.009391296030206567
ck_31d4c0518e5f52c6,0.002326688246784975
ck_c1ab40638f04cb02,0.010076380149476042
ck_4c1fdd1669c7cf51,0.005373123023571333
ck_11662cc7940ffc82,0.050939290006553437
ck_2e679af24adedac8,0.00839305942608294
ck_454b9e21b7f25a4c,0.0021407095456934862
ck_355c4f29089731e8,0.8754178395678309
ck_507e40760a24d2d5,0.01289947447790707
ck_0943e0f305078e34,0.9821722459083744
ck_abc54ed7111e9ed1,0.002352437376958299
ck_a60fe02fc04407a9,0.028955091722339607
ck_244b897bb4d57c1f,0.008053886564727233
ck_8c84fcde93a04334,0.08821929310759492
ck_9eea37d2de633b27,0.008250161552992567
ck_b2cb9e6610eca967,0.007504837025517354
ck_09aadb4c41b166f1,0.25555779183542837
ck_8d94fbb4828ef326,0.005710168210449165
ck_089e3a07abbe3b8f,0.005014162364101276
ck_dfee9de05e3971cf,0.005631793684252526
ck_6abf8302ce052451,0.04192471305971766
ck_6ffa90143838a4a2,0.004849765139349574
ck_325caeab5c7a9c3a,0.008627901465088557
ck_1964ee9db929a173,0.8585390240485355
ck_942b95988a6245a6,0.05172109660985129
ck_913ecdeeb8e21a9c,0.01743957412897181
ck_ecf9794349eb4b3b,0.03389796372647372
ck_b6cb8d6ae828eed1,0.03671701450857204
ck_2f82ea66c4f53b33,0.12755075985635705
ck_6e676daa4855b58f,0.09926478961645219
ck_2a37fef48b44e9c8,0.03443538351132946
ck_3bd12d468fdc2450,0.00698114775632494
ck_1a28b6a40a6bd3b4,0.07582786347626745
ck_61b79dec96d15713,0.0031594040494278023
ck_31d5e3daced93d3c,0.004799154204888507
ck_e6c8611c0cf233d7,0.0037332660358612253
ck_f04761b4a937ac3b,0.01130086844796188
ck_38c1c75cf055031b,0.025112200381391715
ck_59a561f3df01441a,0.028590408129429836
ck_04e40f556a5062ef,0.010724080514267141
ck_8409716d174635b6,0.010496471790759276
ck_3019afee83342701,0.016383649424512904
ck_b51a58e7f032c9a8,0.02112256856827526
ck_5043e474f848346d,0.02435879734590943
ck_4388abce33ecd01b,0.33391890956630693
ck_c93def7392f0aff5,0.10137337766631277
ck_72e7b1acc19df820,0.007372925232755298
ck_f253130dc3ca5b3c,0.006125177016008709
ck_eb264d1b180d4b4c,0.18053158227810367
ck_c2504f5a113433ee,0.0030030296541968273
ck_c16ab1e4dafb4910,0.15582258698359935
ck_4bc42878fa180991,0.03017769705061874
ck_1c771a7c78f6622c,0.020788198010107926
ck_d523f0e50a2747ad,0.003894670702850764
ck_9060f4e7ab7a1b0c,0.010889435094739988
ck_6b55ec4e87a5e22c,0.050203600032446796
ck_55fc62a5f89a7251,0.011901929362055407
ck_bd2545c62f258231,0.026425515065266525
ck_1ccdc69d0bb712b4,0.013181877951144937
ck_710f867a3bd5898c,0.004091646042399574
ck_f91d48c40337d375,0.00882283087676839
ck_f76d929541ed41dd,0.05660000755397632
ck_e26a6659c237b650,0.022322409226967967
ck_184983177b73dea5,0.012636623374248163
ck_6d0d081bfa8a0022,0.022165280320382036
ck_2f6e64f638da0f97,0.003551992292719762
ck_15b93103ccd38609,0.009097752588242209
ck_094d10439b7b4eac,0.003920398906804255
ck_d2ca47180a926ba2,0.0061634900280209725
ck_a69ca7b9d70972bb,0.00334014258518337
ck_68914e67343a7d32,0.005886690968488626
ck_8176616132458c0f,0.010776781140929507
ck_eee99af3598311b8,0.02149013057679764
ck_94410eedfca91304,0.015326091816977009
ck_cfb11a0a2325bff5,0.005204146360185421
ck_75217ee144b715f8,0.10079615444240686
ck_d56fc799542299b8,0.002064642452182528
ck_4c352dd3e7c81269,0.11821469967726045
ck_e23e50e02cb3904d,0.038227791027553464
ck_b921af37d500e139,0.011191947591389056
ck_82181b935360dcbc,0.9818951828756213
ck_22a7cf3b99c5e5fd,0.01779998396267489
ck_f67ee7910d532216,0.013751358395539584
ck_5f48762a14a0326f,0.006147368357638199
ck_1757fcb0e6e3f88e,0.08402026977217347
ck_2c2f080ba185016e,0.025555161178103795
ck_4c25570eb72711b8,0.0034696036915799824
ck_a3be871ca22ac416,0.013842274919315004
ck_ab70961e7c6695b2,0.010825961385658243
ck_a1cdebfc42a52448,0.00276487109165737
ck_f1b80b821a20186d,0.025158547531907497
ck_ae668e4564cd2aa1,0.004448886293145513
ck_0e2bc3a5afa439d8,0.02082496578104346
ck_3dc378f37d0b74b8,0.025813657501211517
ck_9f9555197480d1cd,0.011376684216642003
ck_bf4e7d48770a4a8b,0.14877819779109638
ck_614ef655f0685060,0.08003191065357794
ck_04d2ea38ee27770f,0.0016572322536534036
ck_e03a9d8ac94161d5,0.007578225377212249
ck_d4007b5b26d9d854,0.001373231045554332
ck_2dd147ce6d61749f,0.016031567954257326
ck_ff45764ea7d6619f,0.01989750034627558
ck_dbc487cb0a6c18da,0.9087479446063133
ck_791d5392bbd80447,0.007978047343628721
ck_b4068439c413b150,0.024458205338071467
ck_85df7b7de9700aba,0.002890140769435539
ck_001e42551cd06e40,0.004009577568256647
ck_a6c02ae50932cd9d,0.0041867631693968555
ck_9fd0be2c018ff5e4,0.012544634934377442
ck_32a495128395fde5,0.007316550626594213
ck_b6f2a2fd232c141b,0.024539733279158493
ck_28dde633692904b0,0.06349047160504354
ck_a1a93c5f375f6021,0.0029206501844327108
ck_e3982142336782df,0.02919436824664668
ck_a9812ff3c111ea94,0.022603505662206935
ck_f04062216f95fa00,0.01103030901686996
ck_7c560467daca735f,0.0005766004966341492
ck_76ee10d6e2dba70f,0.040162586898150936
ck_3521243bdac61178,0.010408428470160524
ck_28588fb03b320520,0.039505192829532174
ck_580dcec33ec232b8,0.014011727078083555
ck_7109923fd7dab20a,0.03134649955476651
ck_7c872c99481c1e9e,0.015858895290428575
ck_46f4e1f5026f4d1b,0.0006931117913071914
ck_00d1ebc31ec4653c,0.01945114429535237
ck_aac70764dde15168,0.02191603991497972
ck_648c03f9aa4e45f1,0.022512713575888132
ck_5478eb69ef912785,0.22010266720921312
ck_79b8523137bb2603,0.09404496053699885
ck_795c49f312640019,0.0006208574887084632
ck_89184bf7b7fe41cd,0.2124701723286795
ck_97d4bd922996fa10,0.021874044848257036
ck_1cef30d08f3a598d,0.002677383871377637
ck_2f9fd36a4a40a6a8,0.001608841404338246
ck_40780fc0f8d6f309,0.011972496757182285
ck_9083ca9fec2a7f4c,0.011625841854625748
ck_62081bc35aa59931,0.006548538521631482
ck_2e1b46c5fc56b863,0.1057611024702034
ck_3d139692c51b604a,0.06849156574763189
ck_b5e54e22e3d6960a,0.006858191831247642
ck_c0c4be3f44311b04,0.002818711789463869
ck_82a8bdd2692c2a5e,0.002615541655605031
ck_bdd2da300b530c5a,0.011510727542155336
ck_ee40498cd97183d3,0.0035029689953298875
ck_70b9274473bd6dfe,0.0015314962544849698
ck_473d6314ea614b29,0.00434346025452393
ck_7443d6dca8cd1352,0.0017261728034669848
ck_3b49768b448b071e,0.025972341441349356
ck_b43f04431c267dea,0.0024656165118542087
ck_4424a5223ba2fe00,0.016046175692206975
ck_819bf3e8231f4081,0.01394192727989707
ck_91d417507a8c58cb,0.1867694759751747
ck_e88e86b19cada4aa,0.01782441460203412
ck_59684167f9c6bf4c,0.05764162628478343
ck_d5f5b0dc97b9dc27,0.031010675287668377
ck_13d1b192bbff8f32,0.01467946064683188
ck_b21d8630387cabce,0.004220078889483991
ck_e4ac22046699b99f,0.008962181289973916
ck_74b848064f2ff45d,0.008814903089821706
ck_166aa980cc87fa77,0.04578732890543921
ck_98e337806104dd88,0.0025463353668014354
ck_66eb09be007f0755,0.012665260770921605
ck_3ec9b9d8dd7be11c,0.028837043190207252
ck_8b8b9de339d75d0b,0.036889377608789076
ck_6715139e240007d9,0.004262613652380362
ck_a0255ab46e122d2f,0.002355163618354533
ck_66e81a4190c33510,0.007514170503871993
ck_5d75ea4f5c9080bc,0.20237380097891833
ck_df69858b8a8b3165,0.00780214573422177
ck_e15252ebd7553422,0.00518637570185485
ck_34d6d74bb3ed11e5,0.0031584056442461486
ck_c2608f78f6851d10,0.6711381350425684
ck_bb99071e8f58c8a4,0.6636969738827078
ck_06010f0df5b7cef8,0.04746554460199296
ck_8c582eb0f6c0148c,0.005334021565713559
ck_0034d010d28aea78,0.011093566306876468
ck_01c1f06692566ca1,0.010210759437004072
ck_4807726e797fb893,0.018851086792246737
ck_edc9668282e3c8cb,0.015738715685399515
ck_5486768475af7bb5,0.8541957407512678
ck_3fb9813849e51837,0.01034491240597867
ck_861af5a9a9a6d619,0.0034652706428951597
ck_da39653add0f1109,0.0019891465208197105
ck_74a4244eb1f162e4,0.000942520995590345
ck_9a930faade55b8ea,0.003945360929323794
ck_fb6e06ca88519dcd,0.008920357330795279
ck_9776cd8263a9f415,0.008341623836670392
ck_b3dd1198ac5aea73,0.02228224662275094
ck_b6675a04df1a4276,0.0014061207638695955
ck_5c7ad6e731b69333,0.35131271895860655
ck_28dc0fdbaec00580,0.12937798006969967
ck_8e7a32f7e3905f4e,0.01707206332265633
ck_8563fed6674afc77,0.008279188292478206
ck_9a2fcccb82da663e,0.012555382115535824
ck_6a519bdac0d94527,0.0033085425560323393
ck_a0dab7aa9c4a39a9,0.004402675806139435
ck_a3ce05e9e5e32142,0.01621720918355076
ck_7a7e40ee3f97c035,0.05822648331241054
ck_9e9a830785112a73,0.028138541176345226
ck_ab1bb02f6b189304,0.13702272724746267
ck_7b8cb0f90fbdc8c6,0.004517493731265405
ck_b138fc249e659e60,0.009941224563482015
ck_e73caa3771ec5e0f,0.003568309200328019
ck_18a55b06ccccd88b,0.020176898510167532
ck_fdcb1d9265d8fec1,0.06665996646846578
ck_e21a900556b382ad,0.014362020858752319
ck_c6bf67470f526771,0.03348479654028807
ck_b568ba3837afb39a,0.001035630676158576
ck_a2858979dd5645ef,0.0023386215414648182
ck_1da9d40837ebaa57,0.05981511956150395
ck_9341c7959543c542,0.002814471029183539
ck_c8ad86806b9a2369,0.061440968905504066
ck_5c85d93ecfed4b0e,0.009410198462902041
ck_f07b09879d697b82,0.0037926075123165476
ck_fe43da07608b1749,0.02001269255921985
ck_4bca22b5926b9c28,0.002480651736238378
ck_aba573aa942b1d41,0.00591236139932019
ck_57c14e32fa4683bf,0.0028372512101300083
ck_891530b489ce402b,0.008339821138765675
ck_5e74fdadb93ff293,0.03198946295289808
ck_14436a409ebcc90f,0.00800000616684929
ck_00013fdfa0bd37dd,0.0063623864627436934
ck_7dbe24ba01316775,0.05119284816827123
ck_0e3f80c1553c591b,0.01820452564338887
ck_3edc45db58760d76,0.0027018024203904274
ck_29076a13f539187a,0.44571478390564534
ck_b1e81b58b9a545ce,0.06946383313247512
ck_3f8571d4f7420b2a,0.04814216269531455
ck_7dff6abe4bd644dd,0.573954386490586
ck_2884bab237af16b7,0.006461441451676701
ck_231e6dd1fe708000,0.005022323718983027
ck_33ecaa7b892e73df,0.010037756248168234
ck_b109ec4c63503030,0.005492118113226488
ck_a7f522382509cef1,0.0025898352029016837
ck_748b3ea941d8b3b9,0.014427974593405772
ck_29f3a1737a2d9634,0.011330180759376092
ck_cee8d42475a0f020,0.004435024378530855
ck_c6b6ebe145a8ffab,0.004442790629312141
ck_21c99e1d6b881894,0.0009804156315722434
ck_5ad798286384484e,0.012099359278539909
ck_b621b6ffcc7f4848,0.0034168304178790855
ck_ea819e337233475c,0.12449709493947442
ck_9e3896c2668ce06b,0.05192378180585533
ck_501dcf1ead036d2b,0.009190753418551759
ck_8d5eda29a2cffa3c,0.004007380277964316
ck_4d3aa36ff83f1132,0.43779350707654163
ck_8e9faf94e3e6c757,0.0013279168336451366
ck_ce0ec41f96951048,0.03434841861259972
ck_f09165d73ee903b1,0.013819203112406541
ck_a432b1bf1d3b3d5e,0.4574729804283554
ck_ea618f720ff0b4b0,0.005006894649158333
ck_7584e7bd755cb28a,0.011309260513838041
ck_e14681aad43e1a72,0.011136075323510755
ck_5e18870d8e30e379,0.012337238844150892
ck_ff7c26a62bda8089,0.002224905567514968
ck_cc5a35175d381d5a,0.011353133006477441
ck_3c25029e40aa8a84,0.0056672989094241535
ck_771247b5bc16c12a,0.005587765936336436
ck_664b5e02759f985a,0.0022678795606494114
ck_692a9e8f504b9762,0.0010216581841278752
ck_df8ad2deb0a4ffed,0.01812355793699205
ck_eb48c0bcd12ea654,0.018070092059864207
ck_7c77e597c951cdad,0.01261656725766165
ck_4f75144c6f3b13ad,0.013257572353317478
ck_1bcff399166d7c43,0.011658836764037485
ck_975c2aa3d4a8c51a,0.012720960334119782
ck_bc6f07b06aaa4ce3,0.1888704652174025
ck_80b072b7f3c7e8e5,0.008154197829687859
ck_471e4018a23b4e56,0.004213036148659288
ck_53cddfba570b4a3b,0.01021177638629301
ck_630530e50764f229,0.01135756992371105
ck_dcef7887a4f1e435,0.049322273534715924
ck_2795921a055643f6,0.009155239231026284
ck_7456df89f3792235,0.0021372678148808403
ck_5014a3b07e1f049f,0.3976431055307449
ck_d4ec44760cbe03f4,0.011750984807113498
ck_96810ad39d4cb7b0,0.0252147866521464
ck_3222ea25aa29bfa6,0.002013625404027987
ck_f6c42001b84a10cb,0.04899127046209478
ck_5ac86682385c86b8,0.004300167892978774
ck_4280c33af57eb4f4,0.0020195867449008258
ck_05f79ddd8eefaa56,0.013470708102032204
ck_3a57a13ce032a6fe,0.004457748957623583
ck_a721f0d635fad68a,0.008472844885336242
ck_a3f821bdf408c326,0.0038909545852637223
ck_0ada63008be5685a,0.03452540720434126
ck_8c949bdc6e8720fa,0.12883987282891002
ck_c0d2c56f9c722e99,0.9700594681130539
ck_5d2b9e6e087b8dfc,0.9930697780961203
ck_5217b55593a332ca,0.039571205572768046
ck_7a7bb9be5a7e48ad,0.019369051334660006
ck_24cd0d779e866287,0.002962512599758646
ck_7367917891a63771,0.04274203386468194
ck_4b31a8862a857e6e,0.6941231816984347
ck_81429c4910ca46cd,0.0023607926011071523
ck_b35d803568f82d9a,0.01722459360272407
ck_4b00e75c2d2d0522,0.0014275932371074162
ck_77fced07f6dff42b,0.017198471946263158
ck_3c9a06eb07c300e4,0.003936328283881064
ck_b3867f7f494db64c,0.0020324659625420923
ck_0c45e54897ab34e2,0.03497085670607186
ck_507a6a580ab55c76,0.021137887363440626
ck_291bffc7809f896a,0.002764295841825329
ck_3753cc5b9d02e2fd,0.003688753775226157
ck_4f63d5245b3ac1dd,0.031952133084049705
ck_9dfb2ae78659240a,0.010677546057946984
ck_90f6f5ced708aa75,0.0010244740356339813
ck_8b5b5a6b5539e39b,0.7473657219478794
ck_4719112b55d20161,0.021647844663874996
ck_fec888a7108ca52d,0.981263314530814
ck_4f5d022c99f118b7,0.018981986556900032
ck_e967ff05514b697b,0.03431053347007515
ck_839ce35819bfa4fc,0.0017589249176088795
ck_bdee1221b9addff8,0.006911284652109576
ck_9cde4036d0914427,0.00727561837614547
ck_5ac959cbcc5e98f3,0.0022361403386762426
ck_619842688294dabc,0.007020630101785472
ck_7373d7b04c7799bd,0.02558038154572665
ck_c1dd3feb9a0b6471,0.01220365454874265
ck_0324a4812ec319c6,0.008673909168470289
ck_7f3685aa2933b251,0.05177277450451767
ck_06aee5a62a67a84c,0.04008140140672743
ck_3428910b44b9d08f,0.014970179158918354
ck_c3ba7534cefc1de8,0.005250300352154487
ck_1f1273a67cbad5e5,0.5927937924387551
ck_124565a11b2f8bb8,0.005036928855145836
ck_38e46bc861e0165b,0.013103963705160988
ck_c8ad3f01319c065e,0.03474364233342118
ck_3f94a34f5038f7c1,0.9108957399259197
ck_cee56be5a502fbd1,0.20451499296668552
ck_2b90b76cf4d162f9,0.010973620010011419
ck_884b2e463ff1d54f,0.00973215101234863
ck_fab4f2f8531b4827,0.022765652657996314
ck_4fc6256e0e60a926,0.009196971134678952
ck_0a2f8b2f8a5b6f02,0.005811862185658136
ck_9c0deab8a8367c5e,0.0011070199902147046
ck_d3a2a4c011fa2554,0.002219067353504813
ck_4108b4038f762817,0.5901683685680201
ck_4df036e2aa7e1056,0.00984913002121505
ck_ec094eb1cbb3efc5,0.002196372507272625
ck_09f8f51bfd2492c6,0.010580919658379068
ck_b60fb9a10d6f4489,0.05095704515249179
ck_3638bc3388dbc1bc,0.10824762252564005
ck_7a58e0cc9943c39a,0.0066074545761334435
ck_37dab6a0a536ed49,0.03782984001801177
ck_adc576690df5b33b,0.03339495934907694
ck_1383b2b1875000f2,0.01071118205554607
ck_43c1248db37a2eb0,0.0016980518475554012
ck_29c11bd68858e923,0.0011473714246481139
ck_9401f9e11f65337d,0.024361220339157094
ck_ce5ed372b1a2ed6b,0.025562159551624615
ck_08b4619490e751a8,0.8458575004075785
ck_44b9125526acb05d,0.014045762110567723
ck_ef1a1de20d2124cb,0.041601657023464036
ck_e5e2624b7fc89774,0.023921449378588183
ck_f5100511609b92c0,0.0016439133905224563
ck_64f3bb17101b7c42,0.02820676380361856
ck_ea1e5b5128ecba2c,0.002678135929775665
ck_516163fcf04d5e77,0.020433632310291387
ck_7f9a748110d70005,0.006064799854056181
ck_d263b55f0a681cce,0.028231304869569183
ck_0e962eacf98a813e,0.003702415969009116
ck_0406931800e0e2e6,0.004035878590592693
ck_0e9b982afc88a3a9,0.9949359558634567
ck_8bbb625384edebd7,0.001176455257247865
ck_5eaeb87bf6207406,0.8441894631772334
ck_cc3318839c4b0745,0.002731762031530778
ck_08a0355d1f1890ef,0.006756756476224314
ck_af7ffd1a822460d3,0.1538363854056912
ck_2a09c7aa870edb6b,0.0035261670466032362
ck_bc04f51c23290bcc,0.0061675021515401
ck_d3a8333cb389f4c6,0.007202400322049991
ck_88e3dd3039508332,0.023132549312689744
ck_b8c7771de9b57705,0.005720944354336392
ck_585ababa02383b50,0.006054029905513066
ck_e988c108754cee9c,0.007167358528850226
ck_4a691892d9d6cf89,0.007812089025383001
ck_7cdce37d895eefb8,0.007336152004483608
ck_483fb981a1fb4317,0.004772764216775985
ck_c1e5182bd99e0e35,0.20667308613424829
ck_9a1e3ec9a1839939,0.010480783099640963
ck_5c3f13de0dbd5086,0.03646436312456453
ck_f4f6f0caaab70040,0.004864740320639421
ck_791be3378dd7d64c,0.023270432350984555
ck_956dd784525f5886,0.04387378932643153
ck_098167eaf124c279,0.018156148810316748
ck_33ecff7914349ebc,0.012798528567447003
ck_e05d44e46c7174e6,0.01208892455089352
ck_1b2ce474fa6582b4,0.0164687215706717
ck_ab581082e8f72e3d,0.002758352529746528
ck_e63256667aa19070,0.04200676906722936
ck_f568772b6cb3febe,0.021306063730440788
ck_dd89a282375bbab6,0.04498462332984564
ck_a39d0bca345b492d,0.004562084495755533
ck_d12d2924d0f7a64a,0.009262662385026047
ck_6a548da1728b5823,0.9772897485217836
ck_6d64193681d2a94f,0.024922540373169832
ck_ced6b6dcdc7c201a,0.009307350034634693
ck_d1b0699d26282871,0.02268993661271968
ck_58f757e40a9b8877,0.02903931532062981
ck_3272c2c4a37d5220,0.3656030244507451
ck_d94dfde9e03c9d1a,0.01537084721339239
ck_08a6d4903a7fbaca,0.016297148287891777
ck_6c72a36b05fa0f4c,0.012840547700735623
ck_dbb4bd4eda97255d,0.010787613238346178
ck_94b59bbc824b307a,0.004184667857523887
ck_0229a07185f15469,0.007631676680131505
ck_11bf1039f8b3025b,0.004104074500718242
ck_36789ca11459131e,0.04368648604263805
ck_8572c5f5c1447c62,0.033113466120808885
ck_9e75c6641939f4fc,0.060515550027587815
ck_b45e47c39d4dc7bf,0.0174645534151758
ck_02903c48b6cfd65d,0.004740802651680692
ck_b153386f1729de81,0.0076372303573415245
ck_36979996f33498f7,0.5933287222097744
ck_3c02d4dbbf6716b6,0.016528817474658612
ck_66c9a19963957531,0.053126231951750987
ck_bae8dae7cfd8baba,0.002620243433739721
ck_bba0ccc6cd968680,0.01522560343593482
ck_3267fe3aac05c71e,0.010692760844216597
ck_40052cac10562cde,0.01069003846034159
ck_d973444855403e2a,0.011412622308916355
ck_012519bb095ad36b,0.9884754840356851
ck_ad7c256ea10c4a00,0.13459630126198224
ck_70a60e095e9b706f,0.0025194242612534504
ck_f2734417c0db4ee3,0.0012675077560717022
ck_9cb89cc3178e0172,0.033910623098846626
ck_779cc0f2de4d5488,0.06480986166438306
ck_35f8656bf93e3b3d,0.021148303484627824
ck_bdd8eba728800e29,0.04253314336803515
ck_002cf760d173f0f8,0.031333214615975956
ck_b046067c6ca3831e,0.006127334949697562
ck_a4a42d4bff8af645,0.004479794423235246
ck_bce253d2396681a1,0.008596496533826981
ck_00dafc060c8de32a,0.017025138835199998
ck_968a99e097ee78c9,0.0323576175759371
ck_66949171b387bb93,0.01795509653552651
ck_ad305286702b1958,0.0019441771444595984
ck_4732da7e0d2dfc7c,0.008466589191231378
ck_17a95bba77217d85,0.02354958120881668
ck_3e2516a3e35067e0,0.00411692288930236
ck_0b615ed566da1f58,0.029124259755694673
ck_d2b3ce1ebabe9f93,0.024075928971111913
ck_a892252e4e0c2828,0.005770736156629409
ck_cf606fd6ebfdf9bc,0.002602341448915209
ck_718865237134ebe8,0.0028185218165048187
ck_878522cb775b904c,0.040689307438602024
ck_9ed53de6ef779ae0,0.003954931470002251
ck_3f16e2cd7e6874cc,0.010211596467969377
ck_3c59df37895ead2d,0.003152554857484208
ck_6821459b626d492c,0.003467926764809273
ck_11c7667920541587,0.004171784778809231
ck_23a016cf6b98d89c,0.029213072347302436
ck_7137eeb394d200f1,0.043219540613950995
ck_9c4886c5c90ddbdc,0.004053922166646327
ck_1422a7bf7756294d,0.9822817483661922
ck_7ebc5fa7f0d3b8f2,0.015712270033370546
ck_fcc2059a8d5c41fa,0.10236793330287186
ck_00ff7389d6a83e29,0.039461195274233335
ck_03129b41457795d2,0.022290634863758065
ck_38ba64efa7c38250,0.030668514006931196
ck_57a6b56b09bff24e,0.005205477936887772
ck_e3b3c5a80a567418,0.0033368492774647745
ck_fc40a16adfced018,0.005031884219807908
ck_9d4b5e6b43bad4d8,0.007853827125531771
ck_61129937ee466b49,0.020759884181229506
ck_74112e47b8629c2a,0.07883265981620956
ck_b4703ee97f94d7fb,0.003648676095757144
ck_e560f720a988d8a2,0.8341459905558728
ck_708fea345f68037e,0.002029137677215641
ck_25394c1b83e0b803,0.13514791627842132
ck_17ab24fe914ae44b,0.0019627761246565406
ck_16c501470d9bb006,0.0022444316942989836
ck_628f449e248c19b7,0.04537914880268701
ck_6d64190623dea714,0.004621641581572955
ck_504a45ee08db72b6,0.009823857323384163
ck_6cbb011e0c70bc7c,0.0031283816802751027
ck_b3225a98acd04f83,0.005926820139906278
ck_aa37993f1c17cd1e,0.04150414599895583
ck_558cfe5f77a55a9d,0.004813157042836061
ck_0d0a1a021efea5b6,0.026062159337002278
ck_daf7aea023b7a8f6,0.017669014120366134
ck_d75f25184ece2b51,0.003024779906309004
ck_466d4b5366c50b98,0.002434751750588273
ck_88f27ab479063852,0.03459272776497183
ck_66779098e78c1760,0.0013437084942845416
ck_b150fe4efb449b05,0.0032435206341370976
ck_9c3aa9f23d01fa1c,0.002777756028360257
ck_6a01c375fc26705a,0.0015962733829304483
ck_002eb6552b504ea1,0.009704450237564506
ck_affa5aa0bff9bb0c,0.007913882210272618
ck_027614eeba8b1a4b,0.00816640957155904
ck_67e075c982add719,0.008887934623080226
ck_399b0d510be98bd2,0.01153961408400421
ck_e9b0bca7368555ef,0.0036277236135129993
ck_59c29d9c57b4f994,0.020000868544397737
ck_37176850ed68831e,0.010735652703516795
ck_a0db4ccca08030c3,0.8969797512396038
ck_aa188e5c25f7f42a,0.010035091695837989
ck_7de6997178207800,0.0020637264299541466
ck_c729d19053387be9,0.042120548146442456
ck_f2d3e3d90608596d,0.10964507408187793
ck_2db3fb565e0211ee,0.0025342527793779314
ck_bed8a480e27e911e,0.023977255223730183
ck_d7ad9921a4d25926,0.03642834877288671
ck_2a59f23fc5194699,0.039962179062220896
ck_63601a58a6120d8a,0.030140857008330545
ck_efd7b9e22c6317d6,0.026832625937258717
ck_9ab42875a0f95b43,0.03173001705210942
ck_85cb5033fca7c846,0.04590782143151053
ck_5249b223000915ec,0.04103039925520917
ck_3efb0e9bf25612c7,0.0038619897315417847
ck_678e74532ac19700,0.01931804508809285
ck_a980b296c95153f9,0.013692693111090145
ck_01ac687ce0d696a7,0.0294627393370242
ck_52e1418cf1aa9871,0.01700680037827996
ck_7d28da4f1dab09ee,0.04211070801998766
ck_010d0c2e6c1657fd,0.05108763884033076
ck_b524f7a2e752b9d0,0.00757514133979288
ck_cc447fcc24a0772b,0.20656549759657022
ck_2cb3c99845e572da,0.007155451598963393
ck_604c710141327a81,0.005598040324453091
ck_8d5fa65717d2e0c6,0.059161517579116536
ck_31199510b40602a1,0.006925065128535121
ck_49e253ea12f4e922,0.024253043725975764
ck_780738e0d71e7e43,0.01190783096161565
ck_2cd21137a07fdd7d,0.008496646212595714
ck_5e021f2a3b66e256,0.02461948802329411
ck_efbc79246e32c66a,0.03336245320884915
ck_9951bd806c13c7fd,0.03475461461808597
ck_7a52674e2806d8f5,0.033002186937669487
ck_1a319e509f1efa1a,0.002068063932042936
ck_c920901b9a4ba993,0.8852205131601829
ck_b71279e807d0b3a7,0.008122238302606688
ck_47e1032f490bb018,0.012162096810028448
ck_192579ecdca7ff83,0.011082500946918813
ck_b1496c474c4a3239,0.002391935640127802
ck_5e68ea2c5e893cf0,0.04661108992898951
ck_f2ecab85d4693b4e,0.01354058201030227
ck_89d7bfc81c3df597,0.008364226302114062
ck_7929284327667791,0.03381871042762949
ck_494ec63c5ce8e150,0.037414988191463536
ck_319b059bb2145586,0.02874690690210529
ck_ccb3767c239018c1,0.00358345698025956
ck_a1c7adfe26e09a8c,0.02158972791622915
ck_0e13c4f73818149b,0.014093215619043503
ck_c285a51ed6214f52,0.018406629304258876
ck_916784595f028226,0.07247242176160876
ck_6cd8e0196365c474,0.009127022769227697
ck_57b657aba4daffde,0.0412671651351735
ck_562c76a3753fc7da,0.2961275286810732
ck_66cfc1ebc9a513c8,0.004994354275380778
ck_0f38d4aed68d7d24,0.017502045953829124
ck_d8ddf5e99f7859e4,0.011378351166222739
ck_41bc3efa0fca700e,0.043895387810712366
ck_40799e129fcf42c5,0.04840817372130768
ck_786f079389126e44,0.0248644839937157
ck_bb4c6b713eb0b978,0.02809000600631863
ck_4f01f7eac0efaba5,0.007973052182273746
ck_47d29c01b20cf69f,0.009974722581508725
ck_bf15a1f8d67a30d3,0.01988160563977245
ck_bfecad7586f65e4d,0.02360172968131477
ck_fc9f16df35190eb4,0.18054637977849602
ck_c09c914e416edd08,0.02500826632372704
ck_c54c5d8e4433b0f2,0.004600692750647456
ck_1694c28f44480e98,0.01846669658703705
ck_1dcaa3078dbb7571,0.0009709527234084295
ck_af559f990c640e41,0.0068145883225999215
ck_9b436162039a77d0,0.04106188770057754
ck_79d62ef181bd0cd8,0.00718209907411515
ck_23caafc2cd34242c,0.012558369486927762
ck_ffe2aa26f597e552,0.009933384796746901
ck_e6ffd0754ac08661,0.0026580359884107625
ck_beaacb4a783db21f,0.0022363270748253714
ck_9863bff41d24ce9b,0.007863150957534322
ck_323b9cc5c49f8ea0,0.7193724979471179
ck_ab3de3d3e41c2082,0.006686133662945765
ck_35c93b2924900376,0.004903743111697823
ck_5a9d5f9901e37e31,0.01645916037411754
ck_782b0be796164335,0.004912789212444713
ck_11960b5f1c7a5e2c,0.00421977522218046
ck_9a66cb13a9884cc2,0.01695267762178904
ck_ba666a425930615a,0.0010417410073193386
ck_40140bef4db73741,0.007193005687451511
ck_e05e91cc180063d4,0.10495305131609897
ck_c7f6f45710bc050f,0.00737483925859217
ck_055fb9f2e1c8c934,0.04939920826336434
ck_58bb02d98e2b9cd5,0.03202461525461766
ck_d9f8efa6a7800f76,0.010217561097312146
ck_69691226c68fd50b,0.2619636724764688
ck_6f2f0396e5b1c538,0.9635966531002448
ck_78bc3f1d0f35ea6c,0.010089815146191315
ck_2d5a6b6636a2596b,0.0031594593923885703
ck_7878545739af0a73,0.0019918985500825435
ck_03c4fa4f3ed3512e,0.003748932530796353
ck_1a9e51d092d62c84,0.2316844254483572
ck_9f3861940d8d873c,0.024141921423572407
ck_4684fdd61c6a0fac,0.013825732854165045
ck_715966f86d5c913d,0.0040813067123403116
ck_77f293d44b4a3d2e,0.044194019337173526
ck_24dae044dc05f849,0.03258400803084373
ck_00b9818e2064405e,0.05849044679632782
ck_c1c2cb49c3c1b0f5,0.1842273903448957
ck_bed50fc64fbbf8ec,0.010372477548201505
ck_4f6ed5ea5ab7c429,0.005319308317971201
ck_458531c22ec2f9b3,0.009417602972786387
ck_51c50c4c443df31a,0.5864953026830689
ck_732d45bd578dc39d,0.008214782054145074
ck_783fe5bc20cd02db,0.038862241772876775
ck_7f188aaa63d1d442,0.00936636539372423
ck_ef307a6aee38d1fe,0.6355732103549387
ck_e37196b20968b73c,0.023786111831060643
ck_4ef9de711c3d93b1,0.020895080333273752
ck_17946516d5df71d7,0.01219881206313151
ck_3534be0f4efd313c,0.09129936529517135
ck_29fbabf855cabdff,0.002662989305551182
ck_191673540d8486af,0.020322436064899564
ck_5f52728d777ff2c5,0.015906423219740964
ck_a045a19369016818,0.9937144347093347
ck_4eadbe7298b15e96,0.011865831386067189
ck_a3a0bd59729fe619,0.003811926007803919
ck_a1e77090b1c6ccf4,0.009421859976803042
ck_69ab9d4784eb77bd,0.014610552870612352
ck_baa47383ffd50f04,0.011525756155090244
ck_e35b2ed08b9e55a7,0.008503846757736157
ck_b6e3af0a5119d9a0,0.04163196259527072
ck_a7c1dabf3869772f,0.05143859762507124
ck_80b8fca67a14e0be,0.2635304610145837
ck_dd9c5f0c42878e67,0.00451721978519023
ck_41ef7967faf5ce82,0.0010899402156166191
ck_a93560aa348d6225,0.031575979406224954
ck_ffe91d6f0bd93fc6,0.07273010913890457
ck_fbf630c960194033,0.019880570038111695
ck_497ed60723283c0b,0.023310404431183644
ck_2a46b7ca55239413,0.010201645647869965
ck_1a4e5ace078dd782,0.018381271247296084
ck_616cc31910f5de50,0.004343747287286241
ck_0d65bc749eb42710,0.017223032034637667
ck_2408db62e4395ccd,0.030801247453714767
ck_5d7721930106dce8,0.016370745324884986
ck_e8a6acea22b20312,0.17472692766762687
ck_e2f792fae128b18e,0.03511934820848101
ck_e6d3ce445b86003f,0.004387801650704933
ck_263334d722ecbc97,0.43570953276164115
ck_8c5b29f6666d4874,0.032951471028554766
ck_7ea0bf310fc20c7b,0.8839020761011552
ck_54d463f7fd89ec3d,0.012444068878362153
ck_79e45040dbdd6447,0.04041577308826885
ck_60b4d59953505682,0.6294587614738534
ck_fb00dd5021642507,0.022768584053887205
ck_f409ff994a210601,0.0417180536646406
ck_2ca0020038bfec58,0.16630258371925116
ck_adf84b9df54c3d80,0.015561501856157813
ck_942dbf632591b65d,0.024612594624159004
ck_454a7e4d859a3409,0.0008287401216951381
ck_2139062d4569aa07,0.0033541591527855934
ck_e949a0f4df0b3902,0.07945359046093603
ck_bb113e3e6716ed65,0.010775432639150399
ck_6a28ea6ce69cb869,0.09771343537038857
ck_7df9910af2bba21b,0.004899013552462018
ck_78aa4b731cbfe251,0.003630969707683047
ck_5839f5cbd8165b1e,0.016858531419078275
ck_7158ad9e58769ffa,0.10200157250369607
ck_acee218cbe61df69,0.022271400902992563
ck_f8dc8473c2772729,0.06802267660830907
ck_f34c93a8173555b1,0.05315004809322871
ck_7cf301d075e4e709,0.014520566439819171
ck_b87e88ee5512ea17,0.006334104310880618
ck_bed0c020b10afa3b,0.021998606971299767
ck_ca10102961f99eb4,0.002361439015880363
ck_393287947b5c8d79,0.014730837403367333
ck_2fe6cac002142f67,0.03689160555303337
ck_79c7f0d29b1db1cd,0.024512105942365907
ck_c735b643d3cbf67b,0.0073200744442879035
ck_ea4332c8fe48e2a3,0.009938553530630456
ck_d39864119cdd460f,0.0065815135588806455
ck_3b963d6be2773861,0.004535648320103903
ck_df39e3b8a9fd0bfd,0.4777045837526945
ck_6236a461dc0d11a3,0.0027963077532898667
ck_475ebccca25e30d1,0.012766061108162145
ck_c10c8bcf5bcd516e,0.052519037593409944
ck_49ccc3716a564256,0.004987719297526489
ck_4e4f99102f6938cf,0.004367049143331753
ck_a97b481ade6f7972,0.0171198081303548
ck_3fa559c679751b3a,0.017253897096033068
ck_3eba1fd2c7acc4c0,0.2042411646977405
ck_18c179b4afc4fccc,0.01482791778458045
ck_cc1c0b93d05b7d20,0.08478664416894165
ck_742f7c28ddd019e8,0.031725352713608324
ck_04470bc93b8a0d71,0.018877009989430815
ck_6e8f8ef7a03cc6bf,0.02027894204086514
ck_eb1ddfc353b4da83,0.008416808185132452
ck_98831b57c7ca2e4f,0.0010446287682738006
ck_a6c7b8d6e8596d4f,0.053677532517333634
ck_cd7d24e3b095e96e,0.13073293056834012
ck_3f5ae4673a9f858e,0.012302828621455021
ck_05f375fc8ae0afb0,0.012377439748136973
ck_1fc98436281ee39e,0.0019842149546938233
ck_6c48c58678f64bae,0.001198388073558709
ck_8c95aeec6a4c75b0,0.005756295979703119
ck_364cde38958b7af3,0.29724486437568187
ck_85bf21aa1a00452f,0.005924596314648654
ck_796d3eaabc667c23,0.9950551556040826
ck_ac449ee0c315edde,0.00346995455773158
ck_6f9fd15ac6b163de,0.006039329806009488
ck_4087065be2a45ad7,0.23736678357294289
ck_ecf006bbc78ee3eb,0.11639483295809114
ck_8ca808cc5a49cb5c,0.020676016918036014
ck_94b90ab8b2dfb50f,0.03525938148324968
ck_59fd11b3232de9dc,0.9062162710141264
ck_67f3794d93e2dd67,0.14486535931730976
ck_b7f5acf5df1bb13e,0.01490405946945624
ck_fb04ecbaebb774bd,0.012299757807570118
ck_68ef3e7301c621b7,0.017983358813144237
ck_41406cfa209b6bda,0.003056768673548378
ck_b0f8f5408662337b,0.0030980212744311387
ck_0d2901bfe585c391,0.05700353795790554
ck_3398551e81dbf3db,0.04066281758972576
ck_61c3e3e277629646,0.007645339222596897
ck_2825e34dd3e7ea2a,0.006284416329636922
ck_20d7571ba830009d,0.009444354570519906
ck_c98b16f9a72a6568,0.0010648838287314875
ck_e7c8a9e4641eb9ed,0.0015754341450251487
ck_254a7c97c36dab8d,0.02576880704470758
ck_e98429675b46272b,0.0036849025039098933
ck_c2fc0ac460786d02,0.08842000791774096
ck_fba15647b3a140d9,0.012850668909345898
ck_15ce50f2704227be,0.012934189295847979
ck_8c748aaa4a4554f9,0.017041528404454033
ck_e00e82a9419ff086,0.049443015137619166
ck_832341c98254bd84,0.028788724497631604
ck_27466468d06db4eb,0.03511408264980111
ck_9d7b9e3ff1f3e71e,0.007138278093150473
ck_42c6973d3a6fe983,0.0012022476466694958
ck_877c85bad118bc62,0.043124179952593926
ck_75d2a2715259c4d7,0.04415655630550139
ck_37d3e5c681a2214d,0.2706115865744587
ck_bf285dd49f372de4,0.021580823418052696
ck_a5bdd026fa9c50fd,0.007014630436972043
ck_88d9244a9cf7a77e,0.5687289249825029
ck_5881b174e49b04ee,0.003306871147154066
ck_5b16d67c5ea89930,0.021057908632660834
ck_b75b936aafac56b9,0.006862109659971058
ck_aed2681e1646a0df,0.051358052370011675
ck_f63cb5e8cc702bad,0.009946551448197678
ck_1805fcfc4a9e4ffa,0.9053560427897286
ck_25c355da356c730d,0.010572808407206293
ck_70396398e4a96449,0.017230107644456927
ck_0f743bd13373748e,0.018842884934784695
ck_4b387765f0e916cd,0.004917434079129136
ck_e971faae8a10a260,0.0036012789933277086
ck_9eb08369e983abfa,0.0027361190048965636
ck_c30c5844512e429f,0.03892284027105053
ck_59e77e3a81f1fa0d,0.0245523325908402
ck_ca4465f2b5c1a52e,0.9891984799370234
ck_c89b9ca398402f1e,0.00380145063992374
ck_36e72ef9273e7a95,0.010524960629515709
ck_2bdd8616870e5e1c,0.0020510161662950738
ck_216e87a41de22b5d,0.05255011447102382
ck_60f4fb44f5efe3a0,0.002108355616730003
ck_05652e8ace6ce6cb,0.0034702451336498866
ck_8c136dc691e65695,0.00046472093105701394
ck_a08f8dfadbdca112,0.005029762511627731
ck_bda4041a3e90d860,0.006789950549520925
ck_15dd3ecaa8ce0245,0.5381326872701998
ck_3e3c64b3b7876ce6,0.03910448930553474
ck_46225858a38b2e57,0.003554258003804698
ck_0cb9f54928f4feee,0.00800074042124765
ck_152671fbf8a9a78e,0.040389581340072506
ck_ee7a515e87d17d4e,0.008942077557295551
ck_f7276091bf513d22,0.002682077695903186
ck_4f05daf1cf0d5755,0.0051168422517846686
ck_83a69c4a5d55ef19,0.02628908883520357
ck_c50fed2a7c9198c0,0.015953299608463364
ck_70d19d5650ddc8f5,0.009895801463016506
ck_4b4d99e443618904,0.013412911626911776
ck_dca0b6ca93311ca2,0.019692023136438364
ck_b7431d4706461ec6,0.008433429795919732
ck_7b59d22cadef3b05,0.12893036273789674
ck_53428573abcd606f,0.025780311187459163
ck_f538ab6aecf2adfd,0.0019182973975183518
ck_d321249fb065d2fa,0.056021302818341674
ck_72fdfc7e6d8e1436,0.0025837077452412344
ck_b52b99dad89ecdfb,0.009205989887613852
ck_d2d4282f9d256b3e,0.00938109319443491
ck_c8f2a1dd8a6141a4,0.004614126860808895
ck_8d38747058d0aeea,0.6572298588089436
ck_3ac528caac74f563,0.01527009911909951
ck_8dbaaa00ad829ca9,0.02517351498562435
ck_7c38ec898f0fc21d,0.004332948174882448
ck_8171ef803f5ff604,0.013654259408811448
ck_01a750db6fc1168a,0.17890938177451096
ck_ceb017baa26e98c8,0.05646380982861008
ck_e2c66c72cc0b0f78,0.042585023960144734
ck_8d9518f64b222416,0.007976653772170375
ck_804c5a1fa5753617,0.0069312075292296115
ck_fca7cc9c42695453,0.0046131568362690195
ck_3a632cdf2c19051b,0.022071045576036463
ck_b2b63ea65edf1dde,0.06019762945029039
ck_27b07021500ee841,0.015082734570374047
ck_9724718fe64c6557,0.9531782958243387
ck_2786cbc3e75ec034,0.11745399025479558
ck_d9c2622cb6df380b,0.007857044547930667
ck_ae1da8ee98e402a4,0.01949533178605942
ck_62967b91504149f9,0.0051855125377994644
ck_6b255bf68709109a,0.006802738699586768
ck_c55afc68421d85e2,0.005973731157435321
ck_7c7266f6ef2a8466,0.025440858936724105
ck_885cf685a9541190,0.7758999882563142
ck_1a4bb7d3d2ee3227,0.018180032390740078
ck_b4911c42f3bff740,0.002123785491603332
ck_66f9f78d4c6a3edb,0.023989118577094366
ck_49bdba9ee1899dfe,0.015594726731626025
ck_79b235d51718435d,0.025501472728607685
ck_d840db8cfe2ef6f1,0.0027804600284802587
ck_610c7bcc1cd7ecb0,0.015606185771913065
ck_cf49b6544aff6c50,0.3029909218538951
ck_de05f97c3d40dd1b,0.052851664743973154
ck_0302f67d75973dce,0.01717696023487731
ck_54c2604c9ca6256b,0.01889520047404329
ck_a1c88c0568f142d0,0.109442432686297
ck_5d72ff6cc2963d1a,0.0057365655740977085
ck_0446920a1004c596,0.0017976461859158294
ck_71044c29ef071570,0.009958290008397017
ck_2122e9bb1afffef7,0.009110206792055226
ck_d1e3de178601d3c2,0.04729584353896288
ck_bec8324a3587ef04,0.002894414698984325
ck_b616b6f45225f319,0.070445890214271
ck_ce1e695884511479,0.03773784495785787
ck_a662b4bf900781e4,0.0006878755451623533
ck_b5a84c5547378c10,0.002825585526897255
ck_f80af368cfc6cb7e,0.029353393406902652
ck_da3526ab6c5c884a,0.016053083657216027
ck_bd20be9a3392d79b,0.006436911150277131
ck_b8266dcd90cbfa62,0.002207306071443006
ck_ac84b33304362c06,0.012292567969729731
ck_794d8935a895e33f,0.02187777092014391
ck_8fea7d915259f1be,0.005854997873968755
ck_7a1519ad5ff45312,0.0013918040777028073
ck_9bf3ce30b65f75c7,0.03839515198930466
ck_5f864d72d1eead99,0.0659378594466263
ck_3c48e0cfc2a58041,0.4264359204055629
ck_d902183f80cc81fa,0.035805246927269066
ck_539cb0d117db8cd3,0.15216932902041708
ck_28f530aec8e77130,0.04326187674043022
ck_e7d903c50d353361,0.28671956972772855
ck_d288b77d1e227970,0.04427169326679725
ck_017208fcc01b5d40,0.01185623435121028
ck_7e3923d278a5106e,0.010959994537675164
ck_9700a00ff9e66216,0.04089222009537972
ck_5c36c78b7a4d138c,0.02037523338423592
ck_c457e9c9224b773d,0.017478938311335825
ck_1dfa91405d7e66bc,0.005761134547959634
ck_f1d8a2695a575e56,0.010696960240127437
ck_3b92a46daf8d00d2,0.01399343123586069
ck_aab23b5470469649,0.018059162716145234
ck_ecdd01a391610d99,0.008287675368632667
ck_abd3aa292f8edb4d,0.03379330108583237
ck_7fc9a0776e1339e3,0.0018222496890787053
ck_c0389ebeb0e65cb8,0.0033421167024605364
ck_48d0fc4f6a2109fa,0.9908349621106884
ck_571dee4f3336c7ce,0.013744283974099231
ck_4cedf26628c84f26,0.039953037738280274
ck_63356762d24aab81,0.013938304726269436
ck_2c5bc11bb7ae5d2c,0.9389085433950128
ck_6d26a152f900fee8,0.004121152996606306
ck_c972b0e781efed3b,0.002850184506089408
ck_fa0ecbcf9a33d6ce,0.002985142934993272
ck_fa3a766e49dc77ae,0.009579093658499075
ck_7baf1e55db0dc558,0.020739173611335236
ck_e8bc49e6494c1f37,0.0021544685138914278
ck_8ef1d05cc1e53e7e,0.031625241840038974
ck_cef2a485a77e0723,0.003667423137920987
ck_228a583f23abff48,0.014304161673790998
ck_ac32c6e374782b27,0.04055020010224407
ck_b9485218cef413f0,0.002644203017562914
ck_7f15503048915d6f,0.003313555351247935
ck_b62f5144db15ad34,0.03663251546378341
ck_917d82c552f95a23,0.03352659785536076
ck_fb4797045077bc6d,0.0021686652408428922
ck_2cf8a44e041217de,0.03218297061468106
ck_b7dd681eb3d2ee38,0.002593181772702481
ck_e9e8cacd2fa35e79,0.017359324945493866
ck_342a79f91de5d1fa,0.0329726894237659
ck_2c91f62c05685ed7,0.007032904386237133
ck_e30cb64302939f38,0.0313666468113288
ck_d0e95b90ba86da10,0.011046689680383161
ck_1774faf414a5d49d,0.9148838660105364
ck_2401e8ff89e574fd,0.9114022836994877
ck_0cd8802264e0a1ef,0.009627677273938142
ck_da84a0dfe947fd3c,0.006994051395608455
ck_c8affb27ba7fb5db,0.040582326494715
ck_bc7ece8787ca7200,0.005275465830531678
ck_469a0578d05990c2,0.004617839159310645
ck_eef67f8dea702338,0.021478763225419386
ck_4f490e379e9ded9a,0.0028913747003727276
ck_354379de065a8ff8,0.003583622304184124
ck_5db1cb368bc41ac3,0.021341124945111756
ck_9b1c3742dd6fcb8b,0.019140580162284836
ck_63ce4f44c92d7143,0.04527416877036984
ck_e15e3390f5ed45f3,0.014727157443148535
ck_da645ea91d66aa6f,0.3196934561761951
ck_834ca727df855f07,0.0970821898032824
ck_e1d5ad20c737c745,0.033684404024020766
ck_ff8059ae5fa5f1ee,0.0013169433826383887
ck_8bb9e75393954a1f,0.0018453644700642292
ck_4e1757d1347ab387,0.9839450705567723
ck_af3f74b1d75a5d95,0.014984940833883208
ck_6b1ab0742ff04c3e,0.03335250483274712
ck_f56073911c9f1ab7,0.0033236340335263603
ck_51bd5f69b4fe0b92,0.6920441613439667
ck_fc3d95030b81f416,0.0012113572064238359
ck_cf78169633a1600f,0.0019073607407646687
ck_ad7269eaa65c67f9,0.017286457680385524
ck_cc6d33890d47a6cf,0.0304086120518755
ck_bc8f31f4a2ffa1ae,0.006770899138756951
ck_720776a46e56dfa8,0.025295330367222115
ck_e2d1f212f259539b,0.009460949312966076
ck_eaf6f7082c3db2bf,0.06623085797678596
ck_773efe58c6278c3c,0.020054020025363783
ck_c4a72c09f2fdacc4,0.015154706430603179
ck_8982888dd6611143,0.002894315223151872
ck_9d5049e195eda029,0.012359287787017403
ck_de58ef6f9fe2b546,0.014679073463869116
ck_c0b50c11e4f5adf7,0.02484207184596734
ck_ddaf228487858bb8,0.020618207926041528
ck_eb2323215ff70362,0.066034716692267
ck_168c96a1a636ea15,0.007969428519445518
ck_9c46711b14d9eebc,0.003629560301533514
ck_de8af660806b97b5,0.0016853454033957202
ck_6ab83f45bf16eaa6,0.0036924601651577376
ck_bf2228a052815840,0.009285124400891298
ck_3f943f20a9da9bff,0.014175799799060869
ck_3baae40454c00938,0.011893599591678431
ck_bc2e771a1d8d2dee,0.039509259066770844
ck_e55f5ca37f30ce8c,0.017756423870532972
ck_4ad5937bef176d89,0.0019986893464993697
ck_126531a9126c17c4,0.001815049502204008
ck_7ec423cb56257516,0.025026713129831263
ck_54748ae0f2daaf10,0.036362034601599126
ck_ff24776280ceeeed,0.012462219684548916
ck_3c3a1a1365741bba,0.005460181748608939
ck_615277c8a4e2b18b,0.016690044957989723
ck_a96aaef34173aee6,0.09514088177640868
ck_bea56db7f3e930e8,0.004688848846523982
ck_ca491debd3b32a59,0.027872575994453662
ck_d9ea77f4114a389c,0.003248243898831993
ck_322ffda3332d08a2,0.0493158235660448
ck_c40ffefe4e30b001,0.03493778035395169
ck_3b1d7648d4580bef,0.004204769333001887
ck_23981a3261674131,0.010426187655280104
ck_11667f5b9fac7bc7,0.0020097736310474377
ck_646bb3c7be5f0817,0.02214533566339368
ck_ebd0a45712dcf07a,0.0131125238512768
ck_baf43bf1bd963f9f,0.04732495790295935
ck_e0ca2c819658f6b6,0.9848005706089404
ck_f0d6633d0834fff5,0.025900497563498392
ck_91081be0254878a5,0.060466991087977255
ck_1325000bc7f35b5e,0.0017141362954897965
ck_c624b9063400fa3a,0.03131983544016905
ck_0ad6fa0e23c3bd0a,0.09536509244337164
ck_6ddb55b1f23c6cb1,0.014036830547985662
ck_dce1fb3acd65562f,0.0019366884849563266
ck_a9aa389688ee5aea,0.013647610407066496
ck_5c5284c45d9ad8bf,0.04020736891909052
ck_9ce743dd3e92549c,0.04310676976575775
ck_8342e08cc2f9bcb7,0.006850025215558223
ck_25e551a0a8d2fcc2,0.06453894620396561
ck_d4fd0e438c97e0c7,0.07109719814685994
ck_ac7fe1c344190c50,0.015163571112586911
ck_ddd65711b5651f89,0.0024050081353805567
ck_ec7406cb5cbc8f10,0.0059690856754843835
ck_1c65e8d5be3b9c60,0.2502180209507163
ck_38ee42f15a573e81,0.024026664927088368
ck_0e5385c70c6de025,0.007336165485673068
ck_d3137f0f7629040b,0.007797612849544661
ck_9129c92c12e0c8b4,0.0011225466175299622
ck_c86520a00e50a926,0.02907775455523462
ck_87f82b2b5fee757a,0.009564355199218751
ck_643abfbd7548d0c9,0.032381781616781076
ck_be51f4e5e6b85768,0.037358305159872054
ck_132c16312f37810f,0.005629566235647718
ck_c78c096ca8cb33ac,0.0022353932720601453
ck_2ce5afbc014763b8,0.07844994448919282
ck_50ed8f4e7ae6710f,0.005332534440867691
ck_5a4eb535c9a11993,0.01075496286438055
ck_9b665ef46d785324,0.005487076625210125
ck_e066f71f8b296b7a,0.004058890209463012
ck_560bc6017870ab06,0.003570630944923963
ck_fd78f8a8663646d7,0.010227078536252508
ck_4af5ec61ddbde1a4,0.022074752021182246
ck_c2ed04a9d218410b,0.006137399432945915
ck_2455d43bbdd2bb69,0.010713662273173366
ck_56eed7041add49a1,0.340552439777686
ck_5f0be7b468a72333,0.006906965620384061
ck_19660cec756632ca,0.004859070730708414
ck_fb90408f4892a21f,0.016712576350467048
ck_833a65b86a5d9bda,0.0019387061762065152
ck_2ac36e1dff211d38,0.011641585607119847
ck_c00e70606904539a,0.002013453415666146
ck_ba8affe4b9505a95,0.4896531847932313
ck_0c3dd22587b08018,0.020913960707581
ck_618c4e5cfae99dcd,0.05408423317119296
ck_c9690baddfc4177e,0.001111471209785877
ck_59fae092fb0c4aa3,0.018098669496190593
ck_e03b7d0fa0b28f4b,0.009306100041338044
ck_d451d24c780b5884,0.009437580103509851
ck_e980d325b8dbb8dd,0.0005833303136681793
ck_cff18e2d8c520272,0.0024011596643306815
ck_a0e46b67e986ab56,0.014368215438592128
ck_3a469039a5b9d963,0.00982167444974997
ck_12cbb211ebd2b437,0.04565507430013144
ck_b8cdd6d6dccc4554,0.003044506820241092
ck_794ba5921cef50c9,0.04407469032985169
ck_2c7667f64edec2b5,0.005251981216175944
ck_7262b4e0c29c942d,0.009059840288984662
ck_5d818522cbfe2a54,0.060183906453982874
ck_de39c1947fb675ee,0.014261146408294527
ck_c021495606b4735e,0.006561936290756644
ck_1fc03ba33edd9e67,0.046566718338581295
ck_a6fe344bbf67f14b,0.010993287149856305
ck_963762210edc5694,0.024561732605388298
ck_d064428b7e7dc409,0.00937854510310523
ck_59be61b53d971611,0.00453316616657835
ck_ec8738ec663cd2eb,0.008857305410589164
ck_59d086fab5998646,0.018395763786815112
ck_bd32dd3b2cbb7888,0.992295720921331
ck_ce0166addb93bbad,0.003977530016899466
ck_7c0fdfbb447cdc04,0.013465009536333937
ck_cb1bd7635968ed8c,0.11452223850586275
ck_66f94903177f20eb,0.008319278390078956
ck_1d7cd5dcbcdafd7b,0.27939159756092574
ck_5e418a7c04437b4a,0.04360148473875573
ck_631ea1ae91ab333e,0.023678872658699508
ck_0a8029e79a5ae7ce,0.02520664360782061
ck_c4cca8278bdad9b9,0.0008233198901985817
ck_4dec3df58077a257,0.0458906591053829
ck_609c249edd88c565,0.006535258192138214
ck_02e5f9cbbbf2f078,0.009519859409835947
ck_32e486859130458f,0.8558727256739906
ck_21ed2ea6386c5a07,0.0015153151002440875
ck_1242aa4496576a99,0.004940778303285182
ck_475ea9aa6d3898b7,0.04527105543868762
ck_fe1b1adae3be70a6,0.5443134232150921
ck_c5414d7a8031d4f5,0.004145827352570029
ck_ca1f6f01868e978f,0.014133730171648153
ck_5eff0208c74ec714,0.019359763421383964
ck_a315c9619a317609,0.02390164961751759
ck_2b87683c90acb852,0.03635095809415444
ck_7cd9f39c50748ed0,0.007140524290470197
ck_16a06d58d71935bc,0.06373413796462585
ck_d116e0e7c19b878e,0.6175321637625956
ck_931510e384b1d0cb,0.009600676046582005
ck_e7651fb87bb24132,0.002279860729514931
ck_88ef9f85948e1a01,0.002412809716180732
ck_17bf38d51115a8f3,0.004698173822533385
ck_2659d1d3762a2825,0.017689025201531948
ck_a7285955e2852686,0.02458381693280791
ck_f2c33d5b65b321db,0.024802235907249663
ck_83e5979334345622,0.01655175508373872
ck_629537d8b4d0f395,0.007018206730738937
ck_72022008a92c9386,0.06268425099173479
ck_2973b8274f0bf69b,0.03793571611518887
ck_565e3418d2f4061c,0.009715411288281553
ck_54bb53b8f8ea32ae,0.9888881850987246
ck_af0a6540ea7a36b2,0.004323316428269035
ck_888651bfc2c8cf70,0.006963229077001769
ck_1dedcb48ac381a1c,0.22455533886031576
ck_f73273e220296be8,0.028421348362203634
ck_8424bf65223a5a9e,0.003694486303508609
ck_337b930fd149a696,0.007715400882202181
ck_8a4952de8a123ef8,0.004350184862253875
ck_884168153c9c0c81,0.006711916771464692
ck_fdda581aec411010,0.0017837507942266434
ck_2b7cadbc8b180d32,0.8177272172581832
ck_8aa8b9968233a1ab,0.0020529935912037686
ck_0af18b3ce015d294,0.005017236989716412
ck_8dde670a735d1e90,0.15956546504836866
ck_62f46226f244139f,0.03136859331090841
ck_f948e8a8fdd79b4e,0.01795578742210583
ck_fa00aa0f3e859904,0.023305289158995986
ck_fc7935f784a4f249,0.008213954076082592
ck_e7501307c0698e5b,0.021858980122829726
ck_549ed417f2834cee,0.05341418397013016
ck_fb2a35571ec719d4,0.08353728483369013
ck_25822068c86c856f,0.0013718202856677114
ck_8f35d229b62c8f23,0.006953774045924715
ck_bdcf049c1e7d0c95,0.0038730107811990543
ck_0aa9db36eb16422a,0.0017258566280802634
ck_42dcf92e9e016922,0.039961109985573305
ck_42341cf31c08c981,0.013500578640592259
ck_0b20bfc515ba42a2,0.011693360785637704
ck_0ec820b670d48098,0.001554151514286245
ck_1f0bafec397da8e4,0.02867588256070598
ck_82f07504ab59ed33,0.043119518354713546
ck_337b24a474010abb,0.9938209567357444
ck_703703bda38fdcf8,0.012697667721493725
ck_01e7960c63dca3a4,0.914316012089745
ck_be5bd81e3715cb8f,0.7441298415898079
ck_197f8058cea1fbea,0.0008728627935769521
ck_eb3fb1106f2f1b21,0.05943646021708823
ck_658b4b54be09a4bc,0.9781871161166146
ck_266ce7ccf41ccc50,0.008858083772280046
ck_110608c3b03d4038,0.5616080014585209
ck_1be8cb95d6d9bbf8,0.0012943796915307873
ck_8e16a64a776afa82,0.42871157266649973
ck_34bd190d37eda534,0.06488264464193211
ck_4f521611ae14ae66,0.0032516958820688205
ck_d839798f9520363e,0.08754933099411194
ck_d1bbfd246c0ac9d5,0.033387827339934235
ck_f19030e6e85a6776,0.05763152098707472
ck_cdabe60ab59f9d5a,0.0038304896368732727
ck_bb84b2b30293f566,0.589210647247314
ck_427b91925952cb40,0.03483035887928875
ck_1078b1e155b5b640,0.012537819102371495
ck_95fdc264eac72fa0,0.0035134659125751087
ck_e35eb857c61548b2,0.801718484921568
ck_69bd0b1abea7e1f0,0.3188104115410526
ck_59de511b20c842ba,0.03324581479575435
ck_168e7ea341a36b80,0.0038073204051450676
ck_4937cfa6526ea138,0.01922464098961132
ck_bb1a981306b750ac,0.08605053938949622
ck_f42a43e4c3f34ccd,0.0024461496562601225
ck_c7ae1d4b3ab38185,0.005392087921947532
ck_bd23cf9bba1dd33f,0.04264297468860026
ck_0fd826fad7ec7cd6,0.031605049727121914
ck_f143641bf3dd0414,0.0410463950070073
ck_ad6d48c20a3688a7,0.0024178521928660355
ck_7bda5b5b927b2905,0.05671528564990007
ck_a337eb38eefdcc88,0.07188516868659607
ck_403da2a2d800df9f,0.19527791364304936
ck_aa01d5aafde73d0a,0.0028223403015764257
ck_494954023f0eb309,0.03413623518577704
ck_1c6820fc38135ad9,0.012502097759531133
ck_0e0bab173622db9b,0.05265327271682694
ck_547090bf35a3b243,0.010618534777097077
ck_d69455220b21dc9b,0.007656024977533572
ck_90b4ac695b9c6bf7,0.009665054710974348
ck_8d2afe17c0082e6a,0.023673551286635293
ck_926b81c0ba528eee,0.013537743977081441
ck_ce36b0c287bd198e,0.033264884572481994
ck_8026e017909aaa6c,0.005552754816722837
ck_dfba788f35d4c372,0.00410621190794183
ck_f09f9d0e0886e0c6,0.008714462932913721
ck_4ffe0366df388604,0.008978428157253101
ck_75bb521de55644c7,0.009000380193261645
ck_81a960fddf79ecf1,0.9178075670790703
ck_8f43459991ea511f,0.005938810716836237
ck_f878b68d66fbfd4b,0.0017419262917396452
ck_e84abfc0c747c9dd,0.9440102362510904
ck_3ad3fd3cceb56b66,0.9224301484902568
ck_7cf562578c7f158a,0.004324559372657131
ck_f81a97d350397306,0.038508801509303636
ck_255d87b7fb40caa5,0.023987709164274236
ck_b3905153b9eee924,0.008149191924791925
ck_2c80a592fb4cd6a3,0.005772791319267511
ck_57deb202d4188a29,0.010964348906025264
ck_e3cb5f31d8e94448,0.8954864145118185
ck_0db62d5f7f75f80f,0.02399728161568468
ck_ced9163ea85589ea,0.06294315917151341
ck_e16528edc694fb33,0.8429202038417803
ck_78cc5ec4940fec3b,0.0041309458461393205
ck_31742076e9a998f8,0.05119212621590023
ck_5ac335f02280271e,0.03671714411165338
ck_7cc2e091806cfa5b,0.030518738357873047
ck_3152c7115257f084,0.014563493454690065
ck_ab1b9d019921bca7,0.008962835854657736
ck_c33a762d98f9b290,0.001996652168430563
ck_b16a7c51b6f7a6b1,0.045490600134701645
ck_97402a153348e68f,0.005768086069038671
ck_95391029a21caa24,0.02305893536219577
ck_c2015a1200971fe9,0.02911330735262484
ck_ed4427962c68918c,0.9570502364014395
ck_c5e4a17d3efb19a4,0.24781003107265326
ck_8aec3d3dd51517c2,0.0028988790605174175
ck_f5178a658225d8e4,0.002585532240669399
ck_8594f165e95316d2,0.0018470638993237202
ck_f0c4aac04076a6dc,0.014250109539922045
ck_ac2f7397801036ef,0.01730055674418749
ck_d1ea4bcc407c7d5e,0.012809127641209249
ck_cce8b6657a538fe0,0.025395209173123323
ck_66d0c6d6b67a8d58,0.003566098675030188
ck_1a6b30320835e57e,0.015830559565667656
ck_8cd274cc85aa35d1,0.029102566904235794
ck_ada46085a78280e4,0.012088003929947595
ck_ce1b06623e4a815e,0.006434357337382151
ck_45e70c8a9686580c,0.04116556894260265
ck_0084d8ab6b1044f3,0.0037614600589594344
ck_a5f7b6fed6df2aba,0.07416150940055233
ck_94940d783e7988e6,0.008860031758176425
ck_00f9ca84d1d8ae7a,0.0018421392440624365
ck_0deb56f3f6452818,0.0034727147916118776
ck_a58e900469dfc3f0,0.010737335379761492
ck_028c41b195280980,0.009491249518885442
ck_7661d7ceaeb19f97,0.015694381933054648
ck_6957905a65c47879,0.048756663981417966
ck_f7c6c26ef3c4ae06,0.012459527832601812
ck_8777beb11aabd66d,0.01200097093626604
ck_7db098a17374bbf8,0.9493726372970964
ck_66aeb00e44486cda,0.14338218534415376
ck_838c52cc1d315ec3,0.016387713542527448
ck_1745847cd4e5dc83,0.027331355626198237
ck_201687857ec8b3cc,0.03506914848128655
ck_81818169208a8cda,0.05308049874927215
ck_3303fd3f64632c7c,0.05246073176639075
ck_edf1096809e83ef8,0.0018103938733078982
ck_235ce9603c7dccbf,0.06736057803498441
ck_9df7e153868bca13,0.00633591849687732
ck_3cfeade2cf270fee,0.014694959100492004
ck_982b0bf2e2b6c4f7,0.002374835256534273
ck_faeb0da678bb86c0,0.005358143365429878
ck_e86ad2fe815b6ed9,0.00869584816018822
ck_70d69e5d1bb99e85,0.01576716324229429
ck_7e9a8924eab779e6,0.9824544681945111
ck_019d5891103e7da3,0.00545659258332247
ck_14f0484b3817eda5,0.017733915706161577
ck_85de63d278f0fbae,0.0011738142435397314
ck_ae91b4cff57fb3bf,0.01087105939493267
ck_2a6d43b9f883b78e,0.3154036096530576
ck_7a4e3d553e8ab5b7,0.11812877937218308
ck_fdf89dc69f700f84,0.27470640693253323
ck_f92e04024bf13558,0.0015638803314875654
ck_4a522ca2dc4831a0,0.0010995532670642157
ck_68ba25dc3385fea1,0.12693015712042566
ck_22128a4f0d033422,0.011293191205002473
ck_5b52ee0a13c71590,0.0036170006957067327
ck_59472d17debedafc,0.019865070603111473
ck_9dde2c63acda3ba3,0.012428241095691555
ck_7510b1023cd08531,0.02321072711732361
ck_071ddaaf2e4e3671,0.013921179292679138
ck_1355db6f4010232a,0.013807380758991785
ck_0a7adc2f27f98510,0.05102022924078471
ck_68250033717cd59e,0.0061047669388373076
ck_7c12de74de30b788,0.32495357318471385
ck_65491367584c730c,0.03138793427634534
ck_e9047964952bee70,0.020720360391797813
ck_5567779d6ba184eb,0.020630136715331256
ck_d6ea026357ec6477,0.015573746330873963
ck_cd7dcc884e283746,0.05645423726755417
ck_0bd77fea8ed75a15,0.018722373694702983
ck_e80883208e8d0453,0.009964889828400658
ck_2ad0ecbacd5acf8e,0.8579869649127613
ck_6c1dbee7e8fdd5c8,0.0057690972827144
ck_ee4d9a7449515908,0.004851480863083042
ck_636111f7f030496c,0.007483756345594585
ck_2c629c657f73941f,0.02172617152161601
ck_c1c9d3842d758420,0.09430321982228569
ck_e4df7faacdfe8c40,0.04027823918933683
ck_94e8142728e44380,0.03130455537309561
ck_765aaf42c5088545,0.011879370279897323
ck_e0f845159b6e6a4a,0.019451875002350585
ck_5bc07deb82edbad7,0.003155824348048267
ck_713159c5c6a7a4d0,0.9933600111581776
ck_b08afc91d9ca55db,0.011339277549666614
ck_a7bc323ffed2ea97,0.16291416737115352
ck_85ca825f905a34a1,0.022471654431786947
ck_33160c443d4b3f19,0.019470933234834252
ck_832d39c590a3ca75,0.8357762328018015
ck_7d1661a34164406e,0.9827214065217588
ck_c2466fc40fc9d5ed,0.987846308808097
ck_ed0e776c0926ce67,0.06023760801522495
ck_cdd2ebeec75bfa69,0.08492990475418363
ck_d7877684c7923ec3,0.010941987185707505
ck_7384d4d2406aabf4,0.009991329640075614
ck_b8e5244e650aa81b,0.02451169149358792
ck_25a1ea40b2d59254,0.0029064771675949017
ck_b9e5b318ee4de68d,0.004796854999354277
ck_620d7ae27af83cea,0.010255321500002784
ck_40b4e264d1a12b83,0.9015206192539021
ck_b694c803b62862b3,0.005465563797362935
ck_cbeca201dbade3e5,0.03247146813703069
ck_f9b439c9161c3e52,0.0036977189625401166
ck_9880410fcd10a28e,0.0038998650428195285
ck_74928f5f91aa12b2,0.042483864393604256
ck_b6673bbe61d2680d,0.012652426147197589
ck_53c8315b5c30acb4,0.007605925456599752
ck_78f01d78ea79642f,0.022577299777324353
ck_8582490d6e365a63,0.012620348049833748
ck_af25c72d16299258,0.0031150835949817386
ck_7905fe8e257b0449,0.10817365639196463
ck_0d16d9349e4a9e08,0.018072852891915438
ck_31b16b8848584e98,0.01951981982549476
ck_67207e3eecc02d76,0.021011400852653968
ck_e6b95ff91116a592,0.00810288315528257
ck_c08f622bcd6de6e7,0.016478821923422704
ck_f9a68da9e0f0bc85,0.0032046672242223963
ck_4072b59388976896,0.013982280848228291
ck_8ec86e853ad52828,0.09546933443213171
ck_4fecb87eaffd5cb5,0.006182041117395599
ck_d6880578428b965e,0.2123085772380863
ck_bfc82b3c1c9f2897,0.8299419687621559
ck_c340644176ca03e7,0.025856639284142495
ck_321e740066fb05c3,0.634711557262214
ck_8929d2eb09872052,0.03725715552016978
ck_205c107cec528414,0.6500844564505556
ck_e76db7d2562f9836,0.01746877295970731
ck_9ede51c8434cff6e,0.017624612149507814
ck_492e4b89c61b7b6c,0.008708015704190934
ck_9385f5a1eeebefcd,0.04381288157178005
ck_ee52c7bf88f952ab,0.011362844774669568
ck_d8116c34302021d7,0.001148121475875233
ck_01645ea51972e99a,0.020747074492784658
ck_7b45ed23304a854b,0.0180923872948396
ck_2096d32f3d497ea1,0.15035977880525955
ck_dfbb2056f1ef7d3b,0.011587082650049697
ck_938ce30c864bc7df,0.0014965375445296302
ck_ff30dda2c881a4bd,0.30900210490508995
ck_f88c79186a082beb,0.016495785295896702
ck_08c7bb0f9851cb76,0.11805143968412186
ck_2675e7a008e584a7,0.037072233140566686
ck_cbaf8a954281d4e3,0.9749735970626756
ck_8b24eadf6c72b30c,0.6668611634322494
ck_ffc8e3c1377d0706,0.006682391691338106
ck_5b59e859bed5b40e,0.01997804201419274
ck_7b61717f172f9317,0.9050729262246587
ck_e5c30947b732f661,0.05795588512445184
ck_bc273f3ce79f7e1a,0.01034335357434549
ck_f69e93388b3028cb,0.27414931652506225
ck_3837ad850996ba60,0.019127848572116007
ck_36d78ff3bc033ee5,0.005247117019641137
ck_5e20953547ba4135,0.08652796487405601
ck_258d661e450ac870,0.007780597362498174
ck_1df66f537496ca59,0.04110384867700825
ck_361f535599110201,0.006427470605541138
ck_337e98c69f6e7886,0.010625644706126813
ck_d3d5b2717cfc3913,0.04909005643862256
ck_b1dba768dbe7affe,0.01601710735076186
ck_92d782bd9ce0d1e3,0.012770205329883147
ck_26bd0f8898afc8ba,0.0015154355936235157
ck_7916e53daab36745,0.12125407908734767
ck_2caf553b31831a50,0.006836395770940775
ck_c6200734c7f9b2f9,0.9573567399333086
ck_cdc55623cb16e6a9,0.0037621199450218446
ck_57849e15b61c43b4,0.005840588754944403
ck_b7af9b2ee0eebbc6,0.0479723868699468
ck_00aa5fc3b3bc66aa,0.04891296586421553
ck_9929723f65636c7f,0.9920692658036047
ck_8f6cce9f69912983,0.020241215768628407
ck_c422ba389ff00781,0.0026739410654868486
ck_9ec7f334604a228f,0.019335184497767624
ck_5d01200ba3341462,0.010414031510040125
ck_2bf10be403849c9a,0.007891607589855468
ck_6ca018259f70858f,0.0070075340072665755
ck_a54dc042ebb7c766,0.0911074564616055
ck_79da63fc100830b5,0.01737182979284727
ck_67ab6f9e05c85085,0.00852637741804696
ck_fa80da579ea9afc0,0.0076032401252808905
ck_4339f86c87289222,0.5655618846219099
ck_a2299b4f530be0d6,0.33662897869903996
ck_19db0bf788697c2b,0.011633623243294896
ck_fa4211c4d826d830,0.0007595869965684455
ck_96100d5e8e051e91,0.007623643752295887
ck_5c3a671883d58b3f,0.0006358999013254306
ck_2d9524787cfe1ab3,0.26138598216602105
ck_47ab8e51e5b3a2d8,0.0019784033856900117
ck_c924f36bc1bbbaa3,0.009413173215693179
ck_5c58e7f8fd55e26c,0.0028728957053795684
ck_a07e7409d6d5aa06,0.019910380250280545
ck_c8413898f5f7cb7d,0.051430855215991
ck_577c816b41cab002,0.8172353218881507
ck_9f7807ed64cdb728,0.020502629429103997
ck_495d814d6d6d521e,0.0025089734821021202
ck_7aa8bc018c2b003b,0.008573834297331748
ck_7c3a6a82f3c3241d,0.005919602554954069
ck_487f7fbc290e4ae2,0.011907480761093802
ck_e556c4d36aadbe03,0.0031766935645371726
ck_7e6569a1b2455cb0,0.0013791298361825839
ck_de2924955926d046,0.017167057006979135
ck_73d60b4630e3937a,0.00447385951128132
ck_805ee564bd35ef15,0.045610522865177014
ck_0d40961e47797027,0.0055250660246754435
ck_f06d00a4f9c87d80,0.0037792946366450326
ck_5ef50fb07b6737d5,0.015222780675763537
ck_16541fc15683e21c,0.005750797157275023
ck_09fd43f1b7e2eca2,0.0020914492085721908
ck_2a2c336a69b8d68d,0.06383495435667164
ck_2685f38930866af0,0.040619295986624726
ck_298278a9da874437,0.020458681692778674
ck_00bd7803f2530c68,0.021083960633740555
ck_c2b4a1d8c0b6c1cd,0.0006010446183142846
ck_2acb54ca20c3af6c,0.023695533175868574
ck_e3d4b6f681c783ab,0.02893784788161273
ck_f90293f1eba5d7b6,0.0534456732949965
ck_e69d27e8965df0be,0.0011374870056538727
ck_b7f5d10b427346ad,0.003922099518420771
ck_1ce20e4223a936b1,0.01202358662466297
ck_6b97d1ab90f6bdeb,0.010070871924677776
ck_e30e17db5473c7b2,0.0016451140002625934
ck_154c8efb19dee665,0.004755323659325903
ck_6f5bb0c930644cae,0.9978150360800633
ck_9e17699baa83d173,0.0014959943746008593
ck_9693b1eb70880205,0.007970413004389686
ck_1e97899875bb427b,0.009447443871904729
ck_558a82590f65df69,0.0019840446437285374
ck_18df83242ff3cdbb,0.08334099029663722
ck_80ad4396e1084c68,0.0410489554416621
ck_0a993bc947bab61f,0.018735955991443776
ck_5c2d43ff841632f9,0.00449707432538503
ck_6e4b99fb9725d9fa,0.015344593381581714
ck_e0983999ca26c19e,0.03978314343809963
ck_6573c4947cc8607e,0.03259188715410104
ck_d879d645d6e44207,0.009115974503707326
ck_1375ad9f10688e4a,0.00345308233975888
ck_7501ebbf4e21f160,0.013078177574158715
ck_ca60d61cd4dc3bea,0.0021645685010126675
ck_ab9ea095a5c58b4b,0.014343579677463903
ck_23756522b58df5d8,0.001417269672285758
ck_90bc176c43d85fd5,0.17261318631744327
ck_908b663b2dda94ad,0.04974044647279146
ck_4df2fb8e4b649e27,0.006955187521816842
ck_5615c6bbdef05291,0.1229464032303018
ck_b62f3e3185251f71,0.0011915889590250765
ck_38d1a22850178f33,0.001995744240169761
ck_5b3ba20c8bb1383b,0.012624481860825995
ck_5576ffc6aaf6f22c,0.0008086129820515509
ck_cf7a022178165e56,0.0023619627798983013
ck_f2c7a4c50e2ede96,0.012975850188697801
ck_285719c77eadf915,0.0017169251525248007
ck_f2aa1b677619ab19,0.007295480485106705
ck_3830c58d841e9e69,0.5938854937776605
ck_32eba3510c8eac5e,0.008041034148809755
ck_8955d7b9030d5eb5,0.012002661655372369
ck_6775e387dace7525,0.026523529036556637
ck_0a0cd7f4be606a93,0.05045735784135018
ck_a9f700eee5d638df,0.003589549878761533
ck_3d7db96995745472,0.023991681967771426
ck_aeed557007d52e9c,0.0006324068864618181
ck_79b6a86830156b5a,0.019123332383923726
ck_6a1ff9d69466181c,0.9978494258043693
ck_f11b1565f986f5e3,0.01138028865122933
ck_4819327a78615485,0.001832565661466173
ck_3ed9e081959b2f5c,0.01278961725252141
ck_16af4be191c47d3d,0.00205839930741155
ck_25122cc0e8b1a662,0.11106588146448329
ck_509c22828d467ba3,0.04268716451686391
ck_31109c899336348d,0.1280932379445747
ck_c51131e53baa59c7,0.006753746862851479
ck_cf8ecabbc61d3e11,0.015350045689945635
ck_eb6baff0f85ba936,0.015202102508576924
ck_777669e2243204f2,0.7761185217513389
ck_ac0ea27e692acdc9,0.020453134213950366
ck_4c6ea04ce8ca9e2c,0.007351378731861025
ck_ca54b32fca7e94cd,0.007794009235150547
ck_4dfd8947f540eb24,0.0077616403257486435
ck_95aff1fe27fb24bb,0.015519249347869548
ck_c7550723b90e5615,0.00420654961823809
ck_57b3fee69bdf85e8,0.00379353925499873
ck_f823407ace7ff064,0.02853009580813633
ck_a69084a068bcc8aa,0.032196981308455816
ck_c7b17f7b24bef5d7,0.01178835478493127
ck_7c4e588f927c27c8,0.028016499750118058
ck_77fdac602d0c6f95,0.0633702726328358
ck_e963d8525018d072,0.013022276820979402
ck_6e8ebaea8f7bffaf,0.0009440625430570876
ck_aa42976a31cb7770,0.0038566257435784434
ck_22c862a496008c96,0.9955172975887783
ck_527550dd15f38782,0.016463458467538418
ck_b3ab3c210e2c7c19,0.033607796818939016
ck_ed9c56fdb9f45ddc,0.40764618782655676
ck_b53281da70defcfa,0.013001897981055737
ck_03009b721568ee98,0.01785229988694796
ck_3d9afd862b3f4053,0.5061523814129615
ck_ad3c4be96599554a,0.00910051289924569
ck_d1c787c27d50af49,0.03371007667366249
ck_c7a9c7b2eef46a99,0.004669852248496424
ck_53036d3c6c74446c,0.29646462864492523
ck_1b1efbd9c0964c8d,0.03630779329138149
ck_d66f42a269d5c1ed,0.023054439583455356
ck_fefc49a2b8ad993e,0.017237610808630267
ck_8b3b874249adece9,0.01986006533784583
ck_193d9c87ad3f1dad,0.0011860529477813234
ck_0c6a50d747593b7b,0.008995870283064337
ck_c830f3830875b47a,0.035710159519749984
ck_79e202f06d8dfe42,0.03363444740158965
ck_5c0fe988b8aa7fcb,0.1219637283019134
ck_a8382d8345f21e1e,0.002672020421594715
ck_8cb20053914692d0,0.05313750850277131
ck_1da2f69023ca4c13,0.0016168520901243964
ck_38abb60995114f8f,0.03488093822199323
ck_f5791fd8fd8fd191,0.015093833873950394
ck_a4e6fc391b674335,0.6806320585190068
ck_bd771efb4a7e15d0,0.006000645458182664
ck_38ba4a6b6a292054,0.04426501731294012
ck_f7a07283345a0dce,0.010373149146519437
ck_87dc484baaf5a23a,0.0011629527393123566
ck_c84ef83489badbfd,0.024499218530346
ck_a397cd64ec5d644b,0.00871793528120951
ck_7977135c2ff61e92,0.008822026927534556
ck_52174855b243a8b0,0.037302608161188064
ck_0f35e930d0614613,0.9857508325576608
ck_b170a7db522a0d6f,0.012079841455097813
ck_7af748a23775bd54,0.12014068433083261
ck_52f641c9ee6fda70,0.007251212658727406
ck_c3719a30414bbb4d,0.009298116322408869
ck_2baf214ad6bc0dbf,0.05092137370626174
ck_8b39d8aacfdd72b4,0.010730045926218675
ck_d39b0152116203be,0.019941574489375447
ck_ed33f8a937f9c7c8,0.009838880681816467
ck_8ef97b55a5fd6ec9,0.0027386640573065545
ck_8247f008a14bd1a2,0.0027087028789503195
ck_f0d349d68249d5db,0.001639799528490691
ck_a544e766540861fc,0.010585776318564753
ck_9dfaca4c7c80b10d,0.06364482222098419
ck_7e5401c362b2216a,0.00252152018191838
ck_64ff60c073fdb6db,0.021604313503007785
ck_fc5ea49518e5d637,0.00299305700802419
ck_580f136ced341298,0.001963712075285199
ck_9cbef9bc95449dca,0.008951560141945262
ck_e475a3b8ba870a7e,0.012221668363193893
ck_97e94708bcf43563,0.006388205073571354
ck_13f03ec785cbdae1,0.0016119241448707504
ck_152820d8817f478c,0.00807145550192117
ck_d20d4ba60eec9945,0.019852263685850288
ck_5c45968a805132e0,0.05275582166105591
ck_bebea2cf3063fb24,0.00892243811093247
ck_c3c69aefe7ea1d2f,0.01188001555551468
ck_02028b72f26fe855,0.012920923458231632
ck_dfadff70a58a9133,0.0020489332210785628
ck_6482ed4491bedcaf,0.0060535260170644116
ck_754cd7b4a5ae3f94,0.03241006886300831
ck_3132857aec8485bc,0.0008444945436461291
ck_7ce4ca91b8f9f1c1,0.008329494384903272
ck_41938582f4351772,0.024537788327610048
ck_f87d66946252476c,0.16742615917170292
ck_8053f1879a9b4e43,0.005539199663701954
ck_93892e91387f5103,0.022273346320559897
ck_15254db133b28371,0.04341841184098988
ck_d557b9feb241b3ec,0.0011009498233254973
ck_71c3a8e4c12c989f,0.00903759070937834
ck_80e3041811033443,0.025356162148996206
ck_3380d60067b4634b,0.0018953494281611786
ck_a9c2cdc758df8510,0.04822143638461012
ck_3c0031d7514da17b,0.02562373442091319
ck_18d214b1418be39d,0.005405211142123264
ck_7ce768407fd48321,0.02355742503074191
ck_7a50abd42298133b,0.0071415399168759715
ck_2db10f987d137582,0.05931276167256609
ck_e077d004cd1d80ae,0.0068125474332781785
ck_1cb6dc67f9a321b5,0.05141326033874281
ck_b864f64101149c35,0.21537304442117797
ck_9bedf54df9418e4a,0.004726601722330326
ck_c47e32c47f0e6578,0.1906044212880985
ck_71f382d5e338daa3,0.009081632532125437
ck_14b4bf7be6ac2b61,0.04623455463600862
ck_5c87eea1cc07cc92,0.034473469728795544
ck_5f445182829ef342,0.027558021999853785
ck_a5d7311291caaa54,0.004112915747112868
ck_b7df99aecef385e6,0.06451639906138897
ck_3327a0582407068b,0.019091068108096125
ck_08dba09fd7dab896,0.02838500028238819
ck_f4ec334be5266378,0.003399838704558028
ck_240f7f894c5a86e7,0.008620828699223848
ck_a9d994554fc14a02,0.0007781743704416089
ck_13648cbd306eee6d,0.016882328016037635
ck_601edf9105b3c321,0.9886803342953789
ck_9527adac182abe57,0.34377906134121033
ck_4e0e80f5cc271bf7,0.0023339231151617867
ck_96a89e720176b389,0.06487487699798969
ck_63560eec94b76d2f,0.017599311711384985
ck_c9c99e5b19aeced8,0.0012952070847419665
ck_bc32655ee5ed643e,0.016933429690201524
ck_edccb5a93b741744,0.008074561090057776
ck_f786cbc987b70930,0.0024512291670267376
ck_0e8f26536ccc8947,0.03631400793898732
ck_b87ef4b98cfcec4c,0.023078971549536684
ck_1a9235812de4b2c1,0.01873228422083127
ck_d1ed88ea4211ba4d,0.0033307347503910437
ck_a4ddac49657a4450,0.010663197932524748
ck_d9ffca35188e49d8,0.029786767540745794
ck_3db73bbe03c3d240,0.001504840941184758
ck_fffa0622344a36ab,0.0018355183453205306
ck_148c28df51bba5e9,0.9188006042277661
ck_076cbc25c8f15fc3,0.9492268843874225
ck_e5ca550b39ed45bf,0.49694714685390506
ck_8dacf3a2061ca17d,0.01708745454410367
ck_2d7394afd61643d0,0.004543812895837059
ck_e42206e91f6a1752,0.0022529989097949746
ck_2f4f94827984c426,0.001131880742957306
ck_edfe8e90e8f4366e,0.005530413157826751
ck_646b15f753e5e9c6,0.030672793467457545
ck_66600620149c8799,0.006192911613240211
ck_4ff6fc70bccfba96,0.6496103465197592
ck_41af3729590c2484,0.010787000451154934
ck_920a48ba8c583e96,0.003962669364687963
ck_0253b3e7be021306,0.0015009208169060307
ck_2ae6949246ea2648,0.014011306438529613
ck_db23a5100f338d72,0.012419343585199565
ck_fcb2a559474c3493,0.028196585972004765
ck_0a4d7acd2a53cbbd,0.006878637735499366
ck_c5d62b2b7a6f3bac,0.9727017161946077
ck_cf59f4fc0ea690b2,0.008288259071694557
ck_837be8126bb19250,0.0023675576987411597
ck_58955542edee1adc,0.0056071672231826205
ck_1b93381d8eea58d1,0.0073613264029941256
ck_97b8e05d62abdc14,0.019813073619019458
ck_71a0d645744302a3,0.009233615074418777
ck_a7b57882ab66b111,0.0013721038143501428
ck_65f76421be648549,0.008264869709812587
ck_b53ea8713d32ca7c,0.018104239863693875
ck_991c4c924a1d85ff,0.7556830905935572
ck_8432ccec1a4ec7fd,0.994612961720476
ck_64c1633297f43788,0.0027994928726822613
ck_4291fd9c1161d8e1,0.03001314114892888
ck_5e98ed6391d9f429,0.040118812140633064
ck_c7baebe4549fdbb4,0.049576514073710276
ck_6e67225ba59fa5ae,0.019672828919803383
ck_719602def4d35fe0,0.03268620511343946
ck_bdee7c86f5ebe81f,0.009919960898108
ck_8de38f8c7f91961f,0.04556207955638735
ck_b0b5bf9254700402,0.011562706134382941
ck_7b55d9bb1a250d4f,0.021883839556023812
ck_3954b7b0fd1d6614,0.0012794303384425635
ck_f29471fe7c818d6a,0.004681456017957976
ck_9e65a8a2f587691a,0.011383278028744611
ck_eaec5f1a83b66eb0,0.14088098420525302
ck_004fe0daecbe2c1a,0.010201780386766678
ck_d17653a4a2d4a79e,0.017589586956176448
ck_0dd417fcbf19e424,0.023160233117577204
ck_4c99a6eadea143e2,0.08576460341464433
ck_74d602c907ee9119,0.003110507136557758
ck_1aa87cb62acc0ac6,0.012668068943418341
ck_094974d75e29fb2f,0.0702397360866925
ck_5ef935ac3d4d3332,0.017317339478876103
ck_b26e4ae47c9107ed,0.18249182897071142
ck_396cea6f95186ad2,0.032470715040528945
ck_48446a9e8184c7d4,0.0016766638842687289
ck_31e1ede23247d56b,0.03407218351308415
ck_7afefa349b960a3e,0.014746381352852566
ck_f5e02a3432571b20,0.04556928638728739
ck_64eefec062592c43,0.009981543483942425
ck_a1201284122c141f,0.027301348006637246
ck_1b34c420a4c85a95,0.012033007069081674
ck_d637a011332ba67a,0.007810558653390848
ck_99c0004d8b7079f8,0.008435328832516076
ck_948517bad569b40f,0.07515753169070516
ck_a28d6b1601b472a6,0.019197219363151698
ck_a0b4209feb31f5c0,0.9978003842972527
ck_d6d2c1f6dfc455b6,0.34615104249026857
ck_3f9e6d356d3dd3cf,0.004102538613782765
ck_d08e00c842b75176,0.008267777795246971
ck_bfdd232a7c5f2660,0.026974796476341666
ck_2cdad03ed069438c,0.013887425135417013
ck_42317c3eabd0a285,0.6991623497035802
ck_3eb73e56751c704d,0.022559792981640035
ck_ef33c04f4c9e3758,0.03274744330872168
ck_1dc23dc870f1773d,0.01259526749148195
ck_76091f357974a152,0.010076470881014196
ck_4d9eb75e8eee90fd,0.05752992987008404
ck_578f67e69e5d2cfd,0.003022114090733827
ck_3a8ce1cc724229b8,0.0010348779754534945
ck_a96887f841e80fc1,0.02583290013829032
ck_d2d4a8f4a9f2c33f,0.011120743356244306
ck_11f85bc705dbe036,0.04781964268046679
ck_7429b3f87528e335,0.005424459906202972
ck_26df74feac7ec51d,0.035256830467201426
ck_c78b2638fadd91ab,0.02470406540881135
ck_7eaad325abe3b50c,0.0030092712939513103
ck_fd44e34af620e606,0.026931216958868947
ck_f99738dff854e25f,0.0034532144744108552
ck_1ffbce3a239bb264,0.00840856789180578
ck_96c7d52ba0a766ef,0.052815917023317754
ck_cb1c00c300af3f9e,0.015948577339316095
ck_ec3d12848ced99f2,0.009741900195264153
ck_26cfd7c3c6c7bf69,0.009464192005778506
ck_7ae86b5a885affc3,0.02881985197886165
ck_3edaa94d28cd48ea,0.008066146259364212
ck_3209c530c9812e39,0.0061217693970343065
ck_ea62ebfc1f04b49a,0.010175327823132387
ck_5fc90b4668ea81bf,0.025901324224474047
ck_95654593cdebd141,0.0034091300187350754
ck_958c0bd61820147f,0.04692748257451404
ck_8440ef1386c07194,0.00391272153178421
ck_8cd1b68dd74b1375,0.1261189905516971
ck_c9eb4df91ff07f2c,0.024128341024474937
ck_c29489366c01fe65,0.8668521342615538
ck_c965fd6bec0f0ecd,0.028932476752061977
ck_84c402b23766e1f2,0.012623904887225593
ck_181f3dae03b87136,0.04541219053764768
ck_022a8ae79eb28cf6,0.8971329916437423
ck_469c17407d17b706,0.021332062140847527
ck_1fcc5843f39148a9,0.004242144936488865
ck_5debd55f361b2ddf,0.00513690665777811
ck_28cb9b03e89263f1,0.0014851468728681702
ck_f067470743d3c7a2,0.02929881927837804
ck_d5d225ce41a1a762,0.022214284844612006
ck_15b4840922195ffd,0.012623147383853261
ck_6bcfa37c717f19f1,0.02261081218523557
ck_8d501a0386c66be8,0.08759275829658636
ck_1a9d6190c57ea7e2,0.3258163911762134
ck_c49832eabdac5bb7,0.001678510766087574
ck_b4331140b2e0d4aa,0.007946689961198895
ck_5efbea1befdefe1b,0.1488449289345746
ck_72ff52c4824072ce,0.020112206670389786
ck_ec3715add8bbb6e9,0.0021193668776084986
ck_9822f8ed05335741,0.019493474448640205
ck_c3d7d3d12a1981a3,0.003939286529946124
ck_a115a7919ac5875a,0.04328421109450161
ck_4dd4ed23e0b927b7,0.15337127335423012
ck_4c76efcc1ee6762d,0.01977386735466214
ck_3ad6e7bf452c9b21,0.010729606232658815
ck_dcbab304b55a42c7,0.009947990794278081
ck_24b53090faf722cf,0.008359393650513285
ck_187317383400491d,0.005177313198489767
ck_e07fd57565c94c28,0.05091316431652269
ck_740e760fdcd27835,0.0019127553473733277
ck_d3796aebda1cfed5,0.8821109541461227
ck_e541967c681cb929,0.019120838951727358
ck_431118050b834dcb,0.0014709307932110791
ck_90f3655f0c8a0074,0.002248889591534661
ck_13cd943777651aac,0.014754795691605701
ck_66accecabf3901c0,0.025024200670039302
ck_937f0da2306b2eb9,0.00776389866263689
ck_105b0c93573fd5b7,0.840765966373285
ck_00480407160e0743,0.0024822582042525513
ck_e032068be7b77d15,0.019273747479381622
ck_991b7dfd69098320,0.00201749619142913
ck_37d47cf0f34574a2,0.002343247529013784
ck_011551a596544f5d,0.005252874631668724
ck_9acd98f4fe2d474e,0.11922904346691668
ck_7c88d3d377bb61bb,0.024204502495216995
ck_e2374c7136c964fd,0.0776268124049281
ck_2fa8f2577116e9ca,0.038780533033624665
ck_d07c5b0321c685ea,0.20841768345468809
ck_bc736114a31088a7,0.010517279241650296
ck_32bb42f9bff197f8,0.00849395883845962
ck_66267bbad1f1415f,0.9857899819110518
ck_19988702ccd79201,0.011647061207584096
ck_f473a03fbcdbc4b0,0.00957070106341294
ck_e3f1d85fa5d49396,0.006408599509332034
ck_c4402ea6291df271,0.02223194285680174
ck_243bd5ca8c4ae5d0,0.006712368883565684
ck_f271e855925e8d6b,0.21623484787411296
ck_e424148c6f2223df,0.006313013266550983
ck_e4d0a9e1102a58b5,0.004809398289148099
ck_91c2a5fe69b9b1d1,0.012581931249614361
ck_5fd8924732fe403e,0.17373876545177486
ck_9a881d5433126ada,0.005149128128030642
ck_73cab88b29c7845d,0.01699033274906298
ck_5b5dea6476d4e182,0.014607616843215208
ck_ccccb17d2ca6ce94,0.07917627762638088
ck_cd1dc68e441222b1,0.8876644591803106
ck_8312c49b1431a406,0.013196350262677311
ck_25fea39897f2a559,0.015194466689324716
ck_f56200205280bddf,0.02858748510684324
ck_7336611650dcc088,0.0031375900796146404
ck_590716322ff147ae,0.03162941281094048
ck_c82364d87875a1a1,0.020963197719899997
ck_fa4b60387d744fc5,0.002475996318559117
ck_d841eba8906e9a15,0.0034791044369078643
ck_d6df562a79b9d0d9,0.010788095371577263
ck_59a14d2564193101,0.0039336975370991385
ck_8530158e3d7f59e7,0.005504151626407804
ck_ac68d707006c12a8,0.011174807183809293
ck_976fac1bb3dd8c58,0.025123534974891615
ck_f854fba8f4adae3d,0.07925466525358907
ck_b98e9c3ec6e7d1e7,0.007137233392104892
ck_803c0b4cf9d4bc1d,0.024806920041072347
ck_76997a33c3ea5107,0.001185944598680338
ck_f1a9d832b700bda1,0.9450629099317123
ck_2bd96ddb8c323d63,0.9859298029684773
ck_9e5b7acf51b1b743,0.015926381960234954
ck_09169f22194fd6aa,0.024313430431404808
ck_6d69e092f9b0848b,0.01751201707960295
ck_9f83fa5a2d3b9049,0.013865107832873844
ck_57bbb19eecb4b87c,0.003403080567680408
ck_e0e9cfabb979f428,0.00529879923703758
ck_b1ff9edc51d42f97,0.0056884354086550026
ck_4682fad271d47eb0,0.9311523709974867
ck_ab33fb754c818ae3,0.0398690439473324
ck_b456f62b80e21557,0.0011757045331385594
ck_16340be3f2a7fffd,0.0028193854278353377
ck_ce66831f6611014c,0.012898129871061176
ck_4610a073bb54d1b1,0.021056709562073464
ck_fd038a7d33a9d6e5,0.0034430404565607047
ck_c8198cb4c461304f,0.01605184280887022
ck_1e7de58822000dea,0.0025248901610384496
ck_b2a79dd3df560f14,0.07462329336653728
ck_74a06f347b32347f,0.012059586412460062
ck_c6fdb2972417c9bd,0.014559296443628304
ck_d7607a213b800bfb,0.05901598717160935
ck_df65967b8b40319c,0.0007629591764215335
ck_329a73dbd585ee09,0.005551414608659322
ck_74991a9e85c3b07d,0.011934062741935378
ck_bb76609b79e0bc9f,0.019302126069831553
ck_f7fc1bd0b9ab1fa4,0.011762712920835094
ck_d111c98b36bdb791,0.0033944504467159965
ck_f07e27d125497b66,0.015917180917738007
ck_093e3a7134e11d6b,0.006711662083257805
ck_862c7953bdea48b0,0.007424115802322364
ck_392cf2cdd515c34d,0.005772822594103581
ck_80eb91b0b4001084,0.042054064552235385
ck_5923f53b77193a58,0.08342851792297
ck_8049f5fce32be185,0.6633785331970572
ck_ebc5a2c6cf88e252,0.027522359023977837
ck_9ea5872f14cce338,0.018852389369099838
ck_f7fbc95ebf584379,0.003961516811115522
ck_bafe82c870356706,0.9650704466883874
ck_278b36c5932d9bff,0.004339301872874532
ck_6a892dd5d05c1649,0.009206538419206479
ck_0734fd90b2cabd43,0.012634162341804428
ck_9b552204498b6762,0.013304082598762222
ck_f6c909c205767956,0.026383053428307886
ck_32f590e87bc3d715,0.0004270771936903514
ck_66a8325f28be7562,0.002518580145390958
ck_b129261da9c3c3c9,0.007518011395208411
ck_a524071c51ddde20,0.00757419844292292
ck_ba576d6d4cb6130b,0.18829023965143069
ck_8d8226520722af78,0.03278168700555785
ck_c5b0f0d4f1655a20,0.022595300905975762
ck_61814ae9b6d8eab1,0.005473064934533473
ck_382ebf136f7fa337,0.3188900503626353
ck_423ff4ede6a9f066,0.013162384591272797
ck_546ad962d04b7de4,0.8909804031059225
ck_9473ea4a01c95f9a,0.04023244025294183
ck_9eb1da8cd35a50ce,0.007680149820586152
ck_de5eaa2cdbcb67ff,0.1067957468852411
ck_537cc97d0398c922,0.09590755762738581
ck_998475a2e4dfad4e,0.008471058653353212
ck_e62eb708d2688fae,0.010137093999384346
ck_ea623358f704daa7,0.1421616564710388
ck_b911a09f328dfd4b,0.005158849563457487
ck_4b3506b624e5193c,0.02839638445611437
ck_448456f96788713b,0.02717946789659799
ck_5d5ef9e75f65d076,0.027680028334410064
ck_3b74512f774a6e5a,0.007741456083176037
ck_a032e8ac1507c6df,0.594458384963471
ck_7e2d6b22a0ae20c2,0.021060699721485242
ck_d80283209c963f11,0.01266963175235861
ck_d1157eade2ac3975,0.023034077737162914
ck_be48f583f79427f7,0.02910262141485659
ck_0027b5d4107d65d8,0.046868592763138955
ck_94fff69584dd3b2a,0.023720089633526346
ck_75fcda73f0b43557,0.009377131498584225
ck_a1c78972e4ee4082,0.029989077839292756
ck_f0982bbdbd122f91,0.007310219145780871
ck_3199b471575aeb3a,0.006463710035465401
ck_7fa947a0b1c1cf74,0.06871829030350192
ck_a60c618b7f0e4252,0.005060601832176741
ck_722ac47c8ac9b6c3,0.17990859538425719
ck_d44dc3839a195c8a,0.07622083905370178
ck_a2c3e82fab520483,0.007038347378068629
ck_6f8ae0319c07cafe,0.0028202246998268645
ck_49886ff1e2c759d6,0.01612729325525513
ck_150a1108f936e6b0,0.0068317606986263366
ck_e21f9f96f597695b,0.01676481758023432
ck_7297bff2b7fdcbc8,0.000837086481910235
ck_ee949c71f4f702eb,0.981408248664318
ck_6fc37dea4b4f35c6,0.12031973472535723
ck_e76257caa98dc25d,0.9790610719301684
ck_828eef2334e17b3a,0.01166589430948877
ck_604e1b8a8c693aa7,0.004510534508016413
ck_7743c9fe037d1f9e,0.041035902483255296
ck_864a11202e19e812,0.07594919903273986
ck_4ec040b9e3785e4a,0.0015774629208823348
ck_7346e4f820d9c00a,0.8851552018631982
ck_48d4d63beb26b623,0.00881133424933219
ck_c423aa6de3ed1e01,0.0017274947392078163
ck_d74b2ead8aaa3f73,0.03579718618590172
ck_1dd69a11daa7bf1a,0.023704320271552302
ck_d9143e236eef177f,0.049850992760148066
ck_f790d91e5ff0eccd,0.22186099345012947
ck_69b5620e00ef5dec,0.0016955675138994898
ck_cd32e58e8a1c0e85,0.013104175514147675
ck_064013b0957d87a5,0.9948559435577237
ck_a481385c2e60dc4a,0.007342875695554871
ck_d72035cb29db3aa4,0.034001775812703965
ck_3759939a0205306d,0.021502505202575413
ck_f437a53fc832ec95,0.8353828179309739
ck_260ef2f3e6434819,0.035610635935197046
ck_35e411b05d22f663,0.0261774949485054
ck_8bf46e472f3e20de,0.12740624935252745
ck_d546994fc5d3e9d1,0.013977516281311084
ck_6ff0fc7487e737e7,0.16397164279203147
ck_5c67f27816ae0b6f,0.010778223508451399
ck_c5517923458106ae,0.005577425692792359
ck_d9735647a6b0b0a7,0.4791296848849
ck_541a734fc457246f,0.05242493640872793
ck_2f6a639468f41043,0.0030479086024097716
ck_bea2cf7a6b7bb900,0.012722576645222708
ck_7eebd0e6ad6c070e,0.007819437798496705
ck_b64c87d5e3b10e6a,0.8258968625410169
ck_9dd7daacb7833233,0.010844438792417309
ck_396e9ea9a6c6d7d9,0.015113449058240174
ck_1645e6cc53fa99ff,0.01677630470997523
ck_ea2a83ccb8d57490,0.003966432827574868
ck_e64f0df63e1be595,0.06381740260833733
ck_fa0b234481cb57d3,0.03329012336502374
ck_63379e3c9fe6f711,0.012190310817437142
ck_c67f7944896a0310,0.06830298772522884
ck_c10e54c9db29e6ef,0.9945478583503375
ck_7184ad7709ae4c80,0.02074768214332781
ck_f8b6069d7577fde6,0.004614729258543942
ck_18444be153bac1ca,0.8987984854631477
ck_d0982b4e0e118e4d,0.031049178389234728
ck_6faf3e6820398866,0.011030102335206373
ck_97e980463aca4644,0.005917139164251096
ck_630c835243c66b19,0.9771062961274141
ck_fe429ba3e1aa0e4f,0.011109956559093056
ck_1058129ed7b48c59,0.016098919179503794
ck_04a1a46f07885296,0.019223786673284636
ck_f01e94331067edf6,0.007930604169256996
ck_77b2fb17c29f5e72,0.019086272991403752
ck_4f0c5857da45fb28,0.09676027952850974
ck_2cfb9a7775e8a5bc,0.9558860494769835
ck_6846100e43659bf3,0.0024981187702205233
ck_f89719a854fe11d7,0.007907734413337832
ck_bf47375e41ca3bc0,0.0035675041859388797
ck_2770b0400a7bef08,0.05865714997540248
ck_2a09d142de1c77ff,0.013398957511988652
ck_857a1f5547b9ad68,0.025197865029873256
ck_185f15b1523bbcf4,0.00404553874963484
ck_ab2aed614ec1cdf8,0.04174305957909166
ck_a9e7f3b2d5dfd97b,0.00875726819354096
ck_0eeb3d9b3e697edb,0.030307835691850128
ck_fa5830d81bc8ddc1,0.003574697975757128
ck_231ae0329ebc3220,0.005460301970609078
ck_1587763dd54688c9,0.0026180848108927333
ck_9f85fea4490c00cf,0.019467415939613916
ck_a2d709e7eb91e4af,0.03756826814302322
ck_43637d28c7216453,0.0031600718040031674
ck_f3ab5dd853d38252,0.04118252945590148
ck_4a1f0172d3bf4fd3,0.011233951870115772
ck_517620ca16505af0,0.005214871661517493
ck_9ae904fbef56065c,0.0032398891586468853
ck_d5ef1f6e34bb35b8,0.05626661567259641
ck_ff42557857ae3aeb,0.0009110710286706497
ck_ad9a18f58589faa7,0.0070784319826917705
ck_df1a6edaa3e6b271,0.005734013057506399
ck_99021fe7225b5a68,0.10297677397195171
ck_99e52c3c2530b69e,0.9698873804243158
ck_3a4811dc4a1a891d,0.0064567924373497365
ck_ba3a6be026c87079,0.010499071135108328
ck_da6d1e5cf6aba6fd,0.013683070661463216
ck_ddc7c1f3d45fe6e6,0.014902332726600714
ck_e1b1e7a7e4a15b3e,0.006920467464360491
ck_8288f7f226e08b89,0.009783854458310124
ck_c4524993ec31dbe5,0.0026133194380473846
ck_8b19bb5b23b6741c,0.04754686258930561
ck_d21b38231a8a9f4a,0.12473140106826097
ck_3f730318a9792292,0.012081719021740843
ck_a4db6e94a8f77f9d,0.06285462693032226
ck_a8cac8d480306839,0.0014448798255338445
ck_5472214011fbc2a7,0.002563351964528797
ck_7356f47dbbbe7904,0.005554709892592429
ck_16801e628e883d78,0.00648868339645123
ck_0dc1e536231c4860,0.008305233943257773
ck_7cd0634a6e60af83,0.02030456354022592
ck_ef6f8e048ae1bd4b,0.011510957868077641
ck_82f3f744209888ac,0.024346420802164898
ck_f33188c232a03526,0.1277737465694859
ck_4a59f4e10bf45d7f,0.002542243804592358
ck_d96c893721385e4e,0.0016675323670337033
ck_f65ab819373edb37,0.022431673770145856
ck_21cac21fc10b7768,0.01085475442370517
ck_139b54e6ccbdd7da,0.0327703249482222
ck_d6f5c8741697abb3,0.010676722636385607
ck_a28d9bb5590d458f,0.07040708479537032
ck_ed26d906883bea0a,0.00838249960884341
ck_227602ad072b838b,0.0008606664446384523
ck_39d5f6c17c745ab1,0.001595775490146913
ck_744eade757ba69b5,0.02975660796028488
ck_c1295d97cdf35ec2,0.006664637753442275
ck_69105f881da3c821,0.013299913459900102
ck_933789b55361d7c1,0.8240984668072665
ck_b667952253503174,0.003150860026341697
ck_7bf668e25abeeb05,0.0029061827508703375
ck_91742711dfdffd56,0.010328135428660215
ck_af32a0660090dd68,0.016779783856421777
ck_2122f201e65f76ee,0.00696919360057381
ck_f48acb73a5d6af07,0.031218589455248233
ck_337c5684510cf432,0.08498334359651856
ck_f7bde7265053364d,0.010152610725622417
ck_c190c7b924edba75,0.11396149527598448
ck_044fa3b3a003f0b5,0.018074517863055126
ck_87eb43e3b9d96169,0.12156995006236655
ck_2d3d6c9364362017,0.0010221647402700797
ck_ac55dc6cbcdf8228,0.012767300506009235
ck_61d7b0568ec5d6cf,0.0377907555902832
ck_89c74feeaffa7d09,0.004634251758729129
ck_93776b0c113f41f0,0.05569761760983868
ck_15e0b679931f7a8d,0.009627800515752993
ck_77b56c49cfdb1d81,0.08585748721623948
ck_73188a826b5f499f,0.009130903063002103
ck_4f463ef25325ddfa,0.5007958413603814
ck_863db2e394dc47d1,0.9745769764381961
ck_d52432ed597f3cc9,0.003690574541255747
ck_04fb61e5739642f8,0.13793027232398897
ck_2e481d75d110c06d,0.06352454607565339
ck_3fa1a523d77cd619,0.008447010443512818
ck_466dc6274fecd708,0.005961269640242268
ck_e1790b3aa2241b10,0.8035100745177312
ck_84ad096a46e1a960,0.05141395975241227
ck_3be72c9c178fa00d,0.014209521833865101
ck_5a17c89219d1d9fe,0.019918042133968042
ck_4f639f4ee6ce8d9e,0.053449637474410894
ck_f4ec4a935e51b4db,0.01925664778645323
ck_f04040a830f92bac,0.01508222258810461
ck_3e4d02a04be2aaf8,0.017887071580492492
ck_4d1baef193cfb900,0.031517536044349426
ck_0fb3153d37626b75,0.0010502188717990007
ck_88ec57a11b11f702,0.8420121777690671
ck_dca9dc465f759db4,0.006277019702913933
ck_64f5fba6af67e024,0.011097454424091826
ck_896096cb167254ef,0.05240791794772073
ck_7878679065876b98,0.026021327881603842
ck_fe8e5a6c880ceb4e,0.0085607609113125
ck_a5e036327d3d1862,0.0014494490715727042
ck_310f73940fc4cf4f,0.029601792901660366
ck_46a8db16ad00b749,0.027637441367902724
ck_0d33977c3de8cfaf,0.994463288026801
ck_c6fff412f531db0f,0.0010319682042720002
ck_bac6dadf428eaea9,0.025122467830836773
ck_1b96d9af0d7da2d5,0.003769712025031723
ck_fa8a4a9e77799fcc,0.0030105507183732657
ck_0bf48607a874b4d1,0.001549765481334049
ck_eeb75f8a6439f65e,0.04316917261294988
ck_a209a5f7d172125e,0.011902645216904494
ck_8f346b72fb40bf14,0.003657259867617128
ck_bccbf9fef367f00f,0.0250548012109314
ck_2d1548f1ee405cc9,0.014576226093410135
ck_e8298ff2dc1e9d50,0.0036733969336410228
ck_77c0fb524edb4a94,0.003828900421206822
ck_28ac4c5134cb8e77,0.030528401153393274
ck_db23a0e3e54be60c,0.5094529839197282
ck_a059d00cee5cee99,0.0031044091404573556
ck_3e9e3bba8bd363af,0.002956677430912293
ck_0428728df24cdab4,0.004141457357142974
ck_88cd35378075c84f,0.0007240374201424241
ck_0174d76398d9dc0f,0.06646659057681144
ck_3f1287e6c27de0dc,0.014022691183210218
ck_ff822700f3605e06,0.9970932664527301
ck_4563227b2038ae07,0.22600521847755334
ck_788e78065526ee19,0.034853147920518676
ck_8a16eb584093b12f,0.0013685116080805792
ck_cc276f71ab6c08fd,0.05245278632287272
ck_d61d97b21002f3e9,0.030490627956563467
ck_4b2e87d86a5e415c,0.040478462564342184
ck_3e6f35e4500d2f2a,0.0017617936712037447
ck_3acdb083e0d8ad61,0.0026750144026818357
ck_cd655202db489010,0.0030139674460433266
ck_829cbf5ccda481ae,0.006130088904460944
ck_f5882e6f98b8b4cd,0.0011419745413950408
ck_767947540b234add,0.017658260639465646
ck_a6e8e8f535b1f1d1,0.027294261772256464
ck_58412a2674fea506,0.04651494362689022
ck_fae7e518a585fa61,0.032742135064523566
ck_9c60ae6958d68dbd,0.300115276720326
ck_328696b8f5e54ec6,0.10095721084880735
ck_7df3f8f4f1068d62,0.0047550921365202645
ck_cfadd21458230ef7,0.01794695686105565
ck_7048bedd554c703b,0.0024071107649978572
ck_50422466f145bfd7,0.002973090229354233
ck_61e1f7168cd9ff25,0.04392514867893062
ck_733aff0f56f5b3c9,0.02177163382160091
ck_e14892e424180549,0.0034595214336784587
ck_03f6664a96de7d0f,0.021440894875662905
ck_b7f4baa2cc82fe61,0.0056228422322338965
ck_1e51199a075ca0fa,0.004598703160731757
ck_0e70516fa07cfb17,0.8265100863240944
ck_0f37c554a5057801,0.8667988667615909
ck_5576b725de38d106,0.014317240292938339
ck_82f360df1e9f4eb8,0.083745852159737
ck_395f3bd4aacd7ca6,0.022259090409251246
ck_5e8e857b63966609,0.4063055169228337
ck_93470896f0804b6b,0.9091425738746192
ck_3be854e42e76569a,0.003528882523456376
ck_0567302c57a2417e,0.07554605985895349
ck_ee535461b5f05539,0.30136728880374936
ck_94a096c36162a153,0.013004247069752284
ck_dfc8f5c141fd7c63,0.009298555560042554
ck_98b34f2d704c1c2a,0.020641974251205165
ck_96dff7a09d45f116,0.04645328747091974
ck_79557434c129ba52,0.005151617581241381
ck_4596624a7c01d501,0.02351381749065956
ck_04e89fbd739243fa,0.0018675676910349694
ck_6149ffaf18872dc8,0.0019914868706221683
ck_cd78f0832a09bd8f,0.32010446144568555
ck_7e29c10d781c3b41,0.010015348367020133
ck_1f7ee7b23fc6f2f4,0.008155395947295228
ck_c49b685d2b3ab89a,0.0038114945663659068
ck_84569a8fc50e73ac,0.022163127874577027
ck_b92b11d205af91eb,0.001183202010969127
ck_06280e6d6d2485b0,0.009086843298041753
ck_3c08546dd0c92863,0.01562069195672347
ck_99d3983f907828bf,0.005092047695945109
ck_eccfd552aa652d3c,0.011661773557806237
ck_0cff8153881875ba,0.030658784036212604
ck_c1aebbeca6ab5ff9,0.007615791258494466
ck_538fdbbb3c2bcbbb,0.049182707917374044
ck_8c0210322733c718,0.011957464586940855
ck_0b0c93039f987abc,0.012978982686961368
ck_6d07d6d1bd227d37,0.0978106058905081
ck_9b6ee35e8cd0b11c,0.002361461498793191
ck_d838491d3d4f5ecf,0.005808097042926107
ck_0593ae243a9ebee9,0.017833227243248928
ck_ef261fc09be8eb0b,0.004785610716414166
ck_d0935b571a4a3868,0.01054480270617495
ck_97d04a67a104af39,0.053979889441039854
ck_e25f70d0b7229420,0.009925874306408289
ck_9b71274ff83de482,0.9743109605753659
ck_6de2aa2bb60978d3,0.0282183491720552
ck_eda55c8fb47593d7,0.008291958786009754
ck_924e572517515f19,0.25338166645845783
ck_d6f27eacbad310f4,0.006842283966224303
ck_8550f229b5eb03ab,0.0042035790337479565
ck_e3e95546a84d0ed8,0.029545144812325445
ck_3135c019696ee6af,0.9365653201348545
ck_41ba315d8fccb559,0.0044322884537360595
ck_72b86e4485da2d0f,0.9594959565941016
ck_daaa995f3c2f0e47,0.027569703413980733
ck_053746067839696b,0.018168262177320614
ck_a15fe7d0f4b65c33,0.582529183498714
ck_15de11438732bb05,0.005641946843011508
ck_2c4d25acbe3fabd9,0.00899730665462289
ck_7f08078908599bd2,0.04172633269747128
ck_e794741742fb2619,0.014036644974715146
ck_238e53b6dee8c301,0.004640579126794022
ck_53a6a33060d5c8b8,0.008671065282590996
ck_0e0919292ad33472,0.5455952336019074
ck_d86ccf148c06c8c8,0.03862164192863978
ck_c881f26c9bf9ae42,0.4144633135994299
ck_4b0947bf94e9d847,0.025009895541467375
ck_e10ff5c38bd18470,0.017381002908564577
ck_b60de9e97aad9e45,0.7667807617966225
ck_190bc849e5ff5401,0.03111590372285989
ck_e7be077aa0b2632c,0.003234397257329292
ck_a51abde881ebeff3,0.023648877316561488
ck_2208392a9f6bd249,0.02441987364671444
ck_0259da8f109017e9,0.003957312048034257
ck_05e01ab9c95449da,0.032774077356145404
ck_c82897ebffb6ae66,0.007321763904496403
ck_b4a6bb4689cd7cfa,0.008266747728579792
ck_9e21ea33018ce538,0.014623902989938733
ck_caa348f0e65db062,0.9742549742470121
ck_a964e6b5d8415334,0.46368085592583996
ck_510bfbbee37ff436,0.014335034293656889
ck_9741a82faf5c7889,0.019602620458702785
ck_e7f61b4a39ba98ac,0.0014176775115735535
ck_069d158665a53909,0.01248469821453227
ck_6426427efe3228af,0.03215646709261339
ck_ab4a8d02ec3c0fd7,0.0008948917344563989
ck_aefa0d8d933e0eca,0.03958791627040749
ck_232325ef6bce92f1,0.011604720516035737
ck_14e58c3fb26a2b4d,0.02041495810315349
ck_06e73afdec26aecc,0.1409981246407489
ck_3168f4f2778d64e1,0.008185453915744021
ck_ff3998d6858daa21,0.000937727193913618
ck_bccff46fb0868454,0.19262730219677596
ck_c7d444d90fa86d7c,0.5558861625996224
ck_f0bc3bdee6bfbb94,0.023895417050871174
ck_f7112818a6d81422,0.070555535993111
ck_aca35dbcb835ad02,0.027870297982489346
ck_f637fabf0f60528f,0.013858064507826706
ck_53d17ab97de1ac3e,0.00598243436991445
ck_c8c1bf16d9113493,0.046199473344194567
ck_e842fb0cf055a83b,0.0730346706106021
ck_93c0cb3dac4891fe,0.011146341367466938
ck_0c1f088e17e46daf,0.02475583748085398
ck_8f4b384955bf57c9,0.0030639601999119946
ck_09cd5c4df1e81ac2,0.05951168848132321
ck_1e832a5b2342554f,0.043228545832655514
ck_2cb763a881aee27f,0.003859593255305472
ck_5875828b11406398,0.017263691175124652
ck_48e84b0cb0b90fa7,0.02132853737496602
ck_833688de8629c5c0,0.0014765863764596315
ck_117d78ccd5820f36,0.013306429269332629
ck_668ec61c4c39cae3,0.0015248340632448372
ck_73a7794b659d7a34,0.003243159698411008
ck_10f90d879209734f,0.006546419085707178
ck_d1d079913aa158bf,0.007692838162286546
ck_01c631b38e8a9535,0.007329872473452656
ck_f6923088c17a04e2,0.05287812260708143
ck_b447badc9138987d,0.0010339274955019277
ck_8b772caed8f1541c,0.006272714987531789
ck_5403c76fe68a08ba,0.50329644156029
ck_3e6833574edf1736,0.017649071030680846
ck_e527fbb9450a4581,0.8054036032905921
ck_cc90e219f1ebf390,0.0024974205565958946
